id,timestamp,date,time,open,high,low,close,volume,spread
,2025-11-04 00:00:00,,,1.1518083810806274,1.1519410610198975,1.1508804559707642,1.151145339012146,0,
,2025-11-04 01:00:00,,,1.151012897491455,1.1512778997421265,1.15035080909729,1.1512778997421265,0,
,2025-11-04 02:00:00,,,1.1512778997421265,1.151410460472107,1.1508804559707642,1.151410460472107,0,
,2025-11-04 03:00:00,,,1.151543140411377,1.1520737409591675,1.151410460472107,1.1516757011413574,0,
,2025-11-04 04:00:00,,,1.1516757011413574,1.1520737409591675,1.1512778997421265,1.1512778997421265,0,
,2025-11-04 05:00:00,,,1.1512778997421265,1.1516757011413574,1.151145339012146,1.151543140411377,0,
,2025-11-04 06:00:00,,,1.151543140411377,1.1528706550598145,1.151543140411377,1.1526048183441162,0,
,2025-11-04 07:00:00,,,1.1527377367019653,1.1535356044769287,1.1526048183441162,1.1530035734176636,0,
,2025-11-04 08:00:00,,,1.1531364917755127,1.1531364917755127,1.1516757011413574,1.1516757011413574,0,
,2025-11-04 09:00:00,,,1.1516757011413574,1.1520737409591675,1.15035080909729,1.150483250617981,0,
,2025-11-04 10:00:00,,,1.150483250617981,1.1512778997421265,1.150483250617981,1.1507480144500732,0,
,2025-11-04 11:00:00,,,1.1508804559707642,1.1508804559707642,1.1492931842803955,1.1492931842803955,0,
,2025-11-04 12:00:00,,,1.1494252681732178,1.1495574712753296,1.1481056213378906,1.1492931842803955,0,
,2025-11-04 13:00:00,,,1.1491611003875732,1.1499539613723755,1.1491611003875732,1.1495574712753296,0,
,2025-11-04 14:00:00,,,1.1495574712753296,1.1498217582702637,1.1477103233337402,1.1485011577606201,0,
,2025-11-04 15:00:00,,,1.148369312286377,1.1495574712753296,1.1478420495986938,1.1495574712753296,0,
,2025-11-04 16:00:00,,,1.1495574712753296,1.1498217582702637,1.1491611003875732,1.1492931842803955,0,
,2025-11-04 17:00:00,,,1.1492931842803955,1.1492931842803955,1.1487650871276855,1.1487650871276855,0,
,2025-11-04 18:00:00,,,1.1486331224441528,1.1490291357040405,1.1485011577606201,1.1487650871276855,0,
,2025-11-04 19:00:00,,,1.1487650871276855,1.1490291357040405,1.1482374668121338,1.1482374668121338,0,
,2025-11-04 20:00:00,,,1.1481056213378906,1.1486331224441528,1.1478420495986938,1.148369312286377,0,
,2025-11-04 21:00:00,,,1.148369312286377,1.1486331224441528,1.1482374668121338,1.1486331224441528,0,
,2025-11-04 22:00:00,,,1.1482374668121338,1.1491611003875732,1.1478420495986938,1.1486331224441528,0,
,2025-11-04 23:00:00,,,1.1487650871276855,1.1488970518112183,1.1486331224441528,1.1487650871276855,0,
,2025-11-05 00:00:00,,,1.1488970518112183,1.1488970518112183,1.148369312286377,1.1487650871276855,0,
,2025-11-05 01:00:00,,,1.1487650871276855,1.1500862836837769,1.148369312286377,1.1492931842803955,0,
,2025-11-05 02:00:00,,,1.1494252681732178,1.1495574712753296,1.1488970518112183,1.1491611003875732,0,
,2025-11-05 03:00:00,,,1.1492931842803955,1.1495574712753296,1.1488970518112183,1.1491611003875732,0,
,2025-11-05 04:00:00,,,1.1491611003875732,1.1494252681732178,1.1491611003875732,1.1494252681732178,0,
,2025-11-05 05:00:00,,,1.1494252681732178,1.1496896743774414,1.1492931842803955,1.1495574712753296,0,
,2025-11-05 06:00:00,,,1.1494252681732178,1.1496896743774414,1.1490291357040405,1.1490291357040405,0,
,2025-11-05 07:00:00,,,1.1490291357040405,1.1494252681732178,1.1487650871276855,1.1490291357040405,0,
,2025-11-05 08:00:00,,,1.1490291357040405,1.1499539613723755,1.1490291357040405,1.1491611003875732,0,
,2025-11-05 09:00:00,,,1.1490291357040405,1.1495574712753296,1.1486331224441528,1.1487650871276855,0,
,2025-11-05 10:00:00,,,1.1487650871276855,1.1487650871276855,1.1479737758636475,1.1486331224441528,0,
,2025-11-05 11:00:00,,,1.1487650871276855,1.1492931842803955,1.1482374668121338,1.1491611003875732,0,
,2025-11-05 12:00:00,,,1.1492931842803955,1.1495574712753296,1.1490291357040405,1.1494252681732178,0,
,2025-11-05 13:00:00,,,1.1492931842803955,1.1496896743774414,1.1477103233337402,1.1477103233337402,0,
,2025-11-05 14:00:00,,,1.1479737758636475,1.1495574712753296,1.147315263748169,1.1490291357040405,0,
,2025-11-05 15:00:00,,,1.1477103233337402,1.1490291357040405,1.1475785970687866,1.1482374668121338,0,
,2025-11-05 16:00:00,,,1.1482374668121338,1.1488970518112183,1.147446870803833,1.1487650871276855,0,
,2025-11-05 17:00:00,,,1.1486331224441528,1.1488970518112183,1.1481056213378906,1.148369312286377,0,
,2025-11-05 18:00:00,,,1.148369312286377,1.1486331224441528,1.1482374668121338,1.1485011577606201,0,
,2025-11-05 19:00:00,,,1.1486331224441528,1.1490291357040405,1.148369312286377,1.1488970518112183,0,
,2025-11-05 20:00:00,,,1.1490291357040405,1.1495574712753296,1.1490291357040405,1.1491611003875732,0,
,2025-11-05 21:00:00,,,1.1491611003875732,1.1498217582702637,1.1490291357040405,1.1498217582702637,0,
,2025-11-05 22:00:00,,,1.1496896743774414,1.1496896743774414,1.1492931842803955,1.1495574712753296,0,
,2025-11-05 23:00:00,,,1.1495574712753296,1.1499539613723755,1.1494252681732178,1.1499539613723755,0,
,2025-11-06 00:00:00,,,1.1498217582702637,1.150483250617981,1.1496896743774414,1.150483250617981,0,
,2025-11-06 01:00:00,,,1.150483250617981,1.151145339012146,1.150483250617981,1.151012897491455,0,
,2025-11-06 02:00:00,,,1.151012897491455,1.151145339012146,1.1506155729293823,1.1508804559707642,0,
,2025-11-06 03:00:00,,,1.1508804559707642,1.151145339012146,1.1507480144500732,1.151012897491455,0,
,2025-11-06 04:00:00,,,1.151012897491455,1.151145339012146,1.1507480144500732,1.151012897491455,0,
,2025-11-06 05:00:00,,,1.1508804559707642,1.151410460472107,1.1507480144500732,1.151410460472107,0,
,2025-11-06 06:00:00,,,1.151145339012146,1.1516757011413574,1.1508804559707642,1.151012897491455,0,
,2025-11-06 07:00:00,,,1.151012897491455,1.1516757011413574,1.151012897491455,1.151145339012146,0,
,2025-11-06 08:00:00,,,1.1512778997421265,1.1526048183441162,1.151012897491455,1.1524720191955566,0,
,2025-11-06 09:00:00,,,1.152339220046997,1.1526048183441162,1.151543140411377,1.1516757011413574,0,
,2025-11-06 10:00:00,,,1.151543140411377,1.1520737409591675,1.151410460472107,1.151410460472107,0,
,2025-11-06 11:00:00,,,1.151410460472107,1.152339220046997,1.151410460472107,1.152339220046997,0,
,2025-11-06 12:00:00,,,1.1520737409591675,1.1535356044769287,1.1518083810806274,1.15340256690979,0,
,2025-11-06 13:00:00,,,1.1532695293426514,1.1547343730926514,1.1532695293426514,1.1539349555969238,0,
,2025-11-06 14:00:00,,,1.1538017988204956,1.154068112373352,1.1524720191955566,1.1524720191955566,0,
,2025-11-06 15:00:00,,,1.152339220046997,1.1544678211212158,1.152339220046997,1.154334545135498,0,
,2025-11-06 16:00:00,,,1.1542012691497803,1.1544678211212158,1.1535356044769287,1.154068112373352,0,
,2025-11-06 17:00:00,,,1.154068112373352,1.1546010971069336,1.1535356044769287,1.154334545135498,0,
,2025-11-06 18:00:00,,,1.154334545135498,1.155401587486267,1.154334545135498,1.155001163482666,0,
,2025-11-06 19:00:00,,,1.155001163482666,1.1555349826812744,1.1546010971069336,1.1547343730926514,0,
,2025-11-06 20:00:00,,,1.1548677682876587,1.1552680730819702,1.1546010971069336,1.1551345586776733,0,
,2025-11-06 21:00:00,,,1.1551345586776733,1.1552680730819702,1.1548677682876587,1.155001163482666,0,
,2025-11-06 22:00:00,,,1.1552680730819702,1.1555349826812744,1.1546010971069336,1.1548677682876587,0,
,2025-11-06 23:00:00,,,1.1551345586776733,1.1555349826812744,1.1551345586776733,1.1551345586776733,0,
,2025-11-07 00:00:00,,,1.155001163482666,1.1551345586776733,1.1542012691497803,1.154334545135498,0,
,2025-11-07 01:00:00,,,1.1542012691497803,1.1544678211212158,1.1539349555969238,1.154068112373352,0,
,2025-11-07 02:00:00,,,1.154334545135498,1.1546010971069336,1.1542012691497803,1.154334545135498,0,
,2025-11-07 03:00:00,,,1.1544678211212158,1.1544678211212158,1.1538017988204956,1.1542012691497803,0,
,2025-11-07 04:00:00,,,1.154068112373352,1.154068112373352,1.1536686420440674,1.1539349555969238,0,
,2025-11-07 05:00:00,,,1.1539349555969238,1.1542012691497803,1.1536686420440674,1.1538017988204956,0,
,2025-11-07 06:00:00,,,1.1536686420440674,1.1539349555969238,1.15340256690979,1.15340256690979,0,
,2025-11-07 07:00:00,,,1.1535356044769287,1.1539349555969238,1.15340256690979,1.1536686420440674,0,
,2025-11-07 08:00:00,,,1.1536686420440674,1.154334545135498,1.15340256690979,1.1539349555969238,0,
,2025-11-07 09:00:00,,,1.154068112373352,1.1544678211212158,1.1538017988204956,1.1542012691497803,0,
,2025-11-07 10:00:00,,,1.1542012691497803,1.1555349826812744,1.1542012691497803,1.155401587486267,0,
,2025-11-07 11:00:00,,,1.1555349826812744,1.156336784362793,1.1552680730819702,1.156203031539917,0,
,2025-11-07 12:00:00,,,1.1560693979263306,1.1568717956542969,1.1558021306991577,1.1559356451034546,0,
,2025-11-07 13:00:00,,,1.1559356451034546,1.157273530960083,1.1559356451034546,1.157139539718628,0,
,2025-11-07 14:00:00,,,1.1570056676864624,1.158077597618103,1.1570056676864624,1.1578094959259033,0,
,2025-11-07 15:00:00,,,1.1582117080688477,1.1592857837677002,1.1575413942337036,1.1575413942337036,0,
,2025-11-07 16:00:00,,,1.1576753854751587,1.1586142778396606,1.1576753854751587,1.158077597618103,0,
,2025-11-07 17:00:00,,,1.158077597618103,1.1584800481796265,1.1575413942337036,1.1584800481796265,0,
,2025-11-07 18:00:00,,,1.1584800481796265,1.1586142778396606,1.157139539718628,1.157139539718628,0,
,2025-11-07 19:00:00,,,1.1570056676864624,1.1575413942337036,1.1559356451034546,1.156336784362793,0,
,2025-11-07 20:00:00,,,1.156203031539917,1.1570056676864624,1.1560693979263306,1.156738042831421,0,
,2025-11-07 21:00:00,,,1.1568717956542969,1.1570056676864624,1.156336784362793,1.156738042831421,0,
,2025-11-07 22:00:00,,,1.1570056676864624,1.1570056676864624,1.1570056676864624,1.1570056676864624,0,
,2025-11-10 00:00:00,,,1.1546010971069336,1.1559356451034546,1.1546010971069336,1.1558021306991577,0,
,2025-11-10 01:00:00,,,1.1555349826812744,1.156336784362793,1.155001163482666,1.1560693979263306,0,
,2025-11-10 02:00:00,,,1.156203031539917,1.156336784362793,1.1558021306991577,1.1560693979263306,0,
,2025-11-10 03:00:00,,,1.1560693979263306,1.156203031539917,1.1555349826812744,1.1558021306991577,0,
,2025-11-10 04:00:00,,,1.1558021306991577,1.1566041707992554,1.1558021306991577,1.1564704179763794,0,
,2025-11-10 05:00:00,,,1.1564704179763794,1.1568717956542969,1.156203031539917,1.1566041707992554,0,
,2025-11-10 06:00:00,,,1.1566041707992554,1.156738042831421,1.1555349826812744,1.1556684970855713,0,
,2025-11-10 07:00:00,,,1.1559356451034546,1.1574074029922485,1.1558021306991577,1.157139539718628,0,
,2025-11-10 08:00:00,,,1.1570056676864624,1.1586142778396606,1.1570056676864624,1.1576753854751587,0,
,2025-11-10 09:00:00,,,1.1576753854751587,1.1576753854751587,1.156738042831421,1.157273530960083,0,
,2025-11-10 10:00:00,,,1.157139539718628,1.1574074029922485,1.1564704179763794,1.1566041707992554,0,
,2025-11-10 11:00:00,,,1.1566041707992554,1.156738042831421,1.1558021306991577,1.156738042831421,0,
,2025-11-10 12:00:00,,,1.156738042831421,1.1578094959259033,1.1566041707992554,1.157273530960083,0,
,2025-11-10 13:00:00,,,1.157139539718628,1.158077597618103,1.1570056676864624,1.157273530960083,0,
,2025-11-10 14:00:00,,,1.157139539718628,1.157139539718628,1.156336784362793,1.1566041707992554,0,
,2025-11-10 15:00:00,,,1.1568717956542969,1.1570056676864624,1.155001163482666,1.155001163482666,0,
,2025-11-10 16:00:00,,,1.1548677682876587,1.1558021306991577,1.1547343730926514,1.1547343730926514,0,
,2025-11-10 17:00:00,,,1.1548677682876587,1.156336784362793,1.1544678211212158,1.156336784362793,0,
,2025-11-10 18:00:00,,,1.1564704179763794,1.1568717956542969,1.156203031539917,1.156203031539917,0,
,2025-11-10 19:00:00,,,1.156203031539917,1.1566041707992554,1.156203031539917,1.1564704179763794,0,
,2025-11-10 20:00:00,,,1.1564704179763794,1.156738042831421,1.1564704179763794,1.156738042831421,0,
,2025-11-10 21:00:00,,,1.156738042831421,1.156738042831421,1.1559356451034546,1.1560693979263306,0,
,2025-11-10 22:00:00,,,1.1559356451034546,1.1564704179763794,1.1558021306991577,1.1560693979263306,0,
,2025-11-10 23:00:00,,,1.156203031539917,1.156336784362793,1.1559356451034546,1.1559356451034546,0,
,2025-11-11 00:00:00,,,1.1559356451034546,1.156203031539917,1.1555349826812744,1.1555349826812744,0,
,2025-11-11 01:00:00,,,1.1555349826812744,1.1558021306991577,1.1551345586776733,1.1558021306991577,0,
,2025-11-11 02:00:00,,,1.1559356451034546,1.1560693979263306,1.1555349826812744,1.1556684970855713,0,
,2025-11-11 03:00:00,,,1.1556684970855713,1.156203031539917,1.1556684970855713,1.1559356451034546,0,
,2025-11-11 04:00:00,,,1.1559356451034546,1.156336784362793,1.1559356451034546,1.1560693979263306,0,
,2025-11-11 05:00:00,,,1.156203031539917,1.1568717956542969,1.156203031539917,1.1564704179763794,0,
,2025-11-11 06:00:00,,,1.1564704179763794,1.1566041707992554,1.155401587486267,1.1555349826812744,0,
,2025-11-11 07:00:00,,,1.155401587486267,1.156336784362793,1.155401587486267,1.156336784362793,0,
,2025-11-11 08:00:00,,,1.1564704179763794,1.157139539718628,1.1558021306991577,1.1559356451034546,0,
,2025-11-11 09:00:00,,,1.1556684970855713,1.157139539718628,1.1556684970855713,1.157139539718628,0,
,2025-11-11 10:00:00,,,1.156738042831421,1.1576753854751587,1.1566041707992554,1.1575413942337036,0,
,2025-11-11 11:00:00,,,1.1576753854751587,1.158077597618103,1.1574074029922485,1.1576753854751587,0,
,2025-11-11 12:00:00,,,1.1575413942337036,1.158077597618103,1.157273530960083,1.1575413942337036,0,
,2025-11-11 13:00:00,,,1.1574074029922485,1.1609008312225342,1.1574074029922485,1.1606314182281494,0,
,2025-11-11 14:00:00,,,1.160496711730957,1.1607661247253418,1.1598236560821533,1.1603620052337646,0,
,2025-11-11 15:00:00,,,1.1603620052337646,1.1606314182281494,1.1595547199249268,1.1598236560821533,0,
,2025-11-11 16:00:00,,,1.1598236560821533,1.1602274179458618,1.1594202518463135,1.15968918800354,0,
,2025-11-11 17:00:00,,,1.15968918800354,1.1602274179458618,1.1594202518463135,1.1598236560821533,0,
,2025-11-11 18:00:00,,,1.1598236560821533,1.1599582433700562,1.1595547199249268,1.15968918800354,0,
,2025-11-11 19:00:00,,,1.1595547199249268,1.15968918800354,1.1587486267089844,1.1587486267089844,0,
,2025-11-11 20:00:00,,,1.1587486267089844,1.1592857837677002,1.1586142778396606,1.1586142778396606,0,
,2025-11-11 21:00:00,,,1.1587486267089844,1.1588828563690186,1.1584800481796265,1.1586142778396606,0,
,2025-11-11 22:00:00,,,1.1584800481796265,1.159151554107666,1.1575413942337036,1.1588828563690186,0,
,2025-11-11 23:00:00,,,1.1588828563690186,1.1590172052383423,1.1584800481796265,1.1590172052383423,0,
,2025-11-12 00:00:00,,,1.1590172052383423,1.1590172052383423,1.1583458185195923,1.1583458185195923,0,
,2025-11-12 01:00:00,,,1.1582117080688477,1.1584800481796265,1.1578094959259033,1.1579434871673584,0,
,2025-11-12 02:00:00,,,1.1579434871673584,1.1583458185195923,1.1579434871673584,1.1583458185195923,0,
,2025-11-12 03:00:00,,,1.1582117080688477,1.1584800481796265,1.1579434871673584,1.158077597618103,0,
,2025-11-12 04:00:00,,,1.158077597618103,1.1582117080688477,1.1574074029922485,1.1575413942337036,0,
,2025-11-12 05:00:00,,,1.1575413942337036,1.1582117080688477,1.1574074029922485,1.158077597618103,0,
,2025-11-12 06:00:00,,,1.1578094959259033,1.1586142778396606,1.1578094959259033,1.1586142778396606,0,
,2025-11-12 07:00:00,,,1.1586142778396606,1.159151554107666,1.1584800481796265,1.1586142778396606,0,
,2025-11-12 08:00:00,,,1.1587486267089844,1.1590172052383423,1.158077597618103,1.1582117080688477,0,
,2025-11-12 09:00:00,,,1.158077597618103,1.1583458185195923,1.157139539718628,1.157273530960083,0,
,2025-11-12 10:00:00,,,1.1574074029922485,1.1578094959259033,1.1568717956542969,1.157273530960083,0,
,2025-11-12 11:00:00,,,1.1574074029922485,1.1579434871673584,1.1570056676864624,1.1579434871673584,0,
,2025-11-12 12:00:00,,,1.1582117080688477,1.1583458185195923,1.1575413942337036,1.1579434871673584,0,
,2025-11-12 13:00:00,,,1.1582117080688477,1.1582117080688477,1.1570056676864624,1.1574074029922485,0,
,2025-11-12 14:00:00,,,1.1575413942337036,1.1578094959259033,1.1566041707992554,1.1576753854751587,0,
,2025-11-12 15:00:00,,,1.1578094959259033,1.1598236560821533,1.1576753854751587,1.1598236560821533,0,
,2025-11-12 16:00:00,,,1.15968918800354,1.160092830657959,1.1592857837677002,1.1594202518463135,0,
,2025-11-12 17:00:00,,,1.1594202518463135,1.1599582433700562,1.1594202518463135,1.1595547199249268,0,
,2025-11-12 18:00:00,,,1.15968918800354,1.1598236560821533,1.1594202518463135,1.1594202518463135,0,
,2025-11-12 19:00:00,,,1.1592857837677002,1.1594202518463135,1.1587486267089844,1.1590172052383423,0,
,2025-11-12 20:00:00,,,1.1588828563690186,1.1594202518463135,1.1588828563690186,1.1594202518463135,0,
,2025-11-12 21:00:00,,,1.159151554107666,1.15968918800354,1.1588828563690186,1.15968918800354,0,
,2025-11-12 22:00:00,,,1.1603620052337646,1.1603620052337646,1.1592857837677002,1.1592857837677002,0,
,2025-11-12 23:00:00,,,1.15968918800354,1.15968918800354,1.1594202518463135,1.1594202518463135,0,
,2025-11-13 00:00:00,,,1.1595547199249268,1.1595547199249268,1.1583458185195923,1.1583458185195923,0,
,2025-11-13 01:00:00,,,1.1583458185195923,1.1592857837677002,1.1583458185195923,1.1592857837677002,0,
,2025-11-13 02:00:00,,,1.1592857837677002,1.1595547199249268,1.1588828563690186,1.1592857837677002,0,
,2025-11-13 03:00:00,,,1.1592857837677002,1.1595547199249268,1.1590172052383423,1.1592857837677002,0,
,2025-11-13 04:00:00,,,1.1592857837677002,1.1594202518463135,1.159151554107666,1.1594202518463135,0,
,2025-11-13 05:00:00,,,1.1594202518463135,1.1594202518463135,1.1584800481796265,1.1584800481796265,0,
,2025-11-13 06:00:00,,,1.1584800481796265,1.1588828563690186,1.1584800481796265,1.1588828563690186,0,
,2025-11-13 07:00:00,,,1.1587486267089844,1.161440134048462,1.1587486267089844,1.161440134048462,0,
,2025-11-13 08:00:00,,,1.161440134048462,1.163061261177063,1.16130530834198,1.1629259586334229,0,
,2025-11-13 09:00:00,,,1.1631964445114136,1.1637378931045532,1.161440134048462,1.1621150970458984,0,
,2025-11-13 10:00:00,,,1.1621150970458984,1.1626555919647217,1.161440134048462,1.1619800329208374,0,
,2025-11-13 11:00:00,,,1.1619800329208374,1.1623852252960205,1.1609008312225342,1.1609008312225342,0,
,2025-11-13 12:00:00,,,1.1610356569290161,1.162520408630371,1.1610356569290161,1.162520408630371,0,
,2025-11-13 13:00:00,,,1.1627906560897827,1.1627906560897827,1.1615750789642334,1.1623852252960205,0,
,2025-11-13 14:00:00,,,1.1623852252960205,1.1633317470550537,1.1621150970458984,1.1629259586334229,0,
,2025-11-13 15:00:00,,,1.163061261177063,1.1645511388778687,1.1626555919647217,1.1642799377441406,0,
,2025-11-13 16:00:00,,,1.1642799377441406,1.1650937795639038,1.1640088558197021,1.1650937795639038,0,
,2025-11-13 17:00:00,,,1.1652295589447021,1.1657729148864746,1.1650937795639038,1.1655012369155884,0,
,2025-11-13 18:00:00,,,1.1655012369155884,1.1655012369155884,1.1640088558197021,1.1642799377441406,0,
,2025-11-13 19:00:00,,,1.1641442775726318,1.1644154787063599,1.163873314857483,1.163873314857483,0,
,2025-11-13 20:00:00,,,1.163873314857483,1.1642799377441406,1.163602590560913,1.163602590560913,0,
,2025-11-13 21:00:00,,,1.163602590560913,1.1641442775726318,1.1634671688079834,1.1637378931045532,0,
,2025-11-13 22:00:00,,,1.163602590560913,1.1644154787063599,1.1633317470550537,1.1640088558197021,0,
,2025-11-13 23:00:00,,,1.1641442775726318,1.1641442775726318,1.1626555919647217,1.1633317470550537,0,
,2025-11-14 00:00:00,,,1.1633317470550537,1.163602590560913,1.163061261177063,1.1634671688079834,0,
,2025-11-14 01:00:00,,,1.163602590560913,1.1641442775726318,1.1634671688079834,1.1637378931045532,0,
,2025-11-14 02:00:00,,,1.1637378931045532,1.1640088558197021,1.1633317470550537,1.163873314857483,0,
,2025-11-14 03:00:00,,,1.1640088558197021,1.1648223400115967,1.1640088558197021,1.1641442775726318,0,
,2025-11-14 04:00:00,,,1.1641442775726318,1.164686679840088,1.1641442775726318,1.1645511388778687,0,
,2025-11-14 05:00:00,,,1.1645511388778687,1.1650937795639038,1.1642799377441406,1.164958119392395,0,
,2025-11-14 06:00:00,,,1.164958119392395,1.1652295589447021,1.1637378931045532,1.1640088558197021,0,
,2025-11-14 07:00:00,,,1.1642799377441406,1.1648223400115967,1.1637378931045532,1.1637378931045532,0,
,2025-11-14 08:00:00,,,1.163602590560913,1.163873314857483,1.1623852252960205,1.1634671688079834,0,
,2025-11-14 09:00:00,,,1.1631964445114136,1.1634671688079834,1.1623852252960205,1.162520408630371,0,
,2025-11-14 10:00:00,,,1.162520408630371,1.162520408630371,1.1615750789642334,1.1619800329208374,0,
,2025-11-14 11:00:00,,,1.1617100238800049,1.16225004196167,1.16130530834198,1.16225004196167,0,
,2025-11-14 12:00:00,,,1.16225004196167,1.1655012369155884,1.1621150970458984,1.1653653383255005,0,
,2025-11-14 13:00:00,,,1.1656370162963867,1.1656370162963867,1.163873314857483,1.1641442775726318,0,
,2025-11-14 14:00:00,,,1.1640088558197021,1.1641442775726318,1.1626555919647217,1.1627906560897827,0,
,2025-11-14 15:00:00,,,1.1626555919647217,1.1627906560897827,1.1610356569290161,1.1615750789642334,0,
,2025-11-14 16:00:00,,,1.1615750789642334,1.1626555919647217,1.16130530834198,1.1621150970458984,0,
,2025-11-14 17:00:00,,,1.1619800329208374,1.1621150970458984,1.161170482635498,1.1618449687957764,0,
,2025-11-14 18:00:00,,,1.1618449687957764,1.1621150970458984,1.16130530834198,1.1619800329208374,0,
,2025-11-14 19:00:00,,,1.1619800329208374,1.16225004196167,1.1619800329208374,1.1621150970458984,0,
,2025-11-14 20:00:00,,,1.1621150970458984,1.1626555919647217,1.1619800329208374,1.1623852252960205,0,
,2025-11-14 21:00:00,,,1.1623852252960205,1.1626555919647217,1.1621150970458984,1.162520408630371,0,
,2025-11-14 22:00:00,,,1.1623852252960205,1.162520408630371,1.1623852252960205,1.162520408630371,0,
,2025-11-17 00:00:00,,,1.1618449687957764,1.1618449687957764,1.1609008312225342,1.1610356569290161,0,
,2025-11-17 01:00:00,,,1.1609008312225342,1.16130530834198,1.1609008312225342,1.1609008312225342,0,
,2025-11-17 02:00:00,,,1.1609008312225342,1.1609008312225342,1.160496711730957,1.160496711730957,0,
,2025-11-17 03:00:00,,,1.160496711730957,1.160496711730957,1.160092830657959,1.1602274179458618,0,
,2025-11-17 04:00:00,,,1.1602274179458618,1.1606314182281494,1.160092830657959,1.1606314182281494,0,
,2025-11-17 05:00:00,,,1.1607661247253418,1.1609008312225342,1.1603620052337646,1.1603620052337646,0,
,2025-11-17 06:00:00,,,1.1603620052337646,1.161170482635498,1.1598236560821533,1.161170482635498,0,
,2025-11-17 07:00:00,,,1.161170482635498,1.1618449687957764,1.1610356569290161,1.1615750789642334,0,
,2025-11-17 08:00:00,,,1.1615750789642334,1.1618449687957764,1.1602274179458618,1.1607661247253418,0,
,2025-11-17 09:00:00,,,1.1603620052337646,1.1606314182281494,1.160092830657959,1.1603620052337646,0,
,2025-11-17 10:00:00,,,1.160496711730957,1.161170482635498,1.1599582433700562,1.1599582433700562,0,
,2025-11-17 11:00:00,,,1.1598236560821533,1.1606314182281494,1.1598236560821533,1.160496711730957,0,
,2025-11-17 12:00:00,,,1.160496711730957,1.1607661247253418,1.1599582433700562,1.1602274179458618,0,
,2025-11-17 13:00:00,,,1.160092830657959,1.1602274179458618,1.1592857837677002,1.1594202518463135,0,
,2025-11-17 14:00:00,,,1.1595547199249268,1.1598236560821533,1.1587486267089844,1.1590172052383423,0,
,2025-11-17 15:00:00,,,1.1587486267089844,1.160092830657959,1.1586142778396606,1.160092830657959,0,
,2025-11-17 16:00:00,,,1.160092830657959,1.160496711730957,1.1598236560821533,1.1602274179458618,0,
,2025-11-17 17:00:00,,,1.160092830657959,1.1602274179458618,1.1595547199249268,1.15968918800354,0,
,2025-11-17 18:00:00,,,1.15968918800354,1.15968918800354,1.159151554107666,1.1594202518463135,0,
,2025-11-17 19:00:00,,,1.1594202518463135,1.1598236560821533,1.1587486267089844,1.1587486267089844,0,
,2025-11-17 20:00:00,,,1.1586142778396606,1.1594202518463135,1.1586142778396606,1.159151554107666,0,
,2025-11-17 21:00:00,,,1.159151554107666,1.15968918800354,1.159151554107666,1.15968918800354,0,
,2025-11-17 22:00:00,,,1.1595547199249268,1.1598236560821533,1.1588828563690186,1.1594202518463135,0,
,2025-11-17 23:00:00,,,1.15968918800354,1.15968918800354,1.1592857837677002,1.1592857837677002,0,
,2025-11-18 00:00:00,,,1.1592857837677002,1.1592857837677002,1.1588828563690186,1.1590172052383423,0,
,2025-11-18 01:00:00,,,1.1590172052383423,1.15968918800354,1.1588828563690186,1.1594202518463135,0,
,2025-11-18 02:00:00,,,1.1594202518463135,1.1598236560821533,1.159151554107666,1.15968918800354,0,
,2025-11-18 03:00:00,,,1.15968918800354,1.1599582433700562,1.1595547199249268,1.1595547199249268,0,
,2025-11-18 04:00:00,,,1.1595547199249268,1.160496711730957,1.1592857837677002,1.1603620052337646,0,
,2025-11-18 05:00:00,,,1.1603620052337646,1.1603620052337646,1.1599582433700562,1.1602274179458618,0,
,2025-11-18 06:00:00,,,1.160092830657959,1.1603620052337646,1.15968918800354,1.1598236560821533,0,
,2025-11-18 07:00:00,,,1.1599582433700562,1.1603620052337646,1.1595547199249268,1.1595547199249268,0,
,2025-11-18 08:00:00,,,1.1595547199249268,1.1610356569290161,1.1594202518463135,1.1595547199249268,0,
,2025-11-18 09:00:00,,,1.1592857837677002,1.1598236560821533,1.159151554107666,1.1592857837677002,0,
,2025-11-18 10:00:00,,,1.1592857837677002,1.1594202518463135,1.1584800481796265,1.1586142778396606,0,
,2025-11-18 11:00:00,,,1.1586142778396606,1.159151554107666,1.1583458185195923,1.1588828563690186,0,
,2025-11-18 12:00:00,,,1.1587486267089844,1.1595547199249268,1.1587486267089844,1.1595547199249268,0,
,2025-11-18 13:00:00,,,1.15968918800354,1.160496711730957,1.159151554107666,1.160092830657959,0,
,2025-11-18 14:00:00,,,1.1602274179458618,1.160496711730957,1.1598236560821533,1.1603620052337646,0,
,2025-11-18 15:00:00,,,1.160496711730957,1.1610356569290161,1.1584800481796265,1.1584800481796265,0,
,2025-11-18 16:00:00,,,1.1584800481796265,1.1587486267089844,1.1576753854751587,1.1582117080688477,0,
,2025-11-18 17:00:00,,,1.1582117080688477,1.1583458185195923,1.1575413942337036,1.1579434871673584,0,
,2025-11-18 18:00:00,,,1.1579434871673584,1.1588828563690186,1.1578094959259033,1.1584800481796265,0,
,2025-11-18 19:00:00,,,1.1584800481796265,1.1590172052383423,1.1584800481796265,1.1588828563690186,0,
,2025-11-18 20:00:00,,,1.1588828563690186,1.1590172052383423,1.1582117080688477,1.1583458185195923,0,
,2025-11-18 21:00:00,,,1.1583458185195923,1.1586142778396606,1.1582117080688477,1.1584800481796265,0,
,2025-11-18 22:00:00,,,1.1586142778396606,1.1590172052383423,1.158077597618103,1.1583458185195923,0,
,2025-11-18 23:00:00,,,1.1583458185195923,1.1584800481796265,1.158077597618103,1.1583458185195923,0,
,2025-11-19 00:00:00,,,1.1583458185195923,1.1587486267089844,1.1582117080688477,1.1586142778396606,0,
,2025-11-19 01:00:00,,,1.1586142778396606,1.1587486267089844,1.1579434871673584,1.158077597618103,0,
,2025-11-19 02:00:00,,,1.1579434871673584,1.1584800481796265,1.1576753854751587,1.1582117080688477,0,
,2025-11-19 03:00:00,,,1.1582117080688477,1.1587486267089844,1.158077597618103,1.1586142778396606,0,
,2025-11-19 04:00:00,,,1.1587486267089844,1.1587486267089844,1.158077597618103,1.1587486267089844,0,
,2025-11-19 05:00:00,,,1.1588828563690186,1.1592857837677002,1.1587486267089844,1.159151554107666,0,
,2025-11-19 06:00:00,,,1.1592857837677002,1.1595547199249268,1.1590172052383423,1.1590172052383423,0,
,2025-11-19 07:00:00,,,1.1588828563690186,1.1599582433700562,1.158077597618103,1.1583458185195923,0,
,2025-11-19 08:00:00,,,1.1590172052383423,1.159151554107666,1.1575413942337036,1.1576753854751587,0,
,2025-11-19 09:00:00,,,1.1576753854751587,1.1583458185195923,1.1570056676864624,1.1578094959259033,0,
,2025-11-19 10:00:00,,,1.1578094959259033,1.158077597618103,1.157139539718628,1.157273530960083,0,
,2025-11-19 11:00:00,,,1.157273530960083,1.1590172052383423,1.157273530960083,1.1590172052383423,0,
,2025-11-19 12:00:00,,,1.159151554107666,1.159151554107666,1.158077597618103,1.1582117080688477,0,
,2025-11-19 13:00:00,,,1.158077597618103,1.1594202518463135,1.1574074029922485,1.1576753854751587,0,
,2025-11-19 14:00:00,,,1.1576753854751587,1.1576753854751587,1.1559356451034546,1.1559356451034546,0,
,2025-11-19 15:00:00,,,1.1560693979263306,1.1560693979263306,1.1544678211212158,1.155001163482666,0,
,2025-11-19 16:00:00,,,1.155001163482666,1.155001163482666,1.1538017988204956,1.154334545135498,0,
,2025-11-19 17:00:00,,,1.1544678211212158,1.1546010971069336,1.1530035734176636,1.1536686420440674,0,
,2025-11-19 18:00:00,,,1.1535356044769287,1.1539349555969238,1.1532695293426514,1.15340256690979,0,
,2025-11-19 19:00:00,,,1.1531364917755127,1.1532695293426514,1.1522064208984375,1.152339220046997,0,
,2025-11-19 20:00:00,,,1.1524720191955566,1.1531364917755127,1.1524720191955566,1.1530035734176636,0,
,2025-11-19 21:00:00,,,1.1528706550598145,1.1542012691497803,1.1527377367019653,1.1542012691497803,0,
,2025-11-19 22:00:00,,,1.154334545135498,1.154334545135498,1.1539349555969238,1.154068112373352,0,
,2025-11-19 23:00:00,,,1.154334545135498,1.1544678211212158,1.154068112373352,1.1542012691497803,0,
,2025-11-20 00:00:00,,,1.154068112373352,1.154068112373352,1.1532695293426514,1.1538017988204956,0,
,2025-11-20 01:00:00,,,1.1538017988204956,1.1538017988204956,1.1526048183441162,1.1526048183441162,0,
,2025-11-20 02:00:00,,,1.1526048183441162,1.1526048183441162,1.1519410610198975,1.152339220046997,0,
,2025-11-20 03:00:00,,,1.1524720191955566,1.1526048183441162,1.151410460472107,1.1516757011413574,0,
,2025-11-20 04:00:00,,,1.1516757011413574,1.152339220046997,1.1516757011413574,1.152339220046997,0,
,2025-11-20 05:00:00,,,1.1522064208984375,1.1522064208984375,1.1518083810806274,1.1519410610198975,0,
,2025-11-20 06:00:00,,,1.1518083810806274,1.1526048183441162,1.1518083810806274,1.152339220046997,0,
,2025-11-20 07:00:00,,,1.1520737409591675,1.1524720191955566,1.1519410610198975,1.1522064208984375,0,
,2025-11-20 08:00:00,,,1.152339220046997,1.1526048183441162,1.151543140411377,1.1524720191955566,0,
,2025-11-20 09:00:00,,,1.1524720191955566,1.1531364917755127,1.1522064208984375,1.1531364917755127,0,
,2025-11-20 10:00:00,,,1.1531364917755127,1.1532695293426514,1.1528706550598145,1.1530035734176636,0,
,2025-11-20 11:00:00,,,1.1530035734176636,1.1530035734176636,1.1518083810806274,1.1518083810806274,0,
,2025-11-20 12:00:00,,,1.1518083810806274,1.1519410610198975,1.151145339012146,1.151410460472107,0,
,2025-11-20 13:00:00,,,1.151543140411377,1.1542012691497803,1.151410460472107,1.15340256690979,0,
,2025-11-20 14:00:00,,,1.1530035734176636,1.1552680730819702,1.1528706550598145,1.1538017988204956,0,
,2025-11-20 15:00:00,,,1.1536686420440674,1.1538017988204956,1.1524720191955566,1.1530035734176636,0,
,2025-11-20 16:00:00,,,1.1532695293426514,1.154334545135498,1.1531364917755127,1.1536686420440674,0,
,2025-11-20 17:00:00,,,1.1536686420440674,1.154068112373352,1.1528706550598145,1.1532695293426514,0,
,2025-11-20 18:00:00,,,1.1531364917755127,1.1539349555969238,1.1530035734176636,1.1539349555969238,0,
,2025-11-20 19:00:00,,,1.154068112373352,1.1544678211212158,1.1539349555969238,1.154068112373352,0,
,2025-11-20 20:00:00,,,1.1542012691497803,1.1542012691497803,1.1528706550598145,1.1530035734176636,0,
,2025-11-20 21:00:00,,,1.1530035734176636,1.1532695293426514,1.1527377367019653,1.1531364917755127,0,
,2025-11-20 22:00:00,,,1.1530035734176636,1.1535356044769287,1.1530035734176636,1.1532695293426514,0,
,2025-11-20 23:00:00,,,1.1531364917755127,1.1538017988204956,1.1527377367019653,1.1536686420440674,0,
,2025-11-21 00:00:00,,,1.1536686420440674,1.1539349555969238,1.1531364917755127,1.1538017988204956,0,
,2025-11-21 01:00:00,,,1.1539349555969238,1.1542012691497803,1.1535356044769287,1.1536686420440674,0,
,2025-11-21 02:00:00,,,1.1536686420440674,1.1542012691497803,1.1536686420440674,1.1539349555969238,0,
,2025-11-21 03:00:00,,,1.1539349555969238,1.1542012691497803,1.1538017988204956,1.154068112373352,0,
,2025-11-21 04:00:00,,,1.1539349555969238,1.1544678211212158,1.1539349555969238,1.1542012691497803,0,
,2025-11-21 05:00:00,,,1.154334545135498,1.1544678211212158,1.1538017988204956,1.1538017988204956,0,
,2025-11-21 06:00:00,,,1.1539349555969238,1.155001163482666,1.1539349555969238,1.1544678211212158,0,
,2025-11-21 07:00:00,,,1.154334545135498,1.1551345586776733,1.154334545135498,1.154334545135498,0,
,2025-11-21 08:00:00,,,1.154334545135498,1.1555349826812744,1.1538017988204956,1.1542012691497803,0,
,2025-11-21 09:00:00,,,1.154334545135498,1.1546010971069336,1.1528706550598145,1.1528706550598145,0,
,2025-11-21 10:00:00,,,1.1528706550598145,1.1530035734176636,1.1516757011413574,1.1522064208984375,0,
,2025-11-21 11:00:00,,,1.1524720191955566,1.1526048183441162,1.1508804559707642,1.151012897491455,0,
,2025-11-21 12:00:00,,,1.151145339012146,1.1528706550598145,1.1500862836837769,1.1527377367019653,0,
,2025-11-21 13:00:00,,,1.1527377367019653,1.1528706550598145,1.1519410610198975,1.1524720191955566,0,
,2025-11-21 14:00:00,,,1.152339220046997,1.152339220046997,1.1508804559707642,1.1516757011413574,0,
,2025-11-21 15:00:00,,,1.1519410610198975,1.1524720191955566,1.1502184867858887,1.1506155729293823,0,
,2025-11-21 16:00:00,,,1.150483250617981,1.1507480144500732,1.1494252681732178,1.1507480144500732,0,
,2025-11-21 17:00:00,,,1.151145339012146,1.151543140411377,1.150483250617981,1.151012897491455,0,
,2025-11-21 18:00:00,,,1.151012897491455,1.151012897491455,1.1506155729293823,1.1508804559707642,0,
,2025-11-21 19:00:00,,,1.1508804559707642,1.1520737409591675,1.1508804559707642,1.1516757011413574,0,
,2025-11-21 20:00:00,,,1.1516757011413574,1.1520737409591675,1.1512778997421265,1.1520737409591675,0,
,2025-11-21 21:00:00,,,1.1520737409591675,1.1524720191955566,1.1516757011413574,1.1516757011413574,0,
,2025-11-21 22:00:00,,,1.1519410610198975,1.1519410610198975,1.1519410610198975,1.1519410610198975,0,
,2025-11-24 00:00:00,,,1.151145339012146,1.151145339012146,1.1506155729293823,1.151012897491455,0,
,2025-11-24 01:00:00,,,1.151145339012146,1.1516757011413574,1.1508804559707642,1.151410460472107,0,
,2025-11-24 02:00:00,,,1.151410460472107,1.1522064208984375,1.151410460472107,1.1519410610198975,0,
,2025-11-24 03:00:00,,,1.1520737409591675,1.1522064208984375,1.1516757011413574,1.1519410610198975,0,
,2025-11-24 04:00:00,,,1.1520737409591675,1.1524720191955566,1.1519410610198975,1.1524720191955566,0,
,2025-11-24 05:00:00,,,1.1524720191955566,1.1531364917755127,1.1524720191955566,1.1526048183441162,0,
,2025-11-24 06:00:00,,,1.1526048183441162,1.1530035734176636,1.152339220046997,1.1524720191955566,0,
,2025-11-24 07:00:00,,,1.152339220046997,1.1526048183441162,1.151543140411377,1.151543140411377,0,
,2025-11-24 08:00:00,,,1.1519410610198975,1.1536686420440674,1.1519410610198975,1.1532695293426514,0,
,2025-11-24 09:00:00,,,1.1531364917755127,1.1536686420440674,1.1528706550598145,1.1532695293426514,0,
,2025-11-24 10:00:00,,,1.15340256690979,1.1544678211212158,1.15340256690979,1.154334545135498,0,
,2025-11-24 11:00:00,,,1.1544678211212158,1.155001163482666,1.1539349555969238,1.1548677682876587,0,
,2025-11-24 12:00:00,,,1.1548677682876587,1.1552680730819702,1.154068112373352,1.155001163482666,0,
,2025-11-24 13:00:00,,,1.1551345586776733,1.1552680730819702,1.154068112373352,1.1542012691497803,0,
,2025-11-24 14:00:00,,,1.154334545135498,1.1544678211212158,1.1530035734176636,1.1530035734176636,0,
,2025-11-24 15:00:00,,,1.1530035734176636,1.1532695293426514,1.1522064208984375,1.1532695293426514,0,
,2025-11-24 16:00:00,,,1.15340256690979,1.15340256690979,1.1522064208984375,1.1522064208984375,0,
,2025-11-24 17:00:00,,,1.1522064208984375,1.152339220046997,1.151543140411377,1.1522064208984375,0,
,2025-11-24 18:00:00,,,1.1520737409591675,1.1531364917755127,1.1520737409591675,1.1531364917755127,0,
,2025-11-24 19:00:00,,,1.1530035734176636,1.1532695293426514,1.1526048183441162,1.1531364917755127,0,
,2025-11-24 20:00:00,,,1.1528706550598145,1.1531364917755127,1.1526048183441162,1.1526048183441162,0,
,2025-11-24 21:00:00,,,1.1526048183441162,1.1526048183441162,1.152339220046997,1.152339220046997,0,
,2025-11-24 22:00:00,,,1.1528706550598145,1.1530035734176636,1.1524720191955566,1.1528706550598145,0,
,2025-11-24 23:00:00,,,1.1526048183441162,1.1527377367019653,1.1522064208984375,1.1522064208984375,0,
,2025-11-25 00:00:00,,,1.152339220046997,1.1527377367019653,1.1522064208984375,1.1527377367019653,0,
,2025-11-25 01:00:00,,,1.1527377367019653,1.1532695293426514,1.1526048183441162,1.1528706550598145,0,
,2025-11-25 02:00:00,,,1.1530035734176636,1.1531364917755127,1.1526048183441162,1.1531364917755127,0,
,2025-11-25 03:00:00,,,1.15340256690979,1.15340256690979,1.1520737409591675,1.1522064208984375,0,
,2025-11-25 04:00:00,,,1.1520737409591675,1.1520737409591675,1.1518083810806274,1.1518083810806274,0,
,2025-11-25 05:00:00,,,1.1518083810806274,1.1520737409591675,1.151543140411377,1.1520737409591675,0,
,2025-11-25 06:00:00,,,1.1520737409591675,1.1524720191955566,1.1518083810806274,1.152339220046997,0,
,2025-11-25 07:00:00,,,1.1524720191955566,1.15340256690979,1.152339220046997,1.1524720191955566,0,
,2025-11-25 08:00:00,,,1.1526048183441162,1.1536686420440674,1.1524720191955566,1.15340256690979,0,
,2025-11-25 09:00:00,,,1.15340256690979,1.1539349555969238,1.1531364917755127,1.1538017988204956,0,
,2025-11-25 10:00:00,,,1.1536686420440674,1.1546010971069336,1.1535356044769287,1.1542012691497803,0,
,2025-11-25 11:00:00,,,1.154334545135498,1.154334545135498,1.1528706550598145,1.1530035734176636,0,
,2025-11-25 12:00:00,,,1.1530035734176636,1.155401587486267,1.1528706550598145,1.1547343730926514,0,
,2025-11-25 13:00:00,,,1.155001163482666,1.156336784362793,1.1546010971069336,1.156203031539917,0,
,2025-11-25 14:00:00,,,1.156336784362793,1.1574074029922485,1.1555349826812744,1.157139539718628,0,
,2025-11-25 15:00:00,,,1.157139539718628,1.1587486267089844,1.1566041707992554,1.1566041707992554,0,
,2025-11-25 16:00:00,,,1.1566041707992554,1.1574074029922485,1.155401587486267,1.1555349826812744,0,
,2025-11-25 17:00:00,,,1.156738042831421,1.1586142778396606,1.156203031539917,1.1586142778396606,0,
,2025-11-25 18:00:00,,,1.1587486267089844,1.1588828563690186,1.1582117080688477,1.1583458185195923,0,
,2025-11-25 19:00:00,,,1.1583458185195923,1.1587486267089844,1.1578094959259033,1.1587486267089844,0,
,2025-11-25 20:00:00,,,1.1587486267089844,1.1587486267089844,1.156203031539917,1.1568717956542969,0,
,2025-11-25 21:00:00,,,1.1568717956542969,1.1575413942337036,1.1568717956542969,1.157273530960083,0,
,2025-11-25 22:00:00,,,1.1575413942337036,1.1578094959259033,1.1566041707992554,1.157273530960083,0,
,2025-11-25 23:00:00,,,1.157273530960083,1.1575413942337036,1.156738042831421,1.156738042831421,0,
,2025-11-26 00:00:00,,,1.1568717956542969,1.1575413942337036,1.156738042831421,1.157139539718628,0,
,2025-11-26 01:00:00,,,1.1574074029922485,1.1586142778396606,1.1568717956542969,1.158077597618103,0,
,2025-11-26 02:00:00,,,1.1579434871673584,1.1590172052383423,1.1579434871673584,1.1586142778396606,0,
,2025-11-26 03:00:00,,,1.1584800481796265,1.1595547199249268,1.1584800481796265,1.1594202518463135,0,
,2025-11-26 04:00:00,,,1.1594202518463135,1.1594202518463135,1.1586142778396606,1.1587486267089844,0,
,2025-11-26 05:00:00,,,1.1586142778396606,1.1594202518463135,1.1586142778396606,1.1594202518463135,0,
,2025-11-26 06:00:00,,,1.1592857837677002,1.1599582433700562,1.1587486267089844,1.1590172052383423,0,
,2025-11-26 07:00:00,,,1.159151554107666,1.1595547199249268,1.158077597618103,1.1582117080688477,0,
,2025-11-26 08:00:00,,,1.1583458185195923,1.1583458185195923,1.1570056676864624,1.1574074029922485,0,
,2025-11-26 09:00:00,,,1.1575413942337036,1.1583458185195923,1.157273530960083,1.1575413942337036,0,
,2025-11-26 10:00:00,,,1.1576753854751587,1.158077597618103,1.157273530960083,1.1576753854751587,0,
,2025-11-26 11:00:00,,,1.1575413942337036,1.158077597618103,1.157139539718628,1.1578094959259033,0,
,2025-11-26 12:00:00,,,1.1575413942337036,1.1583458185195923,1.157273530960083,1.1574074029922485,0,
,2025-11-26 13:00:00,,,1.1575413942337036,1.1587486267089844,1.1552680730819702,1.1555349826812744,0,
,2025-11-26 14:00:00,,,1.1552680730819702,1.1584800481796265,1.1551345586776733,1.1582117080688477,0,
,2025-11-26 15:00:00,,,1.1583458185195923,1.15968918800354,1.1583458185195923,1.1592857837677002,0,
,2025-11-26 16:00:00,,,1.1595547199249268,1.1603620052337646,1.1594202518463135,1.1594202518463135,0,
,2025-11-26 17:00:00,,,1.1592857837677002,1.15968918800354,1.1588828563690186,1.15968918800354,0,
,2025-11-26 18:00:00,,,1.1595547199249268,1.1599582433700562,1.1592857837677002,1.15968918800354,0,
,2025-11-26 19:00:00,,,1.15968918800354,1.1599582433700562,1.1594202518463135,1.1598236560821533,0,
,2025-11-26 20:00:00,,,1.1595547199249268,1.160092830657959,1.1595547199249268,1.15968918800354,0,
,2025-11-26 21:00:00,,,1.15968918800354,1.160092830657959,1.15968918800354,1.1598236560821533,0,
,2025-11-26 22:00:00,,,1.1598236560821533,1.1602274179458618,1.1595547199249268,1.1599582433700562,0,
,2025-11-26 23:00:00,,,1.160092830657959,1.160496711730957,1.1599582433700562,1.160496711730957,0,
,2025-11-27 00:00:00,,,1.160496711730957,1.1607661247253418,1.1603620052337646,1.1606314182281494,0,
,2025-11-27 01:00:00,,,1.1606314182281494,1.1615750789642334,1.160496711730957,1.161170482635498,0,
,2025-11-27 02:00:00,,,1.16130530834198,1.1617100238800049,1.1606314182281494,1.1606314182281494,0,
,2025-11-27 03:00:00,,,1.1607661247253418,1.1609008312225342,1.1603620052337646,1.1606314182281494,0,
,2025-11-27 04:00:00,,,1.1606314182281494,1.1609008312225342,1.1603620052337646,1.1603620052337646,0,
,2025-11-27 05:00:00,,,1.160496711730957,1.1609008312225342,1.160496711730957,1.1606314182281494,0,
,2025-11-27 06:00:00,,,1.1606314182281494,1.1609008312225342,1.1594202518463135,1.1594202518463135,0,
,2025-11-27 07:00:00,,,1.1595547199249268,1.15968918800354,1.1588828563690186,1.1594202518463135,0,
,2025-11-27 08:00:00,,,1.1595547199249268,1.1599582433700562,1.1590172052383423,1.15968918800354,0,
,2025-11-27 09:00:00,,,1.1595547199249268,1.1595547199249268,1.158077597618103,1.158077597618103,0,
,2025-11-27 10:00:00,,,1.158077597618103,1.1588828563690186,1.158077597618103,1.1587486267089844,0,
,2025-11-27 11:00:00,,,1.1588828563690186,1.159151554107666,1.1582117080688477,1.1590172052383423,0,
,2025-11-27 12:00:00,,,1.1590172052383423,1.1594202518463135,1.1586142778396606,1.1586142778396606,0,
,2025-11-27 13:00:00,,,1.1587486267089844,1.1599582433700562,1.1587486267089844,1.1598236560821533,0,
,2025-11-27 14:00:00,,,1.15968918800354,1.160092830657959,1.1594202518463135,1.1598236560821533,0,
,2025-11-27 15:00:00,,,1.1598236560821533,1.1603620052337646,1.1595547199249268,1.15968918800354,0,
,2025-11-27 16:00:00,,,1.1598236560821533,1.1603620052337646,1.15968918800354,1.1602274179458618,0,
,2025-11-27 17:00:00,,,1.1603620052337646,1.160496711730957,1.1595547199249268,1.1598236560821533,0,
,2025-11-27 18:00:00,,,1.1598236560821533,1.1599582433700562,1.1594202518463135,1.1594202518463135,0,
,2025-11-27 19:00:00,,,1.1595547199249268,1.1599582433700562,1.1595547199249268,1.1598236560821533,0,
,2025-11-27 20:00:00,,,1.1598236560821533,1.1599582433700562,1.1598236560821533,1.1598236560821533,0,
,2025-11-27 21:00:00,,,1.1599582433700562,1.160092830657959,1.1598236560821533,1.1598236560821533,0,
,2025-11-27 22:00:00,,,1.1599582433700562,1.1602274179458618,1.1595547199249268,1.1599582433700562,0,
,2025-11-27 23:00:00,,,1.1602274179458618,1.160496711730957,1.160092830657959,1.1602274179458618,0,
,2025-11-28 00:00:00,,,1.1603620052337646,1.160496711730957,1.1595547199249268,1.1598236560821533,0,
,2025-11-28 01:00:00,,,1.1598236560821533,1.1602274179458618,1.1584800481796265,1.1584800481796265,0,
,2025-11-28 02:00:00,,,1.1587486267089844,1.159151554107666,1.1584800481796265,1.1587486267089844,0,
,2025-11-28 03:00:00,,,1.1587486267089844,1.1592857837677002,1.1587486267089844,1.1590172052383423,0,
,2025-11-28 04:00:00,,,1.159151554107666,1.1594202518463135,1.1590172052383423,1.159151554107666,0,
,2025-11-28 05:00:00,,,1.1592857837677002,1.1594202518463135,1.1587486267089844,1.1590172052383423,0,
,2025-11-28 06:00:00,,,1.159151554107666,1.1592857837677002,1.1584800481796265,1.1587486267089844,0,
,2025-11-28 07:00:00,,,1.1587486267089844,1.1592857837677002,1.1582117080688477,1.1582117080688477,0,
,2025-11-28 08:00:00,,,1.1579434871673584,1.1583458185195923,1.1570056676864624,1.1574074029922485,0,
,2025-11-28 09:00:00,,,1.157273530960083,1.1583458185195923,1.157139539718628,1.157139539718628,0,
,2025-11-28 10:00:00,,,1.1570056676864624,1.157139539718628,1.1559356451034546,1.156203031539917,0,
,2025-11-28 11:00:00,,,1.156203031539917,1.157139539718628,1.1560693979263306,1.1570056676864624,0,
,2025-11-28 12:00:00,,,1.1568717956542969,1.1575413942337036,1.156738042831421,1.1568717956542969,0,
,2025-11-28 13:00:00,,,1.1570056676864624,1.158077597618103,1.156738042831421,1.1578094959259033,0,
,2025-11-28 14:00:00,,,1.1582117080688477,1.1588828563690186,1.1574074029922485,1.1587486267089844,0,
,2025-11-28 15:00:00,,,1.1587486267089844,1.1610356569290161,1.1583458185195923,1.1610356569290161,0,
,2025-11-28 16:00:00,,,1.1606314182281494,1.1607661247253418,1.15968918800354,1.1603620052337646,0,
,2025-11-28 17:00:00,,,1.1602274179458618,1.1606314182281494,1.1598236560821533,1.1606314182281494,0,
,2025-11-28 18:00:00,,,1.1606314182281494,1.1607661247253418,1.1599582433700562,1.1603620052337646,0,
,2025-11-28 19:00:00,,,1.1603620052337646,1.1607661247253418,1.1603620052337646,1.1606314182281494,0,
,2025-11-28 20:00:00,,,1.1606314182281494,1.1607661247253418,1.160496711730957,1.160496711730957,0,
,2025-11-28 21:00:00,,,1.1606314182281494,1.1606314182281494,1.160092830657959,1.1603620052337646,0,
,2025-11-28 22:00:00,,,1.1602274179458618,1.1602274179458618,1.1602274179458618,1.1602274179458618,0,
,2025-12-01 00:00:00,,,1.160496711730957,1.1610356569290161,1.1602274179458618,1.1606314182281494,0,
,2025-12-01 01:00:00,,,1.1606314182281494,1.1618449687957764,1.160496711730957,1.1609008312225342,0,
,2025-12-01 02:00:00,,,1.1607661247253418,1.1609008312225342,1.15968918800354,1.1599582433700562,0,
,2025-12-01 03:00:00,,,1.1598236560821533,1.160092830657959,1.1592857837677002,1.1599582433700562,0,
,2025-12-01 04:00:00,,,1.160092830657959,1.1606314182281494,1.1598236560821533,1.1602274179458618,0,
,2025-12-01 05:00:00,,,1.1602274179458618,1.160496711730957,1.1598236560821533,1.160092830657959,0,
,2025-12-01 06:00:00,,,1.160092830657959,1.160092830657959,1.1594202518463135,1.1599582433700562,0,
,2025-12-01 07:00:00,,,1.1602274179458618,1.1615750789642334,1.1599582433700562,1.16130530834198,0,
,2025-12-01 08:00:00,,,1.1609008312225342,1.162520408630371,1.1609008312225342,1.1617100238800049,0,
,2025-12-01 09:00:00,,,1.1618449687957764,1.1626555919647217,1.1618449687957764,1.1626555919647217,0,
,2025-12-01 10:00:00,,,1.162520408630371,1.1631964445114136,1.16225004196167,1.1629259586334229,0,
,2025-12-01 11:00:00,,,1.163061261177063,1.1634671688079834,1.1627906560897827,1.163061261177063,0,
,2025-12-01 12:00:00,,,1.163061261177063,1.1652295589447021,1.163061261177063,1.1652295589447021,0,
,2025-12-01 13:00:00,,,1.1652295589447021,1.1655012369155884,1.1642799377441406,1.164958119392395,0,
,2025-12-01 14:00:00,,,1.1648223400115967,1.1648223400115967,1.1634671688079834,1.163602590560913,0,
,2025-12-01 15:00:00,,,1.1640088558197021,1.1642799377441406,1.1626555919647217,1.1633317470550537,0,
,2025-12-01 16:00:00,,,1.1633317470550537,1.1637378931045532,1.162520408630371,1.1626555919647217,0,
,2025-12-01 17:00:00,,,1.1626555919647217,1.1631964445114136,1.1623852252960205,1.1623852252960205,0,
,2025-12-01 18:00:00,,,1.1623852252960205,1.1626555919647217,1.1615750789642334,1.1615750789642334,0,
,2025-12-01 19:00:00,,,1.161440134048462,1.1615750789642334,1.1610356569290161,1.161170482635498,0,
,2025-12-01 20:00:00,,,1.16130530834198,1.16130530834198,1.1610356569290161,1.161170482635498,0,
,2025-12-01 21:00:00,,,1.161440134048462,1.161440134048462,1.161170482635498,1.16130530834198,0,
,2025-12-01 22:00:00,,,1.161170482635498,1.16130530834198,1.1606314182281494,1.161170482635498,0,
,2025-12-01 23:00:00,,,1.16130530834198,1.16130530834198,1.1610356569290161,1.1610356569290161,0,
,2025-12-02 00:00:00,,,1.1610356569290161,1.16130530834198,1.1607661247253418,1.1609008312225342,0,
,2025-12-02 01:00:00,,,1.1609008312225342,1.16130530834198,1.1607661247253418,1.16130530834198,0,
,2025-12-02 02:00:00,,,1.16130530834198,1.1615750789642334,1.16130530834198,1.161440134048462,0,
,2025-12-02 03:00:00,,,1.161440134048462,1.1615750789642334,1.16130530834198,1.1615750789642334,0,
,2025-12-02 04:00:00,,,1.1615750789642334,1.1617100238800049,1.16130530834198,1.16130530834198,0,
,2025-12-02 05:00:00,,,1.16130530834198,1.161440134048462,1.1610356569290161,1.16130530834198,0,
,2025-12-02 06:00:00,,,1.16130530834198,1.161440134048462,1.1609008312225342,1.16130530834198,0,
,2025-12-02 07:00:00,,,1.161170482635498,1.1619800329208374,1.161170482635498,1.1615750789642334,0,
,2025-12-02 08:00:00,,,1.1617100238800049,1.1619800329208374,1.16130530834198,1.16130530834198,0,
,2025-12-02 09:00:00,,,1.161440134048462,1.1617100238800049,1.1607661247253418,1.161440134048462,0,
,2025-12-02 10:00:00,,,1.16130530834198,1.16130530834198,1.1603620052337646,1.1610356569290161,0,
,2025-12-02 11:00:00,,,1.1610356569290161,1.1615750789642334,1.1607661247253418,1.161440134048462,0,
,2025-12-02 12:00:00,,,1.161440134048462,1.16225004196167,1.161170482635498,1.1621150970458984,0,
,2025-12-02 13:00:00,,,1.1621150970458984,1.16225004196167,1.161440134048462,1.1619800329208374,0,
,2025-12-02 14:00:00,,,1.1621150970458984,1.1626555919647217,1.1617100238800049,1.1621150970458984,0,
,2025-12-02 15:00:00,,,1.1621150970458984,1.1621150970458984,1.1598236560821533,1.1609008312225342,0,
,2025-12-02 16:00:00,,,1.1610356569290161,1.161170482635498,1.15968918800354,1.15968918800354,0,
,2025-12-02 17:00:00,,,1.1599582433700562,1.161170482635498,1.15968918800354,1.1610356569290161,0,
,2025-12-02 18:00:00,,,1.161170482635498,1.1617100238800049,1.1609008312225342,1.161170482635498,0,
,2025-12-02 19:00:00,,,1.16130530834198,1.1627906560897827,1.16130530834198,1.1626555919647217,0,
,2025-12-02 20:00:00,,,1.162520408630371,1.1629259586334229,1.1623852252960205,1.1627906560897827,0,
,2025-12-02 21:00:00,,,1.1626555919647217,1.1629259586334229,1.162520408630371,1.1627906560897827,0,
,2025-12-02 22:00:00,,,1.1618449687957764,1.163061261177063,1.1618449687957764,1.1629259586334229,0,
,2025-12-02 23:00:00,,,1.1627906560897827,1.1631964445114136,1.1627906560897827,1.1631964445114136,0,
,2025-12-03 00:00:00,,,1.1631964445114136,1.163602590560913,1.1631964445114136,1.1634671688079834,0,
,2025-12-03 01:00:00,,,1.1634671688079834,1.1641442775726318,1.1634671688079834,1.1640088558197021,0,
,2025-12-03 02:00:00,,,1.1640088558197021,1.1642799377441406,1.163873314857483,1.1641442775726318,0,
,2025-12-03 03:00:00,,,1.1641442775726318,1.1642799377441406,1.1640088558197021,1.1641442775726318,0,
,2025-12-03 04:00:00,,,1.1641442775726318,1.1645511388778687,1.1640088558197021,1.1644154787063599,0,
,2025-12-03 05:00:00,,,1.1644154787063599,1.1648223400115967,1.1644154787063599,1.1645511388778687,0,
,2025-12-03 06:00:00,,,1.1645511388778687,1.1650937795639038,1.1645511388778687,1.164686679840088,0,
,2025-12-03 07:00:00,,,1.1648223400115967,1.1656370162963867,1.1642799377441406,1.1644154787063599,0,
,2025-12-03 08:00:00,,,1.1644154787063599,1.1648223400115967,1.163873314857483,1.1648223400115967,0,
,2025-12-03 09:00:00,,,1.1648223400115967,1.1652295589447021,1.1644154787063599,1.1650937795639038,0,
,2025-12-03 10:00:00,,,1.164958119392395,1.1667250394821167,1.164958119392395,1.1664528846740723,0,
,2025-12-03 11:00:00,,,1.1664528846740723,1.1668611764907837,1.1659088134765625,1.1668611764907837,0,
,2025-12-03 12:00:00,,,1.1668611764907837,1.1672697067260742,1.1665889024734497,1.1665889024734497,0,
,2025-12-03 13:00:00,,,1.1665889024734497,1.1678149700164795,1.1665889024734497,1.1669973134994507,0,
,2025-12-03 14:00:00,,,1.1669973134994507,1.1669973134994507,1.16604483127594,1.16604483127594,0,
,2025-12-03 15:00:00,,,1.1661807298660278,1.1671334505081177,1.1659088134765625,1.1664528846740723,0,
,2025-12-03 16:00:00,,,1.1663167476654053,1.1668611764907837,1.1661807298660278,1.1663167476654053,0,
,2025-12-03 17:00:00,,,1.1663167476654053,1.1674060821533203,1.16604483127594,1.1672697067260742,0,
,2025-12-03 18:00:00,,,1.1672697067260742,1.1678149700164795,1.1672697067260742,1.1675423383712769,0,
,2025-12-03 19:00:00,,,1.1675423383712769,1.1680878400802612,1.1675423383712769,1.1676785945892334,0,
,2025-12-03 20:00:00,,,1.1675423383712769,1.1676785945892334,1.1668611764907837,1.1668611764907837,0,
,2025-12-03 21:00:00,,,1.1669973134994507,1.1674060821533203,1.1667250394821167,1.1674060821533203,0,
,2025-12-03 22:00:00,,,1.1672697067260742,1.1676785945892334,1.1669973134994507,1.1675423383712769,0,
,2025-12-03 23:00:00,,,1.1675423383712769,1.1675423383712769,1.1667250394821167,1.1669973134994507,0,
,2025-12-04 00:00:00,,,1.1668611764907837,1.1668611764907837,1.1663167476654053,1.1664528846740723,0,
,2025-12-04 01:00:00,,,1.1665889024734497,1.1668611764907837,1.1663167476654053,1.1667250394821167,0,
,2025-12-04 02:00:00,,,1.1665889024734497,1.1667250394821167,1.1663167476654053,1.1663167476654053,0,
,2025-12-04 03:00:00,,,1.1663167476654053,1.1663167476654053,1.1657729148864746,1.1659088134765625,0,
,2025-12-04 04:00:00,,,1.1659088134765625,1.1663167476654053,1.1659088134765625,1.16604483127594,0,
,2025-12-04 05:00:00,,,1.16604483127594,1.1665889024734497,1.16604483127594,1.1661807298660278,0,
,2025-12-04 06:00:00,,,1.1663167476654053,1.1663167476654053,1.1656370162963867,1.1661807298660278,0,
,2025-12-04 07:00:00,,,1.1663167476654053,1.1668611764907837,1.1659088134765625,1.1668611764907837,0,
,2025-12-04 08:00:00,,,1.1668611764907837,1.1684973239898682,1.1668611764907837,1.1682243347167969,0,
,2025-12-04 09:00:00,,,1.1680878400802612,1.168770432472229,1.1676785945892334,1.1682243347167969,0,
,2025-12-04 10:00:00,,,1.1682243347167969,1.1682243347167969,1.1667250394821167,1.1669973134994507,0,
,2025-12-04 11:00:00,,,1.1669973134994507,1.1683608293533325,1.1669973134994507,1.1683608293533325,0,
,2025-12-04 12:00:00,,,1.1683608293533325,1.1684973239898682,1.1668611764907837,1.1672697067260742,0,
,2025-12-04 13:00:00,,,1.1672697067260742,1.1674060821533203,1.1661807298660278,1.1667250394821167,0,
,2025-12-04 14:00:00,,,1.1668611764907837,1.1679514646530151,1.1668611764907837,1.1674060821533203,0,
,2025-12-04 15:00:00,,,1.1672697067260742,1.1678149700164795,1.1661807298660278,1.1676785945892334,0,
,2025-12-04 16:00:00,,,1.1674060821533203,1.1674060821533203,1.1657729148864746,1.1663167476654053,0,
,2025-12-04 17:00:00,,,1.1661807298660278,1.1663167476654053,1.1656370162963867,1.16604483127594,0,
,2025-12-04 18:00:00,,,1.1659088134765625,1.1663167476654053,1.1657729148864746,1.1657729148864746,0,
,2025-12-04 19:00:00,,,1.1657729148864746,1.1659088134765625,1.1653653383255005,1.1656370162963867,0,
,2025-12-04 20:00:00,,,1.1653653383255005,1.1655012369155884,1.1644154787063599,1.164686679840088,0,
,2025-12-04 21:00:00,,,1.164686679840088,1.164958119392395,1.1645511388778687,1.1648223400115967,0,
,2025-12-04 22:00:00,,,1.1648223400115967,1.1650937795639038,1.1645511388778687,1.1648223400115967,0,
,2025-12-04 23:00:00,,,1.164686679840088,1.164686679840088,1.1644154787063599,1.1645511388778687,0,
,2025-12-05 00:00:00,,,1.1648223400115967,1.1653653383255005,1.1648223400115967,1.1653653383255005,0,
,2025-12-05 01:00:00,,,1.1653653383255005,1.1657729148864746,1.1653653383255005,1.1656370162963867,0,
,2025-12-05 02:00:00,,,1.1657729148864746,1.1657729148864746,1.1655012369155884,1.1655012369155884,0,
,2025-12-05 03:00:00,,,1.1655012369155884,1.1655012369155884,1.164958119392395,1.1652295589447021,0,
,2025-12-05 04:00:00,,,1.1652295589447021,1.1657729148864746,1.1652295589447021,1.1656370162963867,0,
,2025-12-05 05:00:00,,,1.1656370162963867,1.1663167476654053,1.1656370162963867,1.1663167476654053,0,
,2025-12-05 06:00:00,,,1.1661807298660278,1.1664528846740723,1.1659088134765625,1.1663167476654053,0,
,2025-12-05 07:00:00,,,1.1664528846740723,1.1675423383712769,1.1663167476654053,1.1665889024734497,0,
,2025-12-05 08:00:00,,,1.1663167476654053,1.1667250394821167,1.1656370162963867,1.1657729148864746,0,
,2025-12-05 09:00:00,,,1.1656370162963867,1.1657729148864746,1.1652295589447021,1.1657729148864746,0,
,2025-12-05 10:00:00,,,1.1659088134765625,1.1665889024734497,1.164686679840088,1.1655012369155884,0,
,2025-12-05 11:00:00,,,1.1653653383255005,1.1655012369155884,1.1645511388778687,1.164958119392395,0,
,2025-12-05 12:00:00,,,1.1650937795639038,1.1656370162963867,1.1648223400115967,1.1655012369155884,0,
,2025-12-05 13:00:00,,,1.1655012369155884,1.1656370162963867,1.1648223400115967,1.1655012369155884,0,
,2025-12-05 14:00:00,,,1.1656370162963867,1.1663167476654053,1.1650937795639038,1.1653653383255005,0,
,2025-12-05 15:00:00,,,1.1655012369155884,1.1661807298660278,1.1645511388778687,1.1650937795639038,0,
,2025-12-05 16:00:00,,,1.1650937795639038,1.1652295589447021,1.1631964445114136,1.163873314857483,0,
,2025-12-05 17:00:00,,,1.1637378931045532,1.164686679840088,1.163602590560913,1.164686679840088,0,
,2025-12-05 18:00:00,,,1.164686679840088,1.1652295589447021,1.1645511388778687,1.1645511388778687,0,
,2025-12-05 19:00:00,,,1.1645511388778687,1.1648223400115967,1.1644154787063599,1.164686679840088,0,
,2025-12-05 20:00:00,,,1.1645511388778687,1.164686679840088,1.1644154787063599,1.164686679840088,0,
,2025-12-05 21:00:00,,,1.1648223400115967,1.164958119392395,1.1644154787063599,1.1645511388778687,0,
,2025-12-05 22:00:00,,,1.1645511388778687,1.1645511388778687,1.1645511388778687,1.1645511388778687,0,
,2025-12-08 00:00:00,,,1.1644154787063599,1.1653653383255005,1.1644154787063599,1.1653653383255005,0,
,2025-12-08 01:00:00,,,1.1655012369155884,1.1656370162963867,1.164958119392395,1.1653653383255005,0,
,2025-12-08 02:00:00,,,1.1655012369155884,1.1657729148864746,1.1652295589447021,1.1657729148864746,0,
,2025-12-08 03:00:00,,,1.1657729148864746,1.1659088134765625,1.1653653383255005,1.1653653383255005,0,
,2025-12-08 04:00:00,,,1.1653653383255005,1.1659088134765625,1.1653653383255005,1.1657729148864746,0,
,2025-12-08 05:00:00,,,1.1657729148864746,1.1659088134765625,1.1656370162963867,1.1659088134765625,0,
,2025-12-08 06:00:00,,,1.1659088134765625,1.1674060821533203,1.1659088134765625,1.1664528846740723,0,
,2025-12-08 07:00:00,,,1.1665889024734497,1.1671334505081177,1.1659088134765625,1.16604483127594,0,
,2025-12-08 08:00:00,,,1.1661807298660278,1.1667250394821167,1.1652295589447021,1.1659088134765625,0,
,2025-12-08 09:00:00,,,1.1659088134765625,1.16604483127594,1.1648223400115967,1.1648223400115967,0,
,2025-12-08 10:00:00,,,1.1650937795639038,1.1664528846740723,1.1650937795639038,1.1655012369155884,0,
,2025-12-08 11:00:00,,,1.1653653383255005,1.1664528846740723,1.1650937795639038,1.1655012369155884,0,
,2025-12-08 12:00:00,,,1.1653653383255005,1.16604483127594,1.1650937795639038,1.1656370162963867,0,
,2025-12-08 13:00:00,,,1.1657729148864746,1.1664528846740723,1.164958119392395,1.1650937795639038,0,
,2025-12-08 14:00:00,,,1.1652295589447021,1.1657729148864746,1.1641442775726318,1.164686679840088,0,
,2025-12-08 15:00:00,,,1.1642799377441406,1.1642799377441406,1.1621150970458984,1.1627906560897827,0,
,2025-12-08 16:00:00,,,1.1627906560897827,1.1631964445114136,1.1619800329208374,1.1627906560897827,0,
,2025-12-08 17:00:00,,,1.1627906560897827,1.1641442775726318,1.1623852252960205,1.1641442775726318,0,
,2025-12-08 18:00:00,,,1.1642799377441406,1.1648223400115967,1.163873314857483,1.1640088558197021,0,
,2025-12-08 19:00:00,,,1.1640088558197021,1.1645511388778687,1.1640088558197021,1.1642799377441406,0,
,2025-12-08 20:00:00,,,1.1642799377441406,1.1645511388778687,1.1641442775726318,1.1641442775726318,0,
,2025-12-08 21:00:00,,,1.1641442775726318,1.1645511388778687,1.163061261177063,1.1640088558197021,0,
,2025-12-08 22:00:00,,,1.1640088558197021,1.1645511388778687,1.1631964445114136,1.1640088558197021,0,
,2025-12-08 23:00:00,,,1.1640088558197021,1.1644154787063599,1.1640088558197021,1.1644154787063599,0,
,2025-12-09 00:00:00,,,1.1644154787063599,1.1652295589447021,1.1640088558197021,1.1641442775726318,0,
,2025-12-09 01:00:00,,,1.1641442775726318,1.1650937795639038,1.1640088558197021,1.164958119392395,0,
,2025-12-09 02:00:00,,,1.164958119392395,1.1655012369155884,1.164686679840088,1.164958119392395,0,
,2025-12-09 03:00:00,,,1.164958119392395,1.1650937795639038,1.1645511388778687,1.164958119392395,0,
,2025-12-09 04:00:00,,,1.164958119392395,1.1652295589447021,1.164686679840088,1.164958119392395,0,
,2025-12-09 05:00:00,,,1.1650937795639038,1.1653653383255005,1.1648223400115967,1.1653653383255005,0,
,2025-12-09 06:00:00,,,1.1652295589447021,1.1652295589447021,1.164686679840088,1.164686679840088,0,
,2025-12-09 07:00:00,,,1.164686679840088,1.164958119392395,1.1641442775726318,1.1644154787063599,0,
,2025-12-09 08:00:00,,,1.1644154787063599,1.1652295589447021,1.1637378931045532,1.164958119392395,0,
,2025-12-09 09:00:00,,,1.1648223400115967,1.1659088134765625,1.1648223400115967,1.1656370162963867,0,
,2025-12-09 10:00:00,,,1.1656370162963867,1.1657729148864746,1.1644154787063599,1.1648223400115967,0,
,2025-12-09 11:00:00,,,1.1648223400115967,1.1650937795639038,1.1641442775726318,1.164686679840088,0,
,2025-12-09 12:00:00,,,1.164686679840088,1.164686679840088,1.163873314857483,1.1642799377441406,0,
,2025-12-09 13:00:00,,,1.1641442775726318,1.1642799377441406,1.1633317470550537,1.163873314857483,0,
,2025-12-09 14:00:00,,,1.1637378931045532,1.1641442775726318,1.1631964445114136,1.1641442775726318,0,
,2025-12-09 15:00:00,,,1.1627906560897827,1.163873314857483,1.1619800329208374,1.1631964445114136,0,
,2025-12-09 16:00:00,,,1.1631964445114136,1.1642799377441406,1.1631964445114136,1.1641442775726318,0,
,2025-12-09 17:00:00,,,1.1641442775726318,1.1641442775726318,1.162520408630371,1.1626555919647217,0,
,2025-12-09 18:00:00,,,1.1627906560897827,1.1627906560897827,1.1621150970458984,1.1627906560897827,0,
,2025-12-09 19:00:00,,,1.1627906560897827,1.1633317470550537,1.162520408630371,1.163061261177063,0,
,2025-12-09 20:00:00,,,1.1631964445114136,1.1634671688079834,1.163061261177063,1.163061261177063,0,
,2025-12-09 21:00:00,,,1.163061261177063,1.1633317470550537,1.1627906560897827,1.163061261177063,0,
,2025-12-09 22:00:00,,,1.1634671688079834,1.1634671688079834,1.1627906560897827,1.1629259586334229,0,
,2025-12-09 23:00:00,,,1.1629259586334229,1.1631964445114136,1.1629259586334229,1.1631964445114136,0,
,2025-12-10 00:00:00,,,1.1631964445114136,1.1631964445114136,1.1627906560897827,1.1629259586334229,0,
,2025-12-10 01:00:00,,,1.163061261177063,1.1631964445114136,1.1626555919647217,1.1627906560897827,0,
,2025-12-10 02:00:00,,,1.1626555919647217,1.1631964445114136,1.1626555919647217,1.1626555919647217,0,
,2025-12-10 03:00:00,,,1.1626555919647217,1.163061261177063,1.162520408630371,1.1629259586334229,0,
,2025-12-10 04:00:00,,,1.163061261177063,1.1631964445114136,1.1629259586334229,1.163061261177063,0,
,2025-12-10 05:00:00,,,1.163061261177063,1.1634671688079834,1.163061261177063,1.1633317470550537,0,
,2025-12-10 06:00:00,,,1.1633317470550537,1.163873314857483,1.1631964445114136,1.163873314857483,0,
,2025-12-10 07:00:00,,,1.163873314857483,1.1652295589447021,1.163873314857483,1.1652295589447021,0,
,2025-12-10 08:00:00,,,1.1650937795639038,1.16604483127594,1.1648223400115967,1.1656370162963867,0,
,2025-12-10 09:00:00,,,1.1656370162963867,1.1656370162963867,1.163873314857483,1.1640088558197021,0,
,2025-12-10 10:00:00,,,1.163873314857483,1.1642799377441406,1.163061261177063,1.1637378931045532,0,
,2025-12-10 11:00:00,,,1.163873314857483,1.1641442775726318,1.1634671688079834,1.1637378931045532,0,
,2025-12-10 12:00:00,,,1.163873314857483,1.1645511388778687,1.163602590560913,1.1642799377441406,0,
,2025-12-10 13:00:00,,,1.1644154787063599,1.1644154787063599,1.1631964445114136,1.1644154787063599,0,
,2025-12-10 14:00:00,,,1.1644154787063599,1.1648223400115967,1.1637378931045532,1.1648223400115967,0,
,2025-12-10 15:00:00,,,1.164686679840088,1.1653653383255005,1.163873314857483,1.1645511388778687,0,
,2025-12-10 16:00:00,,,1.1645511388778687,1.1652295589447021,1.1641442775726318,1.1652295589447021,0,
,2025-12-10 17:00:00,,,1.1653653383255005,1.1663167476654053,1.164958119392395,1.1661807298660278,0,
,2025-12-10 18:00:00,,,1.1661807298660278,1.1663167476654053,1.1657729148864746,1.1659088134765625,0,
,2025-12-10 19:00:00,,,1.1655012369155884,1.1683608293533325,1.1652295589447021,1.1683608293533325,0,
,2025-12-10 20:00:00,,,1.1680878400802612,1.1702749729156494,1.1678149700164795,1.1697274446487427,0,
,2025-12-10 21:00:00,,,1.1697274446487427,1.169864296913147,1.1693171262741089,1.169864296913147,0,
,2025-12-10 22:00:00,,,1.169864296913147,1.1704120635986328,1.1690436601638794,1.1697274446487427,0,
,2025-12-10 23:00:00,,,1.1697274446487427,1.1706860065460205,1.1697274446487427,1.1704120635986328,0,
,2025-12-11 00:00:00,,,1.170548915863037,1.170823097229004,1.1701380014419556,1.170548915863037,0,
,2025-12-11 01:00:00,,,1.170548915863037,1.1709601879119873,1.1704120635986328,1.1704120635986328,0,
,2025-12-11 02:00:00,,,1.170548915863037,1.1709601879119873,1.1697274446487427,1.1697274446487427,0,
,2025-12-11 03:00:00,,,1.169864296913147,1.1700011491775513,1.1694538593292236,1.1695905923843384,0,
,2025-12-11 04:00:00,,,1.1694538593292236,1.1694538593292236,1.1689070463180542,1.1694538593292236,0,
,2025-12-11 05:00:00,,,1.1694538593292236,1.1695905923843384,1.1689070463180542,1.1689070463180542,0,
,2025-12-11 06:00:00,,,1.168770432472229,1.1693171262741089,1.1686338186264038,1.1693171262741089,0,
,2025-12-11 07:00:00,,,1.1693171262741089,1.1702749729156494,1.1691803932189941,1.1697274446487427,0,
,2025-12-11 08:00:00,,,1.1697274446487427,1.1709601879119873,1.1697274446487427,1.1701380014419556,0,
,2025-12-11 09:00:00,,,1.1701380014419556,1.170548915863037,1.1690436601638794,1.1704120635986328,0,
,2025-12-11 10:00:00,,,1.170548915863037,1.1710972785949707,1.1704120635986328,1.1710972785949707,0,
,2025-12-11 11:00:00,,,1.1709601879119873,1.17205810546875,1.1709601879119873,1.1716461181640625,0,
,2025-12-11 12:00:00,,,1.1716461181640625,1.172195553779602,1.1713716983795166,1.17205810546875,0,
,2025-12-11 13:00:00,,,1.17205810546875,1.1739845275878906,1.171783447265625,1.173433542251587,0,
,2025-12-11 14:00:00,,,1.1735711097717285,1.1750881671905518,1.173433542251587,1.1743981838226318,0,
,2025-12-11 15:00:00,,,1.1739845275878906,1.1760554313659668,1.1737089157104492,1.1760554313659668,0,
,2025-12-11 16:00:00,,,1.1760554313659668,1.1763322353363037,1.1749500036239624,1.1757789850234985,0,
,2025-12-11 17:00:00,,,1.1759172677993774,1.1764705181121826,1.175364375114441,1.1757789850234985,0,
,2025-12-11 18:00:00,,,1.1757789850234985,1.1761938333511353,1.1755025386810303,1.1756407022476196,0,
,2025-12-11 19:00:00,,,1.1756407022476196,1.1757789850234985,1.1743981838226318,1.1743981838226318,0,
,2025-12-11 20:00:00,,,1.1742602586746216,1.1749500036239624,1.1741223335266113,1.1743981838226318,0,
,2025-12-11 21:00:00,,,1.1743981838226318,1.1746740341186523,1.1741223335266113,1.1741223335266113,0,
,2025-12-11 22:00:00,,,1.1742602586746216,1.1743981838226318,1.17384672164917,1.1742602586746216,0,
,2025-12-11 23:00:00,,,1.1742602586746216,1.1745359897613525,1.1741223335266113,1.1742602586746216,0,
,2025-12-12 00:00:00,,,1.1745359897613525,1.1748120784759521,1.1743981838226318,1.1743981838226318,0,
,2025-12-12 01:00:00,,,1.1743981838226318,1.1749500036239624,1.1735711097717285,1.17384672164917,0,
,2025-12-12 02:00:00,,,1.17384672164917,1.1741223335266113,1.1735711097717285,1.1739845275878906,0,
,2025-12-12 03:00:00,,,1.1739845275878906,1.1741223335266113,1.1737089157104492,1.17384672164917,0,
,2025-12-12 04:00:00,,,1.17384672164917,1.17384672164917,1.1735711097717285,1.1735711097717285,0,
,2025-12-12 05:00:00,,,1.1735711097717285,1.1742602586746216,1.1735711097717285,1.1742602586746216,0,
,2025-12-12 06:00:00,,,1.1742602586746216,1.1745359897613525,1.1737089157104492,1.1741223335266113,0,
,2025-12-12 07:00:00,,,1.1741223335266113,1.1746740341186523,1.1739845275878906,1.1741223335266113,0,
,2025-12-12 08:00:00,,,1.1741223335266113,1.1745359897613525,1.173433542251587,1.173433542251587,0,
,2025-12-12 09:00:00,,,1.1730204820632935,1.17384672164917,1.1730204820632935,1.1735711097717285,0,
,2025-12-12 10:00:00,,,1.1735711097717285,1.1735711097717285,1.1728830337524414,1.1730204820632935,0,
,2025-12-12 11:00:00,,,1.1730204820632935,1.1731581687927246,1.1726078987121582,1.1730204820632935,0,
,2025-12-12 12:00:00,,,1.1728830337524414,1.1730204820632935,1.172333002090454,1.1727453470230103,0,
,2025-12-12 13:00:00,,,1.1728830337524414,1.17384672164917,1.1728830337524414,1.1730204820632935,0,
,2025-12-12 14:00:00,,,1.1730204820632935,1.1746740341186523,1.1727453470230103,1.1745359897613525,0,
,2025-12-12 15:00:00,,,1.1745359897613525,1.1748120784759521,1.173433542251587,1.1739845275878906,0,
,2025-12-12 16:00:00,,,1.1742602586746216,1.1746740341186523,1.1730204820632935,1.173433542251587,0,
,2025-12-12 17:00:00,,,1.173433542251587,1.1752262115478516,1.173433542251587,1.1752262115478516,0,
,2025-12-12 18:00:00,,,1.1750881671905518,1.175364375114441,1.1745359897613525,1.1745359897613525,0,
,2025-12-12 19:00:00,,,1.1743981838226318,1.1743981838226318,1.1739845275878906,1.1743981838226318,0,
,2025-12-12 20:00:00,,,1.1745359897613525,1.1749500036239624,1.1742602586746216,1.1742602586746216,0,
,2025-12-12 21:00:00,,,1.1742602586746216,1.1748120784759521,1.1742602586746216,1.1745359897613525,0,
,2025-12-12 22:00:00,,,1.1743981838226318,1.1743981838226318,1.1743981838226318,1.1743981838226318,0,
,2025-12-15 00:00:00,,,1.1741223335266113,1.1741223335266113,1.1731581687927246,1.1737089157104492,0,
,2025-12-15 01:00:00,,,1.1737089157104492,1.1745359897613525,1.1732958555221558,1.1743981838226318,0,
,2025-12-15 02:00:00,,,1.1745359897613525,1.1748120784759521,1.1741223335266113,1.1745359897613525,0,
,2025-12-15 03:00:00,,,1.1745359897613525,1.1748120784759521,1.1735711097717285,1.1737089157104492,0,
,2025-12-15 04:00:00,,,1.1737089157104492,1.17384672164917,1.1735711097717285,1.1735711097717285,0,
,2025-12-15 05:00:00,,,1.1735711097717285,1.17384672164917,1.1735711097717285,1.17384672164917,0,
,2025-12-15 06:00:00,,,1.17384672164917,1.1739845275878906,1.173433542251587,1.1739845275878906,0,
,2025-12-15 07:00:00,,,1.1739845275878906,1.1741223335266113,1.1731581687927246,1.1731581687927246,0,
,2025-12-15 08:00:00,,,1.1732958555221558,1.1741223335266113,1.1730204820632935,1.1735711097717285,0,
,2025-12-15 09:00:00,,,1.173433542251587,1.1746740341186523,1.173433542251587,1.1746740341186523,0,
,2025-12-15 10:00:00,,,1.1746740341186523,1.1749500036239624,1.1742602586746216,1.1746740341186523,0,
,2025-12-15 11:00:00,,,1.1745359897613525,1.175364375114441,1.1745359897613525,1.1752262115478516,0,
,2025-12-15 12:00:00,,,1.1752262115478516,1.1761938333511353,1.1752262115478516,1.1756407022476196,0,
,2025-12-15 13:00:00,,,1.1757789850234985,1.1763322353363037,1.1750881671905518,1.1752262115478516,0,
,2025-12-15 14:00:00,,,1.1749500036239624,1.1766090393066406,1.1748120784759521,1.1766090393066406,0,
,2025-12-15 15:00:00,,,1.176747441291809,1.177163004875183,1.1759172677993774,1.1766090393066406,0,
,2025-12-15 16:00:00,,,1.1766090393066406,1.176747441291809,1.1756407022476196,1.1759172677993774,0,
,2025-12-15 17:00:00,,,1.1759172677993774,1.1759172677993774,1.1748120784759521,1.1749500036239624,0,
,2025-12-15 18:00:00,,,1.1749500036239624,1.1752262115478516,1.1742602586746216,1.1746740341186523,0,
,2025-12-15 19:00:00,,,1.1746740341186523,1.175364375114441,1.1742602586746216,1.175364375114441,0,
,2025-12-15 20:00:00,,,1.1752262115478516,1.1755025386810303,1.1750881671905518,1.1755025386810303,0,
,2025-12-15 21:00:00,,,1.1755025386810303,1.1756407022476196,1.1752262115478516,1.1756407022476196,0,
,2025-12-15 22:00:00,,,1.175364375114441,1.1757789850234985,1.1750881671905518,1.1755025386810303,0,
,2025-12-15 23:00:00,,,1.1756407022476196,1.1759172677993774,1.1756407022476196,1.1757789850234985,0,
,2025-12-16 00:00:00,,,1.1756407022476196,1.1761938333511353,1.1752262115478516,1.1752262115478516,0,
,2025-12-16 01:00:00,,,1.175364375114441,1.1757789850234985,1.1750881671905518,1.175364375114441,0,
,2025-12-16 02:00:00,,,1.1755025386810303,1.1760554313659668,1.175364375114441,1.1759172677993774,0,
,2025-12-16 03:00:00,,,1.1759172677993774,1.1763322353363037,1.175364375114441,1.1755025386810303,0,
,2025-12-16 04:00:00,,,1.1755025386810303,1.1757789850234985,1.175364375114441,1.1755025386810303,0,
,2025-12-16 05:00:00,,,1.1755025386810303,1.1757789850234985,1.175364375114441,1.175364375114441,0,
,2025-12-16 06:00:00,,,1.175364375114441,1.1756407022476196,1.1750881671905518,1.1756407022476196,0,
,2025-12-16 07:00:00,,,1.1757789850234985,1.1757789850234985,1.1749500036239624,1.175364375114441,0,
,2025-12-16 08:00:00,,,1.1756407022476196,1.176747441291809,1.1750881671905518,1.1757789850234985,0,
,2025-12-16 09:00:00,,,1.1757789850234985,1.1764705181121826,1.175364375114441,1.1760554313659668,0,
,2025-12-16 10:00:00,,,1.1761938333511353,1.1764705181121826,1.1757789850234985,1.1760554313659668,0,
,2025-12-16 11:00:00,,,1.1760554313659668,1.1766090393066406,1.1756407022476196,1.1766090393066406,0,
,2025-12-16 12:00:00,,,1.176747441291809,1.177994966506958,1.1764705181121826,1.177994966506958,0,
,2025-12-16 13:00:00,,,1.1781338453292847,1.1793843507766724,1.1761938333511353,1.1777175664901733,0,
,2025-12-16 14:00:00,,,1.1778563261032104,1.18035888671875,1.1774401664733887,1.18035888671875,0,
,2025-12-16 15:00:00,,,1.1802195310592651,1.1806375980377197,1.1773016452789307,1.1773016452789307,0,
,2025-12-16 16:00:00,,,1.1773016452789307,1.177994966506958,1.1766090393066406,1.177163004875183,0,
,2025-12-16 17:00:00,,,1.177163004875183,1.1781338453292847,1.1766090393066406,1.176747441291809,0,
,2025-12-16 18:00:00,,,1.176747441291809,1.176747441291809,1.1749500036239624,1.1756407022476196,0,
,2025-12-16 19:00:00,,,1.1755025386810303,1.1766090393066406,1.1743981838226318,1.1761938333511353,0,
,2025-12-16 20:00:00,,,1.1761938333511353,1.1766090393066406,1.1750881671905518,1.1752262115478516,0,
,2025-12-16 21:00:00,,,1.1752262115478516,1.175364375114441,1.1749500036239624,1.1750881671905518,0,
,2025-12-16 22:00:00,,,1.1750881671905518,1.1752262115478516,1.1748120784759521,1.1750881671905518,0,
,2025-12-16 23:00:00,,,1.1752262115478516,1.1756407022476196,1.1752262115478516,1.1752262115478516,0,
,2025-12-17 00:00:00,,,1.1752262115478516,1.1755025386810303,1.1749500036239624,1.175364375114441,0,
,2025-12-17 01:00:00,,,1.175364375114441,1.1755025386810303,1.1749500036239624,1.1750881671905518,0,
,2025-12-17 02:00:00,,,1.1749500036239624,1.1750881671905518,1.1741223335266113,1.1743981838226318,0,
,2025-12-17 03:00:00,,,1.1743981838226318,1.1743981838226318,1.1741223335266113,1.1742602586746216,0,
,2025-12-17 04:00:00,,,1.1742602586746216,1.1742602586746216,1.1731581687927246,1.173433542251587,0,
,2025-12-17 05:00:00,,,1.1732958555221558,1.173433542251587,1.1728830337524414,1.1731581687927246,0,
,2025-12-17 06:00:00,,,1.1732958555221558,1.173433542251587,1.1710972785949707,1.1710972785949707,0,
,2025-12-17 07:00:00,,,1.1710972785949707,1.1716461181640625,1.170823097229004,1.1716461181640625,0,
,2025-12-17 08:00:00,,,1.171783447265625,1.172333002090454,1.1709601879119873,1.172195553779602,0,
,2025-12-17 09:00:00,,,1.172195553779602,1.172333002090454,1.1715089082717896,1.17205810546875,0,
,2025-12-17 10:00:00,,,1.1719207763671875,1.1728830337524414,1.1716461181640625,1.1728830337524414,0,
,2025-12-17 11:00:00,,,1.1728830337524414,1.1730204820632935,1.1710972785949707,1.1713716983795166,0,
,2025-12-17 12:00:00,,,1.1712344884872437,1.1728830337524414,1.1712344884872437,1.1727453470230103,0,
,2025-12-17 13:00:00,,,1.1730204820632935,1.1735711097717285,1.1724703311920166,1.1735711097717285,0,
,2025-12-17 14:00:00,,,1.1735711097717285,1.1748120784759521,1.1731581687927246,1.1745359897613525,0,
,2025-12-17 15:00:00,,,1.1743981838226318,1.1760554313659668,1.1743981838226318,1.1757789850234985,0,
,2025-12-17 16:00:00,,,1.1756407022476196,1.1759172677993774,1.1749500036239624,1.1750881671905518,0,
,2025-12-17 17:00:00,,,1.1750881671905518,1.1757789850234985,1.1750881671905518,1.1750881671905518,0,
,2025-12-17 18:00:00,,,1.1752262115478516,1.1757789850234985,1.1745359897613525,1.1746740341186523,0,
,2025-12-17 19:00:00,,,1.1748120784759521,1.1750881671905518,1.1745359897613525,1.1748120784759521,0,
,2025-12-17 20:00:00,,,1.1748120784759521,1.1749500036239624,1.1742602586746216,1.1742602586746216,0,
,2025-12-17 21:00:00,,,1.1742602586746216,1.1745359897613525,1.1742602586746216,1.1743981838226318,0,
,2025-12-17 22:00:00,,,1.1742602586746216,1.1748120784759521,1.1742602586746216,1.1743981838226318,0,
,2025-12-17 23:00:00,,,1.1743981838226318,1.1746740341186523,1.1743981838226318,1.1745359897613525,0,
,2025-12-18 00:00:00,,,1.1745359897613525,1.1749500036239624,1.1743981838226318,1.1748120784759521,0,
,2025-12-18 01:00:00,,,1.1748120784759521,1.1748120784759521,1.1739845275878906,1.1739845275878906,0,
,2025-12-18 02:00:00,,,1.1743981838226318,1.1746740341186523,1.1739845275878906,1.1743981838226318,0,
,2025-12-18 03:00:00,,,1.1743981838226318,1.1745359897613525,1.1741223335266113,1.1742602586746216,0,
,2025-12-18 04:00:00,,,1.1742602586746216,1.1745359897613525,1.1741223335266113,1.1745359897613525,0,
,2025-12-18 05:00:00,,,1.1746740341186523,1.1750881671905518,1.1745359897613525,1.1750881671905518,0,
,2025-12-18 06:00:00,,,1.1749500036239624,1.1750881671905518,1.1742602586746216,1.1748120784759521,0,
,2025-12-18 07:00:00,,,1.1748120784759521,1.1752262115478516,1.17384672164917,1.17384672164917,0,
,2025-12-18 08:00:00,,,1.1737089157104492,1.1739845275878906,1.1731581687927246,1.173433542251587,0,
,2025-12-18 09:00:00,,,1.1735711097717285,1.1735711097717285,1.17205810546875,1.1724703311920166,0,
,2025-12-18 10:00:00,,,1.1724703311920166,1.1730204820632935,1.172195553779602,1.1728830337524414,0,
,2025-12-18 11:00:00,,,1.1727453470230103,1.1730204820632935,1.1724703311920166,1.1724703311920166,0,
,2025-12-18 12:00:00,,,1.1726078987121582,1.1726078987121582,1.1716461181640625,1.1716461181640625,0,
,2025-12-18 13:00:00,,,1.1716461181640625,1.1763322353363037,1.1716461181640625,1.1750881671905518,0,
,2025-12-18 14:00:00,,,1.1750881671905518,1.1757789850234985,1.17384672164917,1.17384672164917,0,
,2025-12-18 15:00:00,,,1.17384672164917,1.1743981838226318,1.17205810546875,1.1730204820632935,0,
,2025-12-18 16:00:00,,,1.1730204820632935,1.1749500036239624,1.1728830337524414,1.1731581687927246,0,
,2025-12-18 17:00:00,,,1.1731581687927246,1.1731581687927246,1.1719207763671875,1.172333002090454,0,
,2025-12-18 18:00:00,,,1.172333002090454,1.1727453470230103,1.1719207763671875,1.1724703311920166,0,
,2025-12-18 19:00:00,,,1.172333002090454,1.1730204820632935,1.172195553779602,1.1728830337524414,0,
,2025-12-18 20:00:00,,,1.1728830337524414,1.1731581687927246,1.1724703311920166,1.1724703311920166,0,
,2025-12-18 21:00:00,,,1.1724703311920166,1.1728830337524414,1.1724703311920166,1.1727453470230103,0,
,2025-12-18 22:00:00,,,1.1727453470230103,1.1728830337524414,1.17205810546875,1.1728830337524414,0,
,2025-12-18 23:00:00,,,1.1730204820632935,1.1731581687927246,1.1727453470230103,1.1728830337524414,0,
,2025-12-19 00:00:00,,,1.1728830337524414,1.1730204820632935,1.1726078987121582,1.1730204820632935,0,
,2025-12-19 01:00:00,,,1.1730204820632935,1.1731581687927246,1.1724703311920166,1.1727453470230103,0,
,2025-12-19 02:00:00,,,1.1728830337524414,1.1731581687927246,1.1724703311920166,1.1726078987121582,0,
,2025-12-19 03:00:00,,,1.1726078987121582,1.1728830337524414,1.172195553779602,1.1724703311920166,0,
,2025-12-19 04:00:00,,,1.1724703311920166,1.1726078987121582,1.1719207763671875,1.17205810546875,0,
,2025-12-19 05:00:00,,,1.17205810546875,1.1724703311920166,1.17205810546875,1.172333002090454,0,
,2025-12-19 06:00:00,,,1.172333002090454,1.1724703311920166,1.1716461181640625,1.172333002090454,0,
,2025-12-19 07:00:00,,,1.172333002090454,1.172333002090454,1.170823097229004,1.1709601879119873,0,
,2025-12-19 08:00:00,,,1.1712344884872437,1.1719207763671875,1.1710972785949707,1.171783447265625,0,
,2025-12-19 09:00:00,,,1.1716461181640625,1.17205810546875,1.1712344884872437,1.1715089082717896,0,
,2025-12-19 10:00:00,,,1.1716461181640625,1.17205810546875,1.1713716983795166,1.1719207763671875,0,
,2025-12-19 11:00:00,,,1.1719207763671875,1.17205810546875,1.1712344884872437,1.1716461181640625,0,
,2025-12-19 12:00:00,,,1.1713716983795166,1.1719207763671875,1.1712344884872437,1.1713716983795166,0,
,2025-12-19 13:00:00,,,1.1712344884872437,1.172195553779602,1.1706860065460205,1.172195553779602,0,
,2025-12-19 14:00:00,,,1.172333002090454,1.1741223335266113,1.172333002090454,1.1730204820632935,0,
,2025-12-19 15:00:00,,,1.1730204820632935,1.1731581687927246,1.1713716983795166,1.1713716983795166,0,
,2025-12-19 16:00:00,,,1.1713716983795166,1.172333002090454,1.1712344884872437,1.172333002090454,0,
,2025-12-19 17:00:00,,,1.1724703311920166,1.1724703311920166,1.171783447265625,1.172195553779602,0,
,2025-12-19 18:00:00,,,1.172195553779602,1.1730204820632935,1.172195553779602,1.172333002090454,0,
,2025-12-19 19:00:00,,,1.172333002090454,1.1727453470230103,1.17205810546875,1.1727453470230103,0,
,2025-12-19 20:00:00,,,1.1727453470230103,1.1728830337524414,1.1712344884872437,1.1713716983795166,0,
,2025-12-19 21:00:00,,,1.1713716983795166,1.1716461181640625,1.1710972785949707,1.1712344884872437,0,
,2025-12-19 22:00:00,,,1.1713716983795166,1.1715089082717896,1.1713716983795166,1.1715089082717896,0,
,2025-12-22 00:00:00,,,1.1713716983795166,1.1719207763671875,1.1713716983795166,1.1719207763671875,0,
,2025-12-22 01:00:00,,,1.17205810546875,1.172333002090454,1.1716461181640625,1.17205810546875,0,
,2025-12-22 02:00:00,,,1.172195553779602,1.172333002090454,1.1719207763671875,1.17205810546875,0,
,2025-12-22 03:00:00,,,1.1719207763671875,1.172195553779602,1.171783447265625,1.172195553779602,0,
,2025-12-22 04:00:00,,,1.17205810546875,1.1724703311920166,1.17205810546875,1.172333002090454,0,
,2025-12-22 05:00:00,,,1.172333002090454,1.1724703311920166,1.1719207763671875,1.17205810546875,0,
,2025-12-22 06:00:00,,,1.17205810546875,1.172195553779602,1.1716461181640625,1.1719207763671875,0,
,2025-12-22 07:00:00,,,1.172195553779602,1.173433542251587,1.1719207763671875,1.1732958555221558,0,
,2025-12-22 08:00:00,,,1.1732958555221558,1.1741223335266113,1.1727453470230103,1.1739845275878906,0,
,2025-12-22 09:00:00,,,1.1739845275878906,1.1739845275878906,1.1731581687927246,1.1732958555221558,0,
,2025-12-22 10:00:00,,,1.173433542251587,1.1741223335266113,1.173433542251587,1.1735711097717285,0,
,2025-12-22 11:00:00,,,1.1737089157104492,1.1739845275878906,1.1732958555221558,1.1735711097717285,0,
,2025-12-22 12:00:00,,,1.1737089157104492,1.1746740341186523,1.1737089157104492,1.1745359897613525,0,
,2025-12-22 13:00:00,,,1.1746740341186523,1.1756407022476196,1.1746740341186523,1.175364375114441,0,
,2025-12-22 14:00:00,,,1.175364375114441,1.176747441291809,1.1748120784759521,1.1764705181121826,0,
,2025-12-22 15:00:00,,,1.1763322353363037,1.1773016452789307,1.1763322353363037,1.176747441291809,0,
,2025-12-22 16:00:00,,,1.1766090393066406,1.176747441291809,1.1752262115478516,1.175364375114441,0,
,2025-12-22 17:00:00,,,1.1755025386810303,1.176747441291809,1.175364375114441,1.1761938333511353,0,
,2025-12-22 18:00:00,,,1.1760554313659668,1.1761938333511353,1.175364375114441,1.1756407022476196,0,
,2025-12-22 19:00:00,,,1.1756407022476196,1.1759172677993774,1.1752262115478516,1.1759172677993774,0,
,2025-12-22 20:00:00,,,1.1757789850234985,1.1761938333511353,1.1756407022476196,1.1757789850234985,0,
,2025-12-22 21:00:00,,,1.1757789850234985,1.1766090393066406,1.1757789850234985,1.1764705181121826,0,
,2025-12-22 22:00:00,,,1.1761938333511353,1.1766090393066406,1.1759172677993774,1.1763322353363037,0,
,2025-12-22 23:00:00,,,1.1763322353363037,1.176885962486267,1.1763322353363037,1.176885962486267,0,
,2025-12-23 00:00:00,,,1.176747441291809,1.1773016452789307,1.176747441291809,1.177163004875183,0,
,2025-12-23 01:00:00,,,1.177163004875183,1.1778563261032104,1.176885962486267,1.1775789260864258,0,
,2025-12-23 02:00:00,,,1.1777175664901733,1.1782727241516113,1.1775789260864258,1.1781338453292847,0,
,2025-12-23 03:00:00,,,1.1781338453292847,1.1782727241516113,1.1777175664901733,1.1778563261032104,0,
,2025-12-23 04:00:00,,,1.1781338453292847,1.1782727241516113,1.1777175664901733,1.1778563261032104,0,
,2025-12-23 05:00:00,,,1.1778563261032104,1.1782727241516113,1.1778563261032104,1.1778563261032104,0,
,2025-12-23 06:00:00,,,1.177994966506958,1.177994966506958,1.1773016452789307,1.1774401664733887,0,
,2025-12-23 07:00:00,,,1.1774401664733887,1.1784114837646484,1.1773016452789307,1.1784114837646484,0,
,2025-12-23 08:00:00,,,1.1782727241516113,1.1786893606185913,1.177994966506958,1.178550362586975,0,
,2025-12-23 09:00:00,,,1.178828239440918,1.1795234680175781,1.178550362586975,1.1795234680175781,0,
,2025-12-23 10:00:00,,,1.1796625852584839,1.18035888671875,1.1796625852584839,1.1802195310592651,0,
,2025-12-23 11:00:00,,,1.1802195310592651,1.1802195310592651,1.1796625852584839,1.179940938949585,0,
,2025-12-23 12:00:00,,,1.179940938949585,1.1804981231689453,1.1792453527450562,1.1792453527450562,0,
,2025-12-23 13:00:00,,,1.1793843507766724,1.1796625852584839,1.1778563261032104,1.1778563261032104,0,
,2025-12-23 14:00:00,,,1.1778563261032104,1.1782727241516113,1.177163004875183,1.177163004875183,0,
,2025-12-23 15:00:00,,,1.177163004875183,1.1781338453292847,1.176885962486267,1.1778563261032104,0,
,2025-12-23 16:00:00,,,1.1778563261032104,1.1784114837646484,1.1777175664901733,1.177994966506958,0,
,2025-12-23 17:00:00,,,1.1778563261032104,1.1781338453292847,1.1773016452789307,1.1773016452789307,0,
,2025-12-23 18:00:00,,,1.1773016452789307,1.178550362586975,1.1773016452789307,1.178550362586975,0,
,2025-12-23 19:00:00,,,1.1786893606185913,1.1793843507766724,1.1786893606185913,1.1793843507766724,0,
,2025-12-23 20:00:00,,,1.1793843507766724,1.1796625852584839,1.1791062355041504,1.1793843507766724,0,
,2025-12-23 21:00:00,,,1.1793843507766724,1.1800801753997803,1.1792453527450562,1.1798018217086792,0,
,2025-12-23 22:00:00,,,1.1804981231689453,1.1816140413284302,1.1795234680175781,1.179940938949585,0,
,2025-12-23 23:00:00,,,1.1796625852584839,1.1800801753997803,1.1796625852584839,1.1798018217086792,0,
,2025-12-24 00:00:00,,,1.179940938949585,1.1802195310592651,1.1793843507766724,1.1800801753997803,0,
,2025-12-24 01:00:00,,,1.1802195310592651,1.1809163093566895,1.1800801753997803,1.1809163093566895,0,
,2025-12-24 02:00:00,,,1.1809163093566895,1.1811953783035278,1.18035888671875,1.18035888671875,0,
,2025-12-24 03:00:00,,,1.1800801753997803,1.1800801753997803,1.1791062355041504,1.1791062355041504,0,
,2025-12-24 04:00:00,,,1.1791062355041504,1.1796625852584839,1.1789672374725342,1.1795234680175781,0,
,2025-12-24 05:00:00,,,1.1795234680175781,1.1804981231689453,1.1795234680175781,1.18035888671875,0,
,2025-12-24 06:00:00,,,1.18035888671875,1.1807769536972046,1.1802195310592651,1.18035888671875,0,
,2025-12-24 07:00:00,,,1.18035888671875,1.1804981231689453,1.1789672374725342,1.1792453527450562,0,
,2025-12-24 08:00:00,,,1.1795234680175781,1.1802195310592651,1.1784114837646484,1.1802195310592651,0,
,2025-12-24 09:00:00,,,1.1802195310592651,1.18035888671875,1.1798018217086792,1.18035888671875,0,
,2025-12-24 10:00:00,,,1.18035888671875,1.18035888671875,1.1795234680175781,1.179940938949585,0,
,2025-12-24 11:00:00,,,1.179940938949585,1.1802195310592651,1.1793843507766724,1.1796625852584839,0,
,2025-12-24 12:00:00,,,1.1796625852584839,1.1796625852584839,1.178828239440918,1.178828239440918,0,
,2025-12-24 13:00:00,,,1.178828239440918,1.1793843507766724,1.178828239440918,1.1789672374725342,0,
,2025-12-24 14:00:00,,,1.178828239440918,1.1791062355041504,1.1782727241516113,1.1784114837646484,0,
,2025-12-24 15:00:00,,,1.1782727241516113,1.178550362586975,1.1778563261032104,1.1782727241516113,0,
,2025-12-24 16:00:00,,,1.1781338453292847,1.1784114837646484,1.1778563261032104,1.1782727241516113,0,
,2025-12-24 17:00:00,,,1.1782727241516113,1.1786893606185913,1.1777175664901733,1.1777175664901733,0,
,2025-12-24 18:00:00,,,1.1778563261032104,1.1782727241516113,1.1777175664901733,1.1782727241516113,0,
,2025-12-24 19:00:00,,,1.1782727241516113,1.178550362586975,1.1782727241516113,1.178550362586975,0,
,2025-12-24 20:00:00,,,1.178550362586975,1.178550362586975,1.1781338453292847,1.178550362586975,0,
,2025-12-24 21:00:00,,,1.1782727241516113,1.1784114837646484,1.177994966506958,1.1782727241516113,0,
,2025-12-24 22:00:00,,,1.178550362586975,1.178550362586975,1.178550362586975,1.178550362586975,0,
,2025-12-24 23:00:00,,,1.178828239440918,1.1791062355041504,1.1781338453292847,1.1781338453292847,0,
,2025-12-25 00:00:00,,,1.1774401664733887,1.1795234680175781,1.177163004875183,1.1795234680175781,0,
,2025-12-25 01:00:00,,,1.178828239440918,1.1791062355041504,1.1774401664733887,1.178550362586975,0,
,2025-12-25 02:00:00,,,1.1781338453292847,1.178828239440918,1.1778563261032104,1.178550362586975,0,
,2025-12-25 03:00:00,,,1.178550362586975,1.1789672374725342,1.1778563261032104,1.1784114837646484,0,
,2025-12-25 04:00:00,,,1.1784114837646484,1.178550362586975,1.177994966506958,1.1782727241516113,0,
,2025-12-25 05:00:00,,,1.1784114837646484,1.1786893606185913,1.177994966506958,1.1782727241516113,0,
,2025-12-25 06:00:00,,,1.1782727241516113,1.1786893606185913,1.177994966506958,1.1781338453292847,0,
,2025-12-25 07:00:00,,,1.1782727241516113,1.1798018217086792,1.177994966506958,1.178550362586975,0,
,2025-12-25 08:00:00,,,1.178550362586975,1.1786893606185913,1.178550362586975,1.1786893606185913,0,
,2025-12-25 22:00:00,,,1.177994966506958,1.1792453527450562,1.177994966506958,1.178550362586975,0,
,2025-12-25 23:00:00,,,1.1781338453292847,1.1789672374725342,1.1781338453292847,1.178828239440918,0,
,2025-12-26 00:00:00,,,1.1786893606185913,1.1795234680175781,1.1781338453292847,1.1789672374725342,0,
,2025-12-26 01:00:00,,,1.178828239440918,1.1795234680175781,1.178550362586975,1.1791062355041504,0,
,2025-12-26 02:00:00,,,1.1791062355041504,1.1796625852584839,1.1786893606185913,1.1796625852584839,0,
,2025-12-26 03:00:00,,,1.1795234680175781,1.1795234680175781,1.178828239440918,1.178828239440918,0,
,2025-12-26 04:00:00,,,1.1786893606185913,1.1791062355041504,1.1784114837646484,1.178550362586975,0,
,2025-12-26 05:00:00,,,1.1786893606185913,1.1791062355041504,1.1784114837646484,1.1789672374725342,0,
,2025-12-26 06:00:00,,,1.1789672374725342,1.1791062355041504,1.1775789260864258,1.177994966506958,0,
,2025-12-26 07:00:00,,,1.1778563261032104,1.177994966506958,1.1774401664733887,1.1775789260864258,0,
,2025-12-26 08:00:00,,,1.1775789260864258,1.177994966506958,1.177024483680725,1.177994966506958,0,
,2025-12-26 09:00:00,,,1.177994966506958,1.1781338453292847,1.177163004875183,1.1774401664733887,0,
,2025-12-26 10:00:00,,,1.1773016452789307,1.1782727241516113,1.1773016452789307,1.1777175664901733,0,
,2025-12-26 11:00:00,,,1.1777175664901733,1.178550362586975,1.1777175664901733,1.177994966506958,0,
,2025-12-26 12:00:00,,,1.1781338453292847,1.178550362586975,1.1777175664901733,1.178550362586975,0,
,2025-12-26 13:00:00,,,1.1786893606185913,1.179940938949585,1.1786893606185913,1.1795234680175781,0,
,2025-12-26 14:00:00,,,1.1796625852584839,1.1798018217086792,1.178550362586975,1.178828239440918,0,
,2025-12-26 15:00:00,,,1.1786893606185913,1.1795234680175781,1.1777175664901733,1.177994966506958,0,
,2025-12-26 16:00:00,,,1.1781338453292847,1.1782727241516113,1.1766090393066406,1.176885962486267,0,
,2025-12-26 17:00:00,,,1.176747441291809,1.1774401664733887,1.1764705181121826,1.1773016452789307,0,
,2025-12-26 18:00:00,,,1.1774401664733887,1.1777175664901733,1.1773016452789307,1.1775789260864258,0,
,2025-12-26 19:00:00,,,1.1775789260864258,1.177994966506958,1.1773016452789307,1.177994966506958,0,
,2025-12-26 20:00:00,,,1.1781338453292847,1.1784114837646484,1.1777175664901733,1.1778563261032104,0,
,2025-12-26 21:00:00,,,1.1778563261032104,1.177994966506958,1.176885962486267,1.1774401664733887,0,
,2025-12-26 22:00:00,,,1.1777175664901733,1.1777175664901733,1.1777175664901733,1.1777175664901733,0,
,2025-12-29 00:00:00,,,1.1778563261032104,1.1786893606185913,1.1775789260864258,1.1784114837646484,0,
,2025-12-29 01:00:00,,,1.1782727241516113,1.1789672374725342,1.1782727241516113,1.178828239440918,0,
,2025-12-29 02:00:00,,,1.178828239440918,1.178828239440918,1.177994966506958,1.177994966506958,0,
,2025-12-29 03:00:00,,,1.1778563261032104,1.177994966506958,1.1775789260864258,1.1777175664901733,0,
,2025-12-29 04:00:00,,,1.1775789260864258,1.1775789260864258,1.176747441291809,1.176747441291809,0,
,2025-12-29 05:00:00,,,1.1766090393066406,1.1766090393066406,1.1757789850234985,1.1759172677993774,0,
,2025-12-29 06:00:00,,,1.1760554313659668,1.1773016452789307,1.1757789850234985,1.1773016452789307,0,
,2025-12-29 07:00:00,,,1.1774401664733887,1.1782727241516113,1.176885962486267,1.177994966506958,0,
,2025-12-29 08:00:00,,,1.1781338453292847,1.1792453527450562,1.1775789260864258,1.178828239440918,0,
,2025-12-29 09:00:00,,,1.1789672374725342,1.1791062355041504,1.1775789260864258,1.177994966506958,0,
,2025-12-29 10:00:00,,,1.177994966506958,1.1784114837646484,1.177024483680725,1.177024483680725,0,
,2025-12-29 11:00:00,,,1.176885962486267,1.1774401664733887,1.1761938333511353,1.176885962486267,0,
,2025-12-29 12:00:00,,,1.176885962486267,1.177163004875183,1.1760554313659668,1.1764705181121826,0,
,2025-12-29 13:00:00,,,1.1766090393066406,1.1775789260864258,1.1764705181121826,1.1774401664733887,0,
,2025-12-29 14:00:00,,,1.1773016452789307,1.1792453527450562,1.177163004875183,1.1786893606185913,0,
,2025-12-29 15:00:00,,,1.178828239440918,1.1789672374725342,1.177163004875183,1.177163004875183,0,
,2025-12-29 16:00:00,,,1.177024483680725,1.177163004875183,1.1757789850234985,1.1761938333511353,0,
,2025-12-29 17:00:00,,,1.1759172677993774,1.1759172677993774,1.175364375114441,1.1756407022476196,0,
,2025-12-29 18:00:00,,,1.1755025386810303,1.1761938333511353,1.1755025386810303,1.1760554313659668,0,
,2025-12-29 19:00:00,,,1.1760554313659668,1.177024483680725,1.1760554313659668,1.177024483680725,0,
,2025-12-29 20:00:00,,,1.177163004875183,1.1774401664733887,1.176885962486267,1.1774401664733887,0,
,2025-12-29 21:00:00,,,1.1774401664733887,1.1778563261032104,1.1774401664733887,1.1777175664901733,0,
,2025-12-29 22:00:00,,,1.1775789260864258,1.1777175664901733,1.177163004875183,1.1773016452789307,0,
,2025-12-29 23:00:00,,,1.1777175664901733,1.1778563261032104,1.1775789260864258,1.1775789260864258,0,
,2025-12-30 00:00:00,,,1.1777175664901733,1.1778563261032104,1.1775789260864258,1.1775789260864258,0,
,2025-12-30 01:00:00,,,1.1775789260864258,1.1778563261032104,1.1773016452789307,1.1778563261032104,0,
,2025-12-30 02:00:00,,,1.1778563261032104,1.177994966506958,1.1775789260864258,1.1777175664901733,0,
,2025-12-30 03:00:00,,,1.1777175664901733,1.1778563261032104,1.1774401664733887,1.1775789260864258,0,
,2025-12-30 04:00:00,,,1.1775789260864258,1.1781338453292847,1.1775789260864258,1.177994966506958,0,
,2025-12-30 05:00:00,,,1.177994966506958,1.1782727241516113,1.1775789260864258,1.1778563261032104,0,
,2025-12-30 06:00:00,,,1.177994966506958,1.1782727241516113,1.1777175664901733,1.1781338453292847,0,
,2025-12-30 07:00:00,,,1.177994966506958,1.177994966506958,1.177024483680725,1.1773016452789307,0,
,2025-12-30 08:00:00,,,1.1774401664733887,1.1778563261032104,1.177024483680725,1.177163004875183,0,
,2025-12-30 09:00:00,,,1.177024483680725,1.1781338453292847,1.176747441291809,1.177163004875183,0,
,2025-12-30 10:00:00,,,1.1773016452789307,1.177994966506958,1.1773016452789307,1.1777175664901733,0,
,2025-12-30 11:00:00,,,1.1777175664901733,1.177994966506958,1.177024483680725,1.177024483680725,0,
,2025-12-30 12:00:00,,,1.176885962486267,1.177163004875183,1.1764705181121826,1.1764705181121826,0,
,2025-12-30 13:00:00,,,1.1764705181121826,1.177024483680725,1.1759172677993774,1.1766090393066406,0,
,2025-12-30 14:00:00,,,1.1764705181121826,1.176747441291809,1.1760554313659668,1.176747441291809,0,
,2025-12-30 15:00:00,,,1.176747441291809,1.176885962486267,1.1749500036239624,1.1763322353363037,0,
,2025-12-30 16:00:00,,,1.1761938333511353,1.177024483680725,1.1757789850234985,1.176885962486267,0,
,2025-12-30 17:00:00,,,1.176885962486267,1.176885962486267,1.1759172677993774,1.1759172677993774,0,
,2025-12-30 18:00:00,,,1.1760554313659668,1.1763322353363037,1.1752262115478516,1.175364375114441,0,
,2025-12-30 19:00:00,,,1.175364375114441,1.1756407022476196,1.1749500036239624,1.1750881671905518,0,
,2025-12-30 20:00:00,,,1.1750881671905518,1.175364375114441,1.1746740341186523,1.1746740341186523,0,
,2025-12-30 21:00:00,,,1.1748120784759521,1.1750881671905518,1.1748120784759521,1.1750881671905518,0,
,2025-12-30 22:00:00,,,1.1750881671905518,1.1752262115478516,1.1746740341186523,1.1749500036239624,0,
,2025-12-30 23:00:00,,,1.1749500036239624,1.1752262115478516,1.1749500036239624,1.1749500036239624,0,
,2025-12-31 00:00:00,,,1.1749500036239624,1.1750881671905518,1.1748120784759521,1.1750881671905518,0,
,2025-12-31 01:00:00,,,1.1750881671905518,1.1752262115478516,1.1746740341186523,1.1746740341186523,0,
,2025-12-31 02:00:00,,,1.1745359897613525,1.1745359897613525,1.1742602586746216,1.1743981838226318,0,
,2025-12-31 03:00:00,,,1.1743981838226318,1.1746740341186523,1.1743981838226318,1.1746740341186523,0,
,2025-12-31 04:00:00,,,1.1746740341186523,1.1746740341186523,1.1737089157104492,1.1737089157104492,0,
,2025-12-31 05:00:00,,,1.17384672164917,1.1742602586746216,1.17384672164917,1.1742602586746216,0,
,2025-12-31 06:00:00,,,1.1739845275878906,1.1742602586746216,1.1737089157104492,1.1741223335266113,0,
,2025-12-31 07:00:00,,,1.1739845275878906,1.1741223335266113,1.1732958555221558,1.1739845275878906,0,
,2025-12-31 08:00:00,,,1.1739845275878906,1.1742602586746216,1.172333002090454,1.1726078987121582,0,
,2025-12-31 09:00:00,,,1.1726078987121582,1.1742602586746216,1.172333002090454,1.17384672164917,0,
,2025-12-31 10:00:00,,,1.17384672164917,1.1746740341186523,1.1731581687927246,1.1742602586746216,0,
,2025-12-31 11:00:00,,,1.1742602586746216,1.1750881671905518,1.1739845275878906,1.1750881671905518,0,
,2025-12-31 12:00:00,,,1.1752262115478516,1.1761938333511353,1.1752262115478516,1.1759172677993774,0,
,2025-12-31 13:00:00,,,1.1759172677993774,1.1760554313659668,1.1745359897613525,1.1745359897613525,0,
,2025-12-31 14:00:00,,,1.1745359897613525,1.1745359897613525,1.1731581687927246,1.1732958555221558,0,
,2025-12-31 15:00:00,,,1.1730204820632935,1.1749500036239624,1.1724703311920166,1.1748120784759521,0,
,2025-12-31 16:00:00,,,1.1746740341186523,1.1750881671905518,1.1732958555221558,1.17384672164917,0,
,2025-12-31 17:00:00,,,1.1737089157104492,1.1742602586746216,1.1735711097717285,1.17384672164917,0,
,2025-12-31 18:00:00,,,1.1739845275878906,1.1742602586746216,1.173433542251587,1.1739845275878906,0,
,2025-12-31 19:00:00,,,1.1741223335266113,1.1746740341186523,1.1741223335266113,1.1743981838226318,0,
,2025-12-31 20:00:00,,,1.1745359897613525,1.1756407022476196,1.1745359897613525,1.1755025386810303,0,
,2025-12-31 21:00:00,,,1.1756407022476196,1.1756407022476196,1.1749500036239624,1.1749500036239624,0,
,2025-12-31 22:00:00,,,1.1745359897613525,1.1749500036239624,1.1743981838226318,1.1749500036239624,0,
,2025-12-31 23:00:00,,,1.1749500036239624,1.1749500036239624,1.1749500036239624,1.1749500036239624,0,
,2026-01-01 00:00:00,,,1.1749500036239624,1.1749500036239624,1.1749500036239624,1.1749500036239624,0,
,2026-01-01 01:00:00,,,1.1749500036239624,1.1749500036239624,1.1749500036239624,1.1749500036239624,0,
,2026-01-01 04:00:00,,,1.1749500036239624,1.1749500036239624,1.1749500036239624,1.1749500036239624,0,
,2026-01-01 05:00:00,,,1.1749500036239624,1.1749500036239624,1.1749500036239624,1.1749500036239624,0,
,2026-01-01 10:00:00,,,1.1749500036239624,1.1749500036239624,1.1749500036239624,1.1749500036239624,0,
,2026-01-01 22:00:00,,,1.1748120784759521,1.1757789850234985,1.1742602586746216,1.175364375114441,0,
,2026-01-01 23:00:00,,,1.1750881671905518,1.175364375114441,1.1749500036239624,1.175364375114441,0,
,2026-01-02 00:00:00,,,1.175364375114441,1.1760554313659668,1.175364375114441,1.1760554313659668,0,
,2026-01-02 01:00:00,,,1.1761938333511353,1.1766090393066406,1.1760554313659668,1.1764705181121826,0,
,2026-01-02 02:00:00,,,1.1764705181121826,1.176747441291809,1.1761938333511353,1.1763322353363037,0,
,2026-01-02 03:00:00,,,1.1764705181121826,1.176885962486267,1.1764705181121826,1.176885962486267,0,
,2026-01-02 04:00:00,,,1.176747441291809,1.176885962486267,1.1759172677993774,1.1759172677993774,0,
,2026-01-02 05:00:00,,,1.1759172677993774,1.1760554313659668,1.1755025386810303,1.1755025386810303,0,
,2026-01-02 06:00:00,,,1.175364375114441,1.175364375114441,1.1745359897613525,1.1748120784759521,0,
,2026-01-02 07:00:00,,,1.1746740341186523,1.1749500036239624,1.1737089157104492,1.1741223335266113,0,
,2026-01-02 08:00:00,,,1.1737089157104492,1.1739845275878906,1.1728830337524414,1.1732958555221558,0,
,2026-01-02 09:00:00,,,1.1732958555221558,1.1739845275878906,1.1724703311920166,1.1724703311920166,0,
,2026-01-02 10:00:00,,,1.1724703311920166,1.1727453470230103,1.1716461181640625,1.1724703311920166,0,
,2026-01-02 11:00:00,,,1.1724703311920166,1.1726078987121582,1.1719207763671875,1.1724703311920166,0,
,2026-01-02 12:00:00,,,1.1724703311920166,1.1730204820632935,1.1724703311920166,1.1727453470230103,0,
,2026-01-02 13:00:00,,,1.1726078987121582,1.1732958555221558,1.172195553779602,1.1726078987121582,0,
,2026-01-02 14:00:00,,,1.1724703311920166,1.1732958555221558,1.1719207763671875,1.1731581687927246,0,
,2026-01-02 15:00:00,,,1.173433542251587,1.1755025386810303,1.1732958555221558,1.175364375114441,0,
,2026-01-02 16:00:00,,,1.1755025386810303,1.1755025386810303,1.17384672164917,1.1741223335266113,0,
,2026-01-02 17:00:00,,,1.1741223335266113,1.1741223335266113,1.1732958555221558,1.173433542251587,0,
,2026-01-02 18:00:00,,,1.173433542251587,1.173433542251587,1.1719207763671875,1.172195553779602,0,
,2026-01-02 19:00:00,,,1.172195553779602,1.1727453470230103,1.171783447265625,1.1727453470230103,0,
,2026-01-02 20:00:00,,,1.1727453470230103,1.1727453470230103,1.1719207763671875,1.17205810546875,0,
,2026-01-02 21:00:00,,,1.172195553779602,1.1727453470230103,1.17205810546875,1.172333002090454,0,
,2026-01-02 22:00:00,,,1.172333002090454,1.172333002090454,1.172333002090454,1.172333002090454,0,
,2026-01-05 00:00:00,,,1.1710972785949707,1.1713716983795166,1.170823097229004,1.170823097229004,0,
,2026-01-05 01:00:00,,,1.1706860065460205,1.1710972785949707,1.1702749729156494,1.1704120635986328,0,
,2026-01-05 02:00:00,,,1.1704120635986328,1.170548915863037,1.168770432472229,1.1691803932189941,0,
,2026-01-05 03:00:00,,,1.1693171262741089,1.1693171262741089,1.1675423383712769,1.1679514646530151,0,
,2026-01-05 04:00:00,,,1.1678149700164795,1.1686338186264038,1.1676785945892334,1.1684973239898682,0,
,2026-01-05 05:00:00,,,1.1683608293533325,1.1689070463180542,1.1683608293533325,1.1689070463180542,0,
,2026-01-05 06:00:00,,,1.1689070463180542,1.1694538593292236,1.1683608293533325,1.1694538593292236,0,
,2026-01-05 07:00:00,,,1.1693171262741089,1.1695905923843384,1.168770432472229,1.1690436601638794,0,
,2026-01-05 08:00:00,,,1.1689070463180542,1.1697274446487427,1.1684973239898682,1.1686338186264038,0,
,2026-01-05 09:00:00,,,1.168770432472229,1.1690436601638794,1.1678149700164795,1.1686338186264038,0,
,2026-01-05 10:00:00,,,1.1686338186264038,1.1693171262741089,1.1683608293533325,1.1693171262741089,0,
,2026-01-05 11:00:00,,,1.1693171262741089,1.1694538593292236,1.1683608293533325,1.1684973239898682,0,
,2026-01-05 12:00:00,,,1.1684973239898682,1.168770432472229,1.1674060821533203,1.1674060821533203,0,
,2026-01-05 13:00:00,,,1.1674060821533203,1.1678149700164795,1.1663167476654053,1.1678149700164795,0,
,2026-01-05 14:00:00,,,1.1678149700164795,1.1689070463180542,1.1678149700164795,1.1689070463180542,0,
,2026-01-05 15:00:00,,,1.1691803932189941,1.1706860065460205,1.1691803932189941,1.1706860065460205,0,
,2026-01-05 16:00:00,,,1.170823097229004,1.172195553779602,1.170823097229004,1.171783447265625,0,
,2026-01-05 17:00:00,,,1.171783447265625,1.172333002090454,1.1715089082717896,1.171783447265625,0,
,2026-01-05 18:00:00,,,1.171783447265625,1.1728830337524414,1.171783447265625,1.1728830337524414,0,
,2026-01-05 19:00:00,,,1.1730204820632935,1.1731581687927246,1.1726078987121582,1.1730204820632935,0,
,2026-01-05 20:00:00,,,1.1730204820632935,1.1731581687927246,1.1727453470230103,1.1727453470230103,0,
,2026-01-05 21:00:00,,,1.1727453470230103,1.1730204820632935,1.172333002090454,1.1724703311920166,0,
,2026-01-05 22:00:00,,,1.1724703311920166,1.1726078987121582,1.172195553779602,1.172195553779602,0,
,2026-01-05 23:00:00,,,1.1724703311920166,1.1724703311920166,1.1716461181640625,1.171783447265625,0,
,2026-01-06 00:00:00,,,1.1719207763671875,1.17205810546875,1.1713716983795166,1.17205810546875,0,
,2026-01-06 01:00:00,,,1.172195553779602,1.1728830337524414,1.1716461181640625,1.1728830337524414,0,
,2026-01-06 02:00:00,,,1.1728830337524414,1.1741223335266113,1.1726078987121582,1.1741223335266113,0,
,2026-01-06 03:00:00,,,1.1739845275878906,1.1741223335266113,1.1735711097717285,1.17384672164917,0,
,2026-01-06 04:00:00,,,1.17384672164917,1.17384672164917,1.1735711097717285,1.1737089157104492,0,
,2026-01-06 05:00:00,,,1.1737089157104492,1.1741223335266113,1.1731581687927246,1.1732958555221558,0,
,2026-01-06 06:00:00,,,1.1732958555221558,1.1741223335266113,1.1732958555221558,1.1739845275878906,0,
,2026-01-06 07:00:00,,,1.1741223335266113,1.1748120784759521,1.1728830337524414,1.1731581687927246,0,
,2026-01-06 08:00:00,,,1.1732958555221558,1.1741223335266113,1.1730204820632935,1.1732958555221558,0,
,2026-01-06 09:00:00,,,1.1731581687927246,1.1731581687927246,1.1712344884872437,1.171783447265625,0,
,2026-01-06 10:00:00,,,1.1716461181640625,1.17205810546875,1.1712344884872437,1.1716461181640625,0,
,2026-01-06 11:00:00,,,1.1713716983795166,1.1715089082717896,1.170823097229004,1.1709601879119873,0,
,2026-01-06 12:00:00,,,1.1712344884872437,1.1715089082717896,1.1701380014419556,1.1704120635986328,0,
,2026-01-06 13:00:00,,,1.1701380014419556,1.1716461181640625,1.1701380014419556,1.1715089082717896,0,
,2026-01-06 14:00:00,,,1.1716461181640625,1.17205810546875,1.1704120635986328,1.1713716983795166,0,
,2026-01-06 15:00:00,,,1.1710972785949707,1.1710972785949707,1.168770432472229,1.169864296913147,0,
,2026-01-06 16:00:00,,,1.1701380014419556,1.1701380014419556,1.1690436601638794,1.1691803932189941,0,
,2026-01-06 17:00:00,,,1.1693171262741089,1.1704120635986328,1.1691803932189941,1.1704120635986328,0,
,2026-01-06 18:00:00,,,1.170548915863037,1.170548915863037,1.1691803932189941,1.1691803932189941,0,
,2026-01-06 19:00:00,,,1.1691803932189941,1.1693171262741089,1.168770432472229,1.1693171262741089,0,
,2026-01-06 20:00:00,,,1.1695905923843384,1.1697274446487427,1.1693171262741089,1.1694538593292236,0,
,2026-01-06 21:00:00,,,1.1689070463180542,1.1691803932189941,1.1689070463180542,1.1691803932189941,0,
,2026-01-06 22:00:00,,,1.1686338186264038,1.1693171262741089,1.1686338186264038,1.1693171262741089,0,
,2026-01-06 23:00:00,,,1.1693171262741089,1.1693171262741089,1.1690436601638794,1.1691803932189941,0,
,2026-01-07 00:00:00,,,1.1691803932189941,1.1697274446487427,1.1689070463180542,1.1694538593292236,0,
,2026-01-07 01:00:00,,,1.1694538593292236,1.1704120635986328,1.1693171262741089,1.169864296913147,0,
,2026-01-07 02:00:00,,,1.1700011491775513,1.170548915863037,1.169864296913147,1.1700011491775513,0,
,2026-01-07 03:00:00,,,1.1701380014419556,1.1702749729156494,1.1701380014419556,1.1702749729156494,0,
,2026-01-07 04:00:00,,,1.1702749729156494,1.170548915863037,1.1694538593292236,1.1694538593292236,0,
,2026-01-07 05:00:00,,,1.1694538593292236,1.1697274446487427,1.1694538593292236,1.1697274446487427,0,
,2026-01-07 06:00:00,,,1.1697274446487427,1.1702749729156494,1.1695905923843384,1.1701380014419556,0,
,2026-01-07 07:00:00,,,1.1700011491775513,1.1701380014419556,1.1683608293533325,1.1686338186264038,0,
,2026-01-07 08:00:00,,,1.1684973239898682,1.1690436601638794,1.1676785945892334,1.168770432472229,0,
,2026-01-07 09:00:00,,,1.1689070463180542,1.1690436601638794,1.1684973239898682,1.168770432472229,0,
,2026-01-07 10:00:00,,,1.1689070463180542,1.169864296913147,1.1689070463180542,1.1691803932189941,0,
,2026-01-07 11:00:00,,,1.1691803932189941,1.1695905923843384,1.1689070463180542,1.1691803932189941,0,
,2026-01-07 12:00:00,,,1.1693171262741089,1.1694538593292236,1.1684973239898682,1.1691803932189941,0,
,2026-01-07 13:00:00,,,1.1689070463180542,1.169864296913147,1.1686338186264038,1.1694538593292236,0,
,2026-01-07 14:00:00,,,1.1695905923843384,1.1701380014419556,1.1690436601638794,1.1701380014419556,0,
,2026-01-07 15:00:00,,,1.1691803932189941,1.1701380014419556,1.1683608293533325,1.1694538593292236,0,
,2026-01-07 16:00:00,,,1.1694538593292236,1.1695905923843384,1.1686338186264038,1.1693171262741089,0,
,2026-01-07 17:00:00,,,1.1694538593292236,1.169864296913147,1.1690436601638794,1.1690436601638794,0,
,2026-01-07 18:00:00,,,1.1690436601638794,1.1693171262741089,1.1686338186264038,1.1686338186264038,0,
,2026-01-07 19:00:00,,,1.168770432472229,1.1689070463180542,1.1682243347167969,1.1686338186264038,0,
,2026-01-07 20:00:00,,,1.1684973239898682,1.168770432472229,1.1682243347167969,1.1682243347167969,0,
,2026-01-07 21:00:00,,,1.1680878400802612,1.1682243347167969,1.1678149700164795,1.1678149700164795,0,
,2026-01-07 22:00:00,,,1.1676785945892334,1.1682243347167969,1.1675423383712769,1.1679514646530151,0,
,2026-01-07 23:00:00,,,1.1679514646530151,1.1680878400802612,1.1679514646530151,1.1679514646530151,0,
,2026-01-08 00:00:00,,,1.1680878400802612,1.1680878400802612,1.1679514646530151,1.1679514646530151,0,
,2026-01-08 01:00:00,,,1.1678149700164795,1.1680878400802612,1.1676785945892334,1.1678149700164795,0,
,2026-01-08 02:00:00,,,1.1679514646530151,1.1683608293533325,1.1675423383712769,1.1683608293533325,0,
,2026-01-08 03:00:00,,,1.1683608293533325,1.1686338186264038,1.1682243347167969,1.1683608293533325,0,
,2026-01-08 04:00:00,,,1.1682243347167969,1.1684973239898682,1.1680878400802612,1.1683608293533325,0,
,2026-01-08 05:00:00,,,1.1683608293533325,1.1686338186264038,1.1680878400802612,1.1686338186264038,0,
,2026-01-08 06:00:00,,,1.1684973239898682,1.1686338186264038,1.1678149700164795,1.1684973239898682,0,
,2026-01-08 07:00:00,,,1.1684973239898682,1.1686338186264038,1.1680878400802612,1.1682243347167969,0,
,2026-01-08 08:00:00,,,1.1680878400802612,1.1682243347167969,1.1672697067260742,1.1675423383712769,0,
,2026-01-08 09:00:00,,,1.1672697067260742,1.1680878400802612,1.1672697067260742,1.1680878400802612,0,
,2026-01-08 10:00:00,,,1.1682243347167969,1.1683608293533325,1.1679514646530151,1.1683608293533325,0,
,2026-01-08 11:00:00,,,1.1682243347167969,1.1683608293533325,1.1679514646530151,1.1680878400802612,0,
,2026-01-08 12:00:00,,,1.1679514646530151,1.1679514646530151,1.1674060821533203,1.1675423383712769,0,
,2026-01-08 13:00:00,,,1.1678149700164795,1.1680878400802612,1.1661807298660278,1.1665889024734497,0,
,2026-01-08 14:00:00,,,1.1665889024734497,1.1669973134994507,1.16604483127594,1.1668611764907837,0,
,2026-01-08 15:00:00,,,1.1667250394821167,1.1676785945892334,1.1665889024734497,1.1669973134994507,0,
,2026-01-08 16:00:00,,,1.1669973134994507,1.1671334505081177,1.1656370162963867,1.1659088134765625,0,
,2026-01-08 17:00:00,,,1.1656370162963867,1.1659088134765625,1.1648223400115967,1.1655012369155884,0,
,2026-01-08 18:00:00,,,1.1655012369155884,1.1655012369155884,1.1648223400115967,1.1648223400115967,0,
,2026-01-08 19:00:00,,,1.164686679840088,1.1653653383255005,1.1645511388778687,1.1653653383255005,0,
,2026-01-08 20:00:00,,,1.1653653383255005,1.1657729148864746,1.1653653383255005,1.1655012369155884,0,
,2026-01-08 21:00:00,,,1.1655012369155884,1.1665889024734497,1.1653653383255005,1.1663167476654053,0,
,2026-01-08 22:00:00,,,1.1664528846740723,1.1668611764907837,1.1656370162963867,1.1661807298660278,0,
,2026-01-08 23:00:00,,,1.1663167476654053,1.1665889024734497,1.16604483127594,1.16604483127594,0,
,2026-01-09 00:00:00,,,1.16604483127594,1.16604483127594,1.1657729148864746,1.1657729148864746,0,
,2026-01-09 01:00:00,,,1.1657729148864746,1.16604483127594,1.1650937795639038,1.1652295589447021,0,
,2026-01-09 02:00:00,,,1.1653653383255005,1.1657729148864746,1.164958119392395,1.1657729148864746,0,
,2026-01-09 03:00:00,,,1.1659088134765625,1.1661807298660278,1.1657729148864746,1.1659088134765625,0,
,2026-01-09 04:00:00,,,1.1661807298660278,1.1661807298660278,1.1656370162963867,1.1657729148864746,0,
,2026-01-09 05:00:00,,,1.1657729148864746,1.16604483127594,1.1653653383255005,1.1655012369155884,0,
,2026-01-09 06:00:00,,,1.1653653383255005,1.1656370162963867,1.1652295589447021,1.1652295589447021,0,
,2026-01-09 07:00:00,,,1.1650937795639038,1.1653653383255005,1.1644154787063599,1.1653653383255005,0,
,2026-01-09 08:00:00,,,1.1655012369155884,1.1655012369155884,1.1645511388778687,1.1650937795639038,0,
,2026-01-09 09:00:00,,,1.1653653383255005,1.1653653383255005,1.1645511388778687,1.1645511388778687,0,
,2026-01-09 10:00:00,,,1.1645511388778687,1.164958119392395,1.1642799377441406,1.164958119392395,0,
,2026-01-09 11:00:00,,,1.164958119392395,1.164958119392395,1.1645511388778687,1.164958119392395,0,
,2026-01-09 12:00:00,,,1.1648223400115967,1.164958119392395,1.1644154787063599,1.1644154787063599,0,
,2026-01-09 13:00:00,,,1.1644154787063599,1.1663167476654053,1.1641442775726318,1.1648223400115967,0,
,2026-01-09 14:00:00,,,1.1652295589447021,1.1653653383255005,1.1633317470550537,1.1640088558197021,0,
,2026-01-09 15:00:00,,,1.1637378931045532,1.1644154787063599,1.16225004196167,1.1642799377441406,0,
,2026-01-09 16:00:00,,,1.1645511388778687,1.1645511388778687,1.1631964445114136,1.1637378931045532,0,
,2026-01-09 17:00:00,,,1.163602590560913,1.163602590560913,1.1631964445114136,1.1634671688079834,0,
,2026-01-09 18:00:00,,,1.1634671688079834,1.1642799377441406,1.1634671688079834,1.1637378931045532,0,
,2026-01-09 19:00:00,,,1.163602590560913,1.1641442775726318,1.163602590560913,1.163873314857483,0,
,2026-01-09 20:00:00,,,1.1637378931045532,1.1641442775726318,1.1637378931045532,1.163873314857483,0,
,2026-01-09 21:00:00,,,1.1637378931045532,1.1640088558197021,1.1633317470550537,1.163873314857483,0,
,2026-01-09 22:00:00,,,1.163873314857483,1.163873314857483,1.163873314857483,1.163873314857483,0,
,2026-01-12 00:00:00,,,1.1627906560897827,1.1667250394821167,1.1626555919647217,1.1667250394821167,0,
,2026-01-12 01:00:00,,,1.1668611764907837,1.1674060821533203,1.1659088134765625,1.16604483127594,0,
,2026-01-12 02:00:00,,,1.1659088134765625,1.1667250394821167,1.1659088134765625,1.1659088134765625,0,
,2026-01-12 03:00:00,,,1.1659088134765625,1.1661807298660278,1.1659088134765625,1.1659088134765625,0,
,2026-01-12 04:00:00,,,1.1659088134765625,1.1661807298660278,1.1656370162963867,1.1659088134765625,0,
,2026-01-12 05:00:00,,,1.1659088134765625,1.1674060821533203,1.1659088134765625,1.1672697067260742,0,
,2026-01-12 06:00:00,,,1.1672697067260742,1.1676785945892334,1.1667250394821167,1.1672697067260742,0,
,2026-01-12 07:00:00,,,1.1672697067260742,1.1689070463180542,1.1672697067260742,1.1689070463180542,0,
,2026-01-12 08:00:00,,,1.168770432472229,1.1694538593292236,1.1679514646530151,1.1691803932189941,0,
,2026-01-12 09:00:00,,,1.1690436601638794,1.169864296913147,1.1686338186264038,1.1686338186264038,0,
,2026-01-12 10:00:00,,,1.1686338186264038,1.1689070463180542,1.1679514646530151,1.1689070463180542,0,
,2026-01-12 11:00:00,,,1.1689070463180542,1.1693171262741089,1.1679514646530151,1.1682243347167969,0,
,2026-01-12 12:00:00,,,1.1682243347167969,1.1690436601638794,1.1680878400802612,1.1684973239898682,0,
,2026-01-12 13:00:00,,,1.1684973239898682,1.1701380014419556,1.1680878400802612,1.1695905923843384,0,
,2026-01-12 14:00:00,,,1.1695905923843384,1.1695905923843384,1.1679514646530151,1.1680878400802612,0,
,2026-01-12 15:00:00,,,1.1680878400802612,1.1689070463180542,1.1676785945892334,1.1684973239898682,0,
,2026-01-12 16:00:00,,,1.1684973239898682,1.1684973239898682,1.1675423383712769,1.1675423383712769,0,
,2026-01-12 17:00:00,,,1.1675423383712769,1.1678149700164795,1.1669973134994507,1.1674060821533203,0,
,2026-01-12 18:00:00,,,1.1672697067260742,1.1674060821533203,1.1668611764907837,1.1672697067260742,0,
,2026-01-12 19:00:00,,,1.1672697067260742,1.1676785945892334,1.1671334505081177,1.1675423383712769,0,
,2026-01-12 20:00:00,,,1.1675423383712769,1.1675423383712769,1.1667250394821167,1.1667250394821167,0,
,2026-01-12 21:00:00,,,1.1668611764907837,1.1672697067260742,1.1667250394821167,1.1669973134994507,0,
,2026-01-12 22:00:00,,,1.1669973134994507,1.1674060821533203,1.1669973134994507,1.1672697067260742,0,
,2026-01-12 23:00:00,,,1.1669973134994507,1.1672697067260742,1.1668611764907837,1.1669973134994507,0,
,2026-01-13 00:00:00,,,1.1671334505081177,1.1671334505081177,1.1664528846740723,1.1665889024734497,0,
,2026-01-13 01:00:00,,,1.1667250394821167,1.1668611764907837,1.1661807298660278,1.1661807298660278,0,
,2026-01-13 02:00:00,,,1.1661807298660278,1.1664528846740723,1.16604483127594,1.1661807298660278,0,
,2026-01-13 03:00:00,,,1.1661807298660278,1.1665889024734497,1.16604483127594,1.1661807298660278,0,
,2026-01-13 04:00:00,,,1.1661807298660278,1.1668611764907837,1.1661807298660278,1.1668611764907837,0,
,2026-01-13 05:00:00,,,1.1668611764907837,1.1671334505081177,1.1665889024734497,1.1665889024734497,0,
,2026-01-13 06:00:00,,,1.1665889024734497,1.1665889024734497,1.1657729148864746,1.1661807298660278,0,
,2026-01-13 07:00:00,,,1.1661807298660278,1.1668611764907837,1.1659088134765625,1.1668611764907837,0,
,2026-01-13 08:00:00,,,1.1667250394821167,1.1671334505081177,1.1661807298660278,1.1669973134994507,0,
,2026-01-13 09:00:00,,,1.1672697067260742,1.1676785945892334,1.1667250394821167,1.1674060821533203,0,
,2026-01-13 10:00:00,,,1.1675423383712769,1.1676785945892334,1.1668611764907837,1.1669973134994507,0,
,2026-01-13 11:00:00,,,1.1669973134994507,1.1674060821533203,1.1668611764907837,1.1671334505081177,0,
,2026-01-13 12:00:00,,,1.1672697067260742,1.1672697067260742,1.1657729148864746,1.1659088134765625,0,
,2026-01-13 13:00:00,,,1.1657729148864746,1.1680878400802612,1.1653653383255005,1.1671334505081177,0,
,2026-01-13 14:00:00,,,1.1671334505081177,1.1675423383712769,1.1661807298660278,1.1667250394821167,0,
,2026-01-13 15:00:00,,,1.1667250394821167,1.1667250394821167,1.1648223400115967,1.1653653383255005,0,
,2026-01-13 16:00:00,,,1.1655012369155884,1.1656370162963867,1.163873314857483,1.164958119392395,0,
,2026-01-13 17:00:00,,,1.164958119392395,1.1652295589447021,1.1645511388778687,1.1648223400115967,0,
,2026-01-13 18:00:00,,,1.1650937795639038,1.1657729148864746,1.1645511388778687,1.1657729148864746,0,
,2026-01-13 19:00:00,,,1.1656370162963867,1.1656370162963867,1.164958119392395,1.1653653383255005,0,
,2026-01-13 20:00:00,,,1.1652295589447021,1.1653653383255005,1.1648223400115967,1.164958119392395,0,
,2026-01-13 21:00:00,,,1.1648223400115967,1.164958119392395,1.1645511388778687,1.1645511388778687,0,
,2026-01-13 22:00:00,,,1.1648223400115967,1.164958119392395,1.1644154787063599,1.1645511388778687,0,
,2026-01-13 23:00:00,,,1.164686679840088,1.164958119392395,1.1645511388778687,1.1645511388778687,0,
,2026-01-14 00:00:00,,,1.1645511388778687,1.164686679840088,1.1641442775726318,1.164686679840088,0,
,2026-01-14 01:00:00,,,1.164686679840088,1.164686679840088,1.1640088558197021,1.1641442775726318,0,
,2026-01-14 02:00:00,,,1.1641442775726318,1.1648223400115967,1.1640088558197021,1.1648223400115967,0,
,2026-01-14 03:00:00,,,1.1648223400115967,1.1652295589447021,1.1648223400115967,1.1650937795639038,0,
,2026-01-14 04:00:00,,,1.164958119392395,1.1652295589447021,1.164686679840088,1.164686679840088,0,
,2026-01-14 05:00:00,,,1.164686679840088,1.164958119392395,1.1645511388778687,1.1645511388778687,0,
,2026-01-14 06:00:00,,,1.1645511388778687,1.1652295589447021,1.1645511388778687,1.1652295589447021,0,
,2026-01-14 07:00:00,,,1.1652295589447021,1.1655012369155884,1.1648223400115967,1.164958119392395,0,
,2026-01-14 08:00:00,,,1.164958119392395,1.1653653383255005,1.1645511388778687,1.164958119392395,0,
,2026-01-14 09:00:00,,,1.1650937795639038,1.1656370162963867,1.164958119392395,1.1656370162963867,0,
,2026-01-14 10:00:00,,,1.1655012369155884,1.1661807298660278,1.1650937795639038,1.1659088134765625,0,
,2026-01-14 11:00:00,,,1.1657729148864746,1.1657729148864746,1.1648223400115967,1.164958119392395,0,
,2026-01-14 12:00:00,,,1.1650937795639038,1.1663167476654053,1.1648223400115967,1.1663167476654053,0,
,2026-01-14 13:00:00,,,1.1663167476654053,1.1663167476654053,1.164958119392395,1.1653653383255005,0,
,2026-01-14 14:00:00,,,1.1653653383255005,1.1663167476654053,1.1653653383255005,1.1659088134765625,0,
,2026-01-14 15:00:00,,,1.1657729148864746,1.1663167476654053,1.1653653383255005,1.1663167476654053,0,
,2026-01-14 16:00:00,,,1.1663167476654053,1.1664528846740723,1.1656370162963867,1.1659088134765625,0,
,2026-01-14 17:00:00,,,1.1657729148864746,1.1659088134765625,1.164958119392395,1.164958119392395,0,
,2026-01-14 18:00:00,,,1.164958119392395,1.1650937795639038,1.1642799377441406,1.1644154787063599,0,
,2026-01-14 19:00:00,,,1.1641442775726318,1.1642799377441406,1.163873314857483,1.1641442775726318,0,
,2026-01-14 20:00:00,,,1.1640088558197021,1.1650937795639038,1.1640088558197021,1.1645511388778687,0,
,2026-01-14 21:00:00,,,1.164686679840088,1.164958119392395,1.1645511388778687,1.1648223400115967,0,
,2026-01-14 22:00:00,,,1.1650937795639038,1.1652295589447021,1.164686679840088,1.164958119392395,0,
,2026-01-14 23:00:00,,,1.1652295589447021,1.1652295589447021,1.164686679840088,1.164958119392395,0,
,2026-01-15 00:00:00,,,1.1648223400115967,1.164958119392395,1.163873314857483,1.1640088558197021,0,
,2026-01-15 01:00:00,,,1.1641442775726318,1.1645511388778687,1.1637378931045532,1.1642799377441406,0,
,2026-01-15 02:00:00,,,1.1641442775726318,1.1644154787063599,1.1640088558197021,1.1644154787063599,0,
,2026-01-15 03:00:00,,,1.1644154787063599,1.1644154787063599,1.1640088558197021,1.1642799377441406,0,
,2026-01-15 04:00:00,,,1.1642799377441406,1.1642799377441406,1.1637378931045532,1.163873314857483,0,
,2026-01-15 05:00:00,,,1.1637378931045532,1.1641442775726318,1.1637378931045532,1.163873314857483,0,
,2026-01-15 06:00:00,,,1.163873314857483,1.1641442775726318,1.1633317470550537,1.1637378931045532,0,
,2026-01-15 07:00:00,,,1.1637378931045532,1.163873314857483,1.163061261177063,1.1631964445114136,0,
,2026-01-15 08:00:00,,,1.1631964445114136,1.163873314857483,1.163061261177063,1.1634671688079834,0,
,2026-01-15 09:00:00,,,1.1634671688079834,1.1642799377441406,1.1634671688079834,1.1640088558197021,0,
,2026-01-15 10:00:00,,,1.1640088558197021,1.1644154787063599,1.1637378931045532,1.1640088558197021,0,
,2026-01-15 11:00:00,,,1.1640088558197021,1.1641442775726318,1.1634671688079834,1.1634671688079834,0,
,2026-01-15 12:00:00,,,1.1634671688079834,1.163873314857483,1.162520408630371,1.162520408630371,0,
,2026-01-15 13:00:00,,,1.1626555919647217,1.1627906560897827,1.1602274179458618,1.1602274179458618,0,
,2026-01-15 14:00:00,,,1.160496711730957,1.16130530834198,1.15968918800354,1.1603620052337646,0,
,2026-01-15 15:00:00,,,1.160496711730957,1.161170482635498,1.160092830657959,1.160496711730957,0,
,2026-01-15 16:00:00,,,1.1606314182281494,1.161440134048462,1.1602274179458618,1.1609008312225342,0,
,2026-01-15 17:00:00,,,1.1607661247253418,1.1617100238800049,1.1607661247253418,1.1610356569290161,0,
,2026-01-15 18:00:00,,,1.16130530834198,1.1618449687957764,1.16130530834198,1.1617100238800049,0,
,2026-01-15 19:00:00,,,1.1618449687957764,1.1621150970458984,1.1615750789642334,1.1617100238800049,0,
,2026-01-15 20:00:00,,,1.1617100238800049,1.1618449687957764,1.1606314182281494,1.1607661247253418,0,
,2026-01-15 21:00:00,,,1.1607661247253418,1.161440134048462,1.1606314182281494,1.161440134048462,0,
,2026-01-15 22:00:00,,,1.161170482635498,1.161440134048462,1.1610356569290161,1.1610356569290161,0,
,2026-01-15 23:00:00,,,1.1609008312225342,1.16130530834198,1.1609008312225342,1.16130530834198,0,
,2026-01-16 00:00:00,,,1.16130530834198,1.16130530834198,1.1606314182281494,1.1607661247253418,0,
,2026-01-16 01:00:00,,,1.1607661247253418,1.161170482635498,1.1606314182281494,1.1610356569290161,0,
,2026-01-16 02:00:00,,,1.1610356569290161,1.1617100238800049,1.1610356569290161,1.161170482635498,0,
,2026-01-16 03:00:00,,,1.16130530834198,1.1615750789642334,1.1610356569290161,1.1615750789642334,0,
,2026-01-16 04:00:00,,,1.1615750789642334,1.1617100238800049,1.161440134048462,1.161440134048462,0,
,2026-01-16 05:00:00,,,1.161440134048462,1.161440134048462,1.1609008312225342,1.1610356569290161,0,
,2026-01-16 06:00:00,,,1.1610356569290161,1.16130530834198,1.1607661247253418,1.16130530834198,0,
,2026-01-16 07:00:00,,,1.161170482635498,1.1617100238800049,1.161170482635498,1.1615750789642334,0,
,2026-01-16 08:00:00,,,1.1615750789642334,1.1617100238800049,1.161170482635498,1.16130530834198,0,
,2026-01-16 09:00:00,,,1.16130530834198,1.1618449687957764,1.161170482635498,1.161170482635498,0,
,2026-01-16 10:00:00,,,1.161170482635498,1.16225004196167,1.161170482635498,1.1618449687957764,0,
,2026-01-16 11:00:00,,,1.1617100238800049,1.1626555919647217,1.1617100238800049,1.16225004196167,0,
,2026-01-16 12:00:00,,,1.16225004196167,1.162520408630371,1.1617100238800049,1.16225004196167,0,
,2026-01-16 13:00:00,,,1.16225004196167,1.1623852252960205,1.161440134048462,1.16225004196167,0,
,2026-01-16 14:00:00,,,1.16225004196167,1.1623852252960205,1.1617100238800049,1.1619800329208374,0,
,2026-01-16 15:00:00,,,1.1621150970458984,1.1629259586334229,1.1590172052383423,1.15968918800354,0,
,2026-01-16 16:00:00,,,1.1598236560821533,1.1609008312225342,1.1598236560821533,1.160092830657959,0,
,2026-01-16 17:00:00,,,1.1602274179458618,1.1606314182281494,1.1598236560821533,1.1599582433700562,0,
,2026-01-16 18:00:00,,,1.1598236560821533,1.1602274179458618,1.1592857837677002,1.1599582433700562,0,
,2026-01-16 19:00:00,,,1.1598236560821533,1.160092830657959,1.1595547199249268,1.1599582433700562,0,
,2026-01-16 20:00:00,,,1.1599582433700562,1.1606314182281494,1.1599582433700562,1.1603620052337646,0,
,2026-01-16 21:00:00,,,1.1602274179458618,1.1606314182281494,1.160092830657959,1.1602274179458618,0,
,2026-01-16 22:00:00,,,1.1603620052337646,1.1603620052337646,1.1603620052337646,1.1603620052337646,0,
,2026-01-19 00:00:00,,,1.1627906560897827,1.1641442775726318,1.161170482635498,1.163602590560913,0,
,2026-01-19 01:00:00,,,1.1634671688079834,1.163602590560913,1.162520408630371,1.162520408630371,0,
,2026-01-19 02:00:00,,,1.162520408630371,1.1626555919647217,1.1619800329208374,1.1621150970458984,0,
,2026-01-19 03:00:00,,,1.16225004196167,1.1629259586334229,1.1619800329208374,1.1627906560897827,0,
,2026-01-19 04:00:00,,,1.1629259586334229,1.163602590560913,1.1629259586334229,1.163602590560913,0,
,2026-01-19 05:00:00,,,1.1637378931045532,1.1640088558197021,1.163061261177063,1.163061261177063,0,
,2026-01-19 06:00:00,,,1.1631964445114136,1.1634671688079834,1.1629259586334229,1.1631964445114136,0,
,2026-01-19 07:00:00,,,1.163061261177063,1.1644154787063599,1.1626555919647217,1.1629259586334229,0,
,2026-01-19 08:00:00,,,1.163061261177063,1.1631964445114136,1.16225004196167,1.1627906560897827,0,
,2026-01-19 09:00:00,,,1.1627906560897827,1.1633317470550537,1.161440134048462,1.1626555919647217,0,
,2026-01-19 10:00:00,,,1.1627906560897827,1.1631964445114136,1.162520408630371,1.1629259586334229,0,
,2026-01-19 11:00:00,,,1.1627906560897827,1.1631964445114136,1.1623852252960205,1.1631964445114136,0,
,2026-01-19 12:00:00,,,1.163061261177063,1.163602590560913,1.1629259586334229,1.1629259586334229,0,
,2026-01-19 13:00:00,,,1.163061261177063,1.163873314857483,1.163061261177063,1.1634671688079834,0,
,2026-01-19 14:00:00,,,1.1634671688079834,1.1645511388778687,1.1633317470550537,1.1644154787063599,0,
,2026-01-19 15:00:00,,,1.1642799377441406,1.164686679840088,1.163602590560913,1.1642799377441406,0,
,2026-01-19 16:00:00,,,1.1642799377441406,1.1650937795639038,1.1641442775726318,1.1645511388778687,0,
,2026-01-19 17:00:00,,,1.1645511388778687,1.164958119392395,1.1644154787063599,1.164958119392395,0,
,2026-01-19 18:00:00,,,1.164958119392395,1.1652295589447021,1.164686679840088,1.164686679840088,0,
,2026-01-19 19:00:00,,,1.164686679840088,1.1650937795639038,1.1645511388778687,1.164686679840088,0,
,2026-01-19 20:00:00,,,1.164686679840088,1.1648223400115967,1.1645511388778687,1.1648223400115967,0,
,2026-01-19 21:00:00,,,1.1648223400115967,1.164958119392395,1.164686679840088,1.164958119392395,0,
,2026-01-19 22:00:00,,,1.1656370162963867,1.1656370162963867,1.1642799377441406,1.164686679840088,0,
,2026-01-19 23:00:00,,,1.164958119392395,1.164958119392395,1.1642799377441406,1.1642799377441406,0,
,2026-01-20 00:00:00,,,1.1642799377441406,1.1644154787063599,1.163602590560913,1.1644154787063599,0,
,2026-01-20 01:00:00,,,1.1644154787063599,1.164686679840088,1.1642799377441406,1.164686679840088,0,
,2026-01-20 02:00:00,,,1.1648223400115967,1.164958119392395,1.1644154787063599,1.1648223400115967,0,
,2026-01-20 03:00:00,,,1.1648223400115967,1.1661807298660278,1.164686679840088,1.16604483127594,0,
,2026-01-20 04:00:00,,,1.1659088134765625,1.1669973134994507,1.1659088134765625,1.1668611764907837,0,
,2026-01-20 05:00:00,,,1.1669973134994507,1.1675423383712769,1.1667250394821167,1.1667250394821167,0,
,2026-01-20 06:00:00,,,1.1665889024734497,1.1672697067260742,1.1665889024734497,1.1672697067260742,0,
,2026-01-20 07:00:00,,,1.1671334505081177,1.1697274446487427,1.1667250394821167,1.1693171262741089,0,
,2026-01-20 08:00:00,,,1.1691803932189941,1.1724703311920166,1.1691803932189941,1.17205810546875,0,
,2026-01-20 09:00:00,,,1.172195553779602,1.1735711097717285,1.17205810546875,1.1728830337524414,0,
,2026-01-20 10:00:00,,,1.1731581687927246,1.173433542251587,1.1719207763671875,1.173433542251587,0,
,2026-01-20 11:00:00,,,1.173433542251587,1.1742602586746216,1.1726078987121582,1.1737089157104492,0,
,2026-01-20 12:00:00,,,1.17384672164917,1.1746740341186523,1.1730204820632935,1.1730204820632935,0,
,2026-01-20 13:00:00,,,1.1731581687927246,1.177024483680725,1.172333002090454,1.17384672164917,0,
,2026-01-20 14:00:00,,,1.1737089157104492,1.17384672164917,1.17205810546875,1.172195553779602,0,
,2026-01-20 15:00:00,,,1.17205810546875,1.1739845275878906,1.17205810546875,1.1731581687927246,0,
,2026-01-20 16:00:00,,,1.1731581687927246,1.1742602586746216,1.1731581687927246,1.1742602586746216,0,
,2026-01-20 17:00:00,,,1.1741223335266113,1.1745359897613525,1.173433542251587,1.1735711097717285,0,
,2026-01-20 18:00:00,,,1.173433542251587,1.1737089157104492,1.1730204820632935,1.1730204820632935,0,
,2026-01-20 19:00:00,,,1.1731581687927246,1.1731581687927246,1.1715089082717896,1.1715089082717896,0,
,2026-01-20 20:00:00,,,1.1715089082717896,1.172333002090454,1.1715089082717896,1.172195553779602,0,
,2026-01-20 21:00:00,,,1.172195553779602,1.1730204820632935,1.172195553779602,1.1730204820632935,0,
,2026-01-20 22:00:00,,,1.172333002090454,1.1732958555221558,1.171783447265625,1.172333002090454,0,
,2026-01-20 23:00:00,,,1.1727453470230103,1.1731581687927246,1.1724703311920166,1.1731581687927246,0,
,2026-01-21 00:00:00,,,1.1727453470230103,1.1728830337524414,1.17205810546875,1.1726078987121582,0,
,2026-01-21 01:00:00,,,1.1727453470230103,1.1737089157104492,1.1727453470230103,1.1731581687927246,0,
,2026-01-21 02:00:00,,,1.1731581687927246,1.173433542251587,1.1727453470230103,1.1728830337524414,0,
,2026-01-21 03:00:00,,,1.1731581687927246,1.1731581687927246,1.1715089082717896,1.172195553779602,0,
,2026-01-21 04:00:00,,,1.172195553779602,1.1724703311920166,1.171783447265625,1.172195553779602,0,
,2026-01-21 05:00:00,,,1.172195553779602,1.1724703311920166,1.1719207763671875,1.17205810546875,0,
,2026-01-21 06:00:00,,,1.1719207763671875,1.1728830337524414,1.1719207763671875,1.1727453470230103,0,
,2026-01-21 07:00:00,,,1.1724703311920166,1.1728830337524414,1.1715089082717896,1.17205810546875,0,
,2026-01-21 08:00:00,,,1.172195553779602,1.172195553779602,1.1709601879119873,1.1713716983795166,0,
,2026-01-21 09:00:00,,,1.1712344884872437,1.1716461181640625,1.170548915863037,1.1706860065460205,0,
,2026-01-21 10:00:00,,,1.1706860065460205,1.1712344884872437,1.1704120635986328,1.1709601879119873,0,
,2026-01-21 11:00:00,,,1.1709601879119873,1.172333002090454,1.170823097229004,1.1716461181640625,0,
,2026-01-21 12:00:00,,,1.1716461181640625,1.1739845275878906,1.1716461181640625,1.17384672164917,0,
,2026-01-21 13:00:00,,,1.1737089157104492,1.1745359897613525,1.1732958555221558,1.1741223335266113,0,
,2026-01-21 14:00:00,,,1.1743981838226318,1.1743981838226318,1.17205810546875,1.1728830337524414,0,
,2026-01-21 15:00:00,,,1.1727453470230103,1.1731581687927246,1.1704120635986328,1.170548915863037,0,
,2026-01-21 16:00:00,,,1.170548915863037,1.1713716983795166,1.169864296913147,1.1706860065460205,0,
,2026-01-21 17:00:00,,,1.1706860065460205,1.1715089082717896,1.1701380014419556,1.1706860065460205,0,
,2026-01-21 18:00:00,,,1.170548915863037,1.170548915863037,1.169864296913147,1.1700011491775513,0,
,2026-01-21 19:00:00,,,1.169864296913147,1.170823097229004,1.1682243347167969,1.1691803932189941,0,
,2026-01-21 20:00:00,,,1.1693171262741089,1.1693171262741089,1.1680878400802612,1.1691803932189941,0,
,2026-01-21 21:00:00,,,1.1690436601638794,1.1693171262741089,1.168770432472229,1.1689070463180542,0,
,2026-01-21 22:00:00,,,1.1689070463180542,1.1694538593292236,1.1686338186264038,1.168770432472229,0,
,2026-01-21 23:00:00,,,1.168770432472229,1.1689070463180542,1.1675423383712769,1.1675423383712769,0,
,2026-01-22 00:00:00,,,1.1676785945892334,1.1693171262741089,1.1676785945892334,1.1690436601638794,0,
,2026-01-22 01:00:00,,,1.1690436601638794,1.1693171262741089,1.1686338186264038,1.1693171262741089,0,
,2026-01-22 02:00:00,,,1.1691803932189941,1.1697274446487427,1.168770432472229,1.1689070463180542,0,
,2026-01-22 03:00:00,,,1.1690436601638794,1.1693171262741089,1.1689070463180542,1.1693171262741089,0,
,2026-01-22 04:00:00,,,1.1693171262741089,1.1700011491775513,1.1693171262741089,1.1694538593292236,0,
,2026-01-22 05:00:00,,,1.1694538593292236,1.1694538593292236,1.168770432472229,1.1691803932189941,0,
,2026-01-22 06:00:00,,,1.1691803932189941,1.1694538593292236,1.168770432472229,1.1691803932189941,0,
,2026-01-22 07:00:00,,,1.1690436601638794,1.169864296913147,1.1689070463180542,1.1694538593292236,0,
,2026-01-22 08:00:00,,,1.1693171262741089,1.169864296913147,1.168770432472229,1.1693171262741089,0,
,2026-01-22 09:00:00,,,1.1691803932189941,1.1700011491775513,1.1691803932189941,1.1694538593292236,0,
,2026-01-22 10:00:00,,,1.1697274446487427,1.169864296913147,1.1690436601638794,1.1697274446487427,0,
,2026-01-22 11:00:00,,,1.1697274446487427,1.170823097229004,1.1694538593292236,1.1706860065460205,0,
,2026-01-22 12:00:00,,,1.170548915863037,1.1712344884872437,1.1704120635986328,1.170823097229004,0,
,2026-01-22 13:00:00,,,1.1706860065460205,1.172195553779602,1.1706860065460205,1.1716461181640625,0,
,2026-01-22 14:00:00,,,1.171783447265625,1.1728830337524414,1.1715089082717896,1.172333002090454,0,
,2026-01-22 15:00:00,,,1.1724703311920166,1.1737089157104492,1.172333002090454,1.1737089157104492,0,
,2026-01-22 16:00:00,,,1.1737089157104492,1.175364375114441,1.1737089157104492,1.1742602586746216,0,
,2026-01-22 17:00:00,,,1.1742602586746216,1.1750881671905518,1.1737089157104492,1.1750881671905518,0,
,2026-01-22 18:00:00,,,1.1748120784759521,1.1752262115478516,1.1746740341186523,1.1750881671905518,0,
,2026-01-22 19:00:00,,,1.1750881671905518,1.1750881671905518,1.1745359897613525,1.1748120784759521,0,
,2026-01-22 20:00:00,,,1.1746740341186523,1.1755025386810303,1.1745359897613525,1.1750881671905518,0,
,2026-01-22 21:00:00,,,1.1752262115478516,1.1760554313659668,1.1750881671905518,1.1756407022476196,0,
,2026-01-22 22:00:00,,,1.1752262115478516,1.1761938333511353,1.1748120784759521,1.1759172677993774,0,
,2026-01-22 23:00:00,,,1.1760554313659668,1.1764705181121826,1.1756407022476196,1.1757789850234985,0,
,2026-01-23 00:00:00,,,1.1756407022476196,1.1756407022476196,1.1752262115478516,1.1752262115478516,0,
,2026-01-23 01:00:00,,,1.1750881671905518,1.1756407022476196,1.1750881671905518,1.1752262115478516,0,
,2026-01-23 02:00:00,,,1.175364375114441,1.175364375114441,1.1748120784759521,1.1749500036239624,0,
,2026-01-23 03:00:00,,,1.1749500036239624,1.1752262115478516,1.1746740341186523,1.1746740341186523,0,
,2026-01-23 04:00:00,,,1.1748120784759521,1.175364375114441,1.1746740341186523,1.175364375114441,0,
,2026-01-23 05:00:00,,,1.1755025386810303,1.1756407022476196,1.175364375114441,1.175364375114441,0,
,2026-01-23 06:00:00,,,1.175364375114441,1.1757789850234985,1.1745359897613525,1.1745359897613525,0,
,2026-01-23 07:00:00,,,1.1746740341186523,1.1748120784759521,1.1739845275878906,1.1739845275878906,0,
,2026-01-23 08:00:00,,,1.1742602586746216,1.1748120784759521,1.1731581687927246,1.1743981838226318,0,
,2026-01-23 09:00:00,,,1.1743981838226318,1.1748120784759521,1.17384672164917,1.17384672164917,0,
,2026-01-23 10:00:00,,,1.17384672164917,1.17384672164917,1.173433542251587,1.1737089157104492,0,
,2026-01-23 11:00:00,,,1.17384672164917,1.1743981838226318,1.173433542251587,1.1741223335266113,0,
,2026-01-23 12:00:00,,,1.1741223335266113,1.1748120784759521,1.1741223335266113,1.1745359897613525,0,
,2026-01-23 13:00:00,,,1.1746740341186523,1.1750881671905518,1.1737089157104492,1.1737089157104492,0,
,2026-01-23 14:00:00,,,1.17384672164917,1.1750881671905518,1.1735711097717285,1.1749500036239624,0,
,2026-01-23 15:00:00,,,1.1750881671905518,1.1763322353363037,1.1749500036239624,1.1761938333511353,0,
,2026-01-23 16:00:00,,,1.1760554313659668,1.1777175664901733,1.1750881671905518,1.1774401664733887,0,
,2026-01-23 17:00:00,,,1.1774401664733887,1.1800801753997803,1.1774401664733887,1.1798018217086792,0,
,2026-01-23 18:00:00,,,1.1795234680175781,1.1796625852584839,1.1781338453292847,1.1795234680175781,0,
,2026-01-23 19:00:00,,,1.1795234680175781,1.1817537546157837,1.1795234680175781,1.1816140413284302,0,
,2026-01-23 20:00:00,,,1.1816140413284302,1.1828720569610596,1.1814744472503662,1.1825922727584839,0,
,2026-01-23 21:00:00,,,1.1824523210525513,1.1835720539093018,1.1824523210525513,1.1832919120788574,0,
,2026-01-23 22:00:00,,,1.1823126077651978,1.1823126077651978,1.1823126077651978,1.1823126077651978,0,
,2026-01-26 00:00:00,,,1.1856770515441895,1.186661958694458,1.1848341226577759,1.186521053314209,0,
,2026-01-26 01:00:00,,,1.186661958694458,1.1872254610061646,1.1858175992965698,1.1860989332199097,0,
,2026-01-26 02:00:00,,,1.1859582662582397,1.187930703163147,1.1859582662582397,1.1870845556259155,0,
,2026-01-26 03:00:00,,,1.1869436502456665,1.1869436502456665,1.1862396001815796,1.186521053314209,0,
,2026-01-26 04:00:00,,,1.186380386352539,1.1870845556259155,1.1859582662582397,1.1862396001815796,0,
,2026-01-26 05:00:00,,,1.186380386352539,1.1872254610061646,1.1862396001815796,1.1868027448654175,0,
,2026-01-26 06:00:00,,,1.1868027448654175,1.1868027448654175,1.1855363845825195,1.1855363845825195,0,
,2026-01-26 07:00:00,,,1.1855363845825195,1.186661958694458,1.1842728853225708,1.1842728853225708,0,
,2026-01-26 08:00:00,,,1.1846938133239746,1.1862396001815796,1.1842728853225708,1.1856770515441895,0,
,2026-01-26 09:00:00,,,1.1855363845825195,1.1870845556259155,1.1845533847808838,1.1868027448654175,0,
,2026-01-26 10:00:00,,,1.1868027448654175,1.1868027448654175,1.1856770515441895,1.186380386352539,0,
,2026-01-26 11:00:00,,,1.186380386352539,1.186380386352539,1.1852554082870483,1.1859582662582397,0,
,2026-01-26 12:00:00,,,1.1858175992965698,1.1859582662582397,1.184413194656372,1.1845533847808838,0,
,2026-01-26 13:00:00,,,1.1845533847808838,1.1859582662582397,1.1839923858642578,1.1859582662582397,0,
,2026-01-26 14:00:00,,,1.1859582662582397,1.1883541345596313,1.1856770515441895,1.1883541345596313,0,
,2026-01-26 15:00:00,,,1.1882128715515137,1.18990957736969,1.1875073909759521,1.18990957736969,0,
,2026-01-26 16:00:00,,,1.1900511980056763,1.1906179189682007,1.1883541345596313,1.1889193058013916,0,
,2026-01-26 17:00:00,,,1.1889193058013916,1.18948495388031,1.187930703163147,1.1882128715515137,0,
,2026-01-26 18:00:00,,,1.1882128715515137,1.1893434524536133,1.1882128715515137,1.1883541345596313,0,
,2026-01-26 19:00:00,,,1.1882128715515137,1.1884952783584595,1.1873664855957031,1.1882128715515137,0,
,2026-01-26 20:00:00,,,1.1886366605758667,1.1887779235839844,1.1880717277526855,1.1886366605758667,0,
,2026-01-26 21:00:00,,,1.1886366605758667,1.1889193058013916,1.1877895593643188,1.1883541345596313,0,
,2026-01-26 22:00:00,,,1.1876484155654907,1.1886366605758667,1.1876484155654907,1.1883541345596313,0,
,2026-01-26 23:00:00,,,1.1884952783584595,1.1884952783584595,1.1876484155654907,1.1877895593643188,0,
1.0,2026-01-27 00:00:00,2026-01-27,00:00:00,1.1877895593643188,1.1886366605758667,1.1877895593643188,1.1880717277526855,0,2.0
2.0,2026-01-27 01:00:00,2026-01-27,01:00:00,1.1882128715515137,1.1884952783584595,1.1877895593643188,1.1882128715515137,0,2.0
3.0,2026-01-27 02:00:00,2026-01-27,02:00:00,1.1882128715515137,1.190334439277649,1.187930703163147,1.1897679567337036,0,2.0
4.0,2026-01-27 03:00:00,2026-01-27,03:00:00,1.1896264553070068,1.1896264553070068,1.1883541345596313,1.1883541345596313,0,2.0
5.0,2026-01-27 04:00:00,2026-01-27,04:00:00,1.1883541345596313,1.1884952783584595,1.1873664855957031,1.1876484155654907,0,2.0
6.0,2026-01-27 05:00:00,2026-01-27,05:00:00,1.1876484155654907,1.1882128715515137,1.1876484155654907,1.1880717277526855,0,2.0
7.0,2026-01-27 06:00:00,2026-01-27,06:00:00,1.187930703163147,1.1884952783584595,1.1875073909759521,1.1875073909759521,0,2.0
8.0,2026-01-27 07:00:00,2026-01-27,07:00:00,1.1876484155654907,1.187930703163147,1.186521053314209,1.1868027448654175,0,2.0
9.0,2026-01-27 08:00:00,2026-01-27,08:00:00,1.1869436502456665,1.1869436502456665,1.1855363845825195,1.186380386352539,0,2.0
10.0,2026-01-27 09:00:00,2026-01-27,09:00:00,1.1862396001815796,1.189202070236206,1.1862396001815796,1.189202070236206,0,2.0
11.0,2026-01-27 10:00:00,2026-01-27,10:00:00,1.1890605688095093,1.1893434524536133,1.1877895593643188,1.189202070236206,0,2.0
12.0,2026-01-27 11:00:00,2026-01-27,11:00:00,1.189202070236206,1.1900511980056763,1.1889193058013916,1.1900511980056763,0,2.0
13.0,2026-01-27 12:00:00,2026-01-27,12:00:00,1.18990957736969,1.1934598684310913,1.1897679567337036,1.193174958229065,0,2.0
14.0,2026-01-27 13:00:00,2026-01-27,13:00:00,1.193602204322815,1.1941723823547363,1.1918951272964478,1.1927480697631836,0,2.0
15.0,2026-01-27 14:00:00,2026-01-27,14:00:00,1.1927480697631836,1.1957430839538574,1.1923214197158813,1.1947431564331055,0,2.0
16.0,2026-01-27 15:00:00,2026-01-27,15:00:00,1.1953144073486328,1.1974613666534424,1.1951714754104614,1.1953144073486328,0,2.0
17.0,2026-01-27 16:00:00,2026-01-27,16:00:00,1.1956002712249756,1.1993283033370972,1.1956002712249756,1.1983222961425781,0,2.0
18.0,2026-01-27 17:00:00,2026-01-27,17:00:00,1.198178768157959,1.1986095905303955,1.1963152885437012,1.1983222961425781,0,2.0
19.0,2026-01-27 18:00:00,2026-01-27,18:00:00,1.1984659433364868,1.1990407705307007,1.197604775428772,1.1983222961425781,0,2.0
20.0,2026-01-27 19:00:00,2026-01-27,19:00:00,1.1980352401733398,1.1983222961425781,1.197604775428772,1.1980352401733398,0,2.0
21.0,2026-01-27 20:00:00,2026-01-27,20:00:00,1.1978917121887207,1.2084592580795288,1.1978917121887207,1.203659176826477,0,2.0
22.0,2026-01-27 21:00:00,2026-01-27,21:00:00,1.2035142183303833,1.2052549123764038,1.2027904987335205,1.2043839693069458,0,2.0
23.0,2026-01-27 22:00:00,2026-01-27,22:00:00,1.2054002285003662,1.2054002285003662,1.2023565769195557,1.2046741247177124,0,2.0
24.0,2026-01-27 23:00:00,2026-01-27,23:00:00,1.204529047012329,1.204529047012329,1.2020676136016846,1.2022120952606201,0,2.0
25.0,2026-01-28 00:00:00,2026-01-28,00:00:00,1.2023565769195557,1.2026457786560059,1.201345443725586,1.2019230127334595,0,2.0
26.0,2026-01-28 01:00:00,2026-01-28,01:00:00,1.201489806175232,1.2016342878341675,1.1997599601745605,1.1997599601745605,0,2.0
27.0,2026-01-28 02:00:00,2026-01-28,02:00:00,1.2000479698181152,1.2003360986709595,1.199184536933899,1.2000479698181152,0,2.0
28.0,2026-01-28 03:00:00,2026-01-28,03:00:00,1.2000479698181152,1.2007685899734497,1.199903964996338,1.2000479698181152,0,2.0
29.0,2026-01-28 04:00:00,2026-01-28,04:00:00,1.2000479698181152,1.2004802227020264,1.199472188949585,1.2004802227020264,0,2.0
30.0,2026-01-28 05:00:00,2026-01-28,05:00:00,1.2003360986709595,1.2003360986709595,1.1980352401733398,1.2000479698181152,0,2.0
31.0,2026-01-28 06:00:00,2026-01-28,06:00:00,1.2000479698181152,1.2009127140045166,1.1996161937713623,1.199903964996338,0,2.0
32.0,2026-01-28 07:00:00,2026-01-28,07:00:00,1.199903964996338,1.2029350996017456,1.1988970041275024,1.199472188949585,0,2.0
33.0,2026-01-28 08:00:00,2026-01-28,08:00:00,1.1993283033370972,1.2006243467330933,1.1974613666534424,1.1983222961425781,0,2.0
34.0,2026-01-28 09:00:00,2026-01-28,09:00:00,1.1988970041275024,1.1996161937713623,1.1980352401733398,1.199184536933899,0,2.0
35.0,2026-01-28 10:00:00,2026-01-28,10:00:00,1.199184536933899,1.1996161937713623,1.1977481842041016,1.1993283033370972,0,2.0
36.0,2026-01-28 11:00:00,2026-01-28,11:00:00,1.1990407705307007,1.1990407705307007,1.1966016292572021,1.1971746683120728,0,2.0
37.0,2026-01-28 12:00:00,2026-01-28,12:00:00,1.1973179578781128,1.1986095905303955,1.1970313787460327,1.1983222961425781,0,2.0
38.0,2026-01-28 13:00:00,2026-01-28,13:00:00,1.198178768157959,1.1983222961425781,1.1957430839538574,1.1960291862487793,0,2.0
39.0,2026-01-28 14:00:00,2026-01-28,14:00:00,1.1960291862487793,1.1980352401733398,1.1957430839538574,1.1966016292572021,0,2.0
40.0,2026-01-28 15:00:00,2026-01-28,15:00:00,1.1966016292572021,1.1973179578781128,1.193602204322815,1.1946003437042236,0,2.0
41.0,2026-01-28 16:00:00,2026-01-28,16:00:00,1.1950286626815796,1.1954572200775146,1.1926058530807495,1.1943150758743286,0,2.0
42.0,2026-01-28 17:00:00,2026-01-28,17:00:00,1.194457769393921,1.1946003437042236,1.1933174133300781,1.194457769393921,0,2.0
43.0,2026-01-28 18:00:00,2026-01-28,18:00:00,1.194457769393921,1.1946003437042236,1.1918951272964478,1.1926058530807495,0,2.0
44.0,2026-01-28 19:00:00,2026-01-28,19:00:00,1.1937447786331177,1.194457769393921,1.1906179189682007,1.194457769393921,0,2.0
45.0,2026-01-28 20:00:00,2026-01-28,20:00:00,1.1947431564331055,1.1953144073486328,1.1933174133300781,1.1948858499526978,0,2.0
46.0,2026-01-28 21:00:00,2026-01-28,21:00:00,1.1948858499526978,1.1958861351013184,1.1946003437042236,1.1958861351013184,0,2.0
47.0,2026-01-28 22:00:00,2026-01-28,22:00:00,1.1958861351013184,1.1963152885437012,1.1951714754104614,1.1960291862487793,0,2.0
48.0,2026-01-28 23:00:00,2026-01-28,23:00:00,1.1958861351013184,1.1980352401733398,1.1956002712249756,1.1980352401733398,0,2.0
49.0,2026-01-29 00:00:00,2026-01-29,00:00:00,1.198178768157959,1.1987532377243042,1.1973179578781128,1.1977481842041016,0,2.0
50.0,2026-01-29 01:00:00,2026-01-29,01:00:00,1.1974613666534424,1.1974613666534424,1.1961722373962402,1.1964584589004517,0,2.0
51.0,2026-01-29 02:00:00,2026-01-29,02:00:00,1.1963152885437012,1.1978917121887207,1.1958861351013184,1.197604775428772,0,2.0
52.0,2026-01-29 03:00:00,2026-01-29,03:00:00,1.1974613666534424,1.1990407705307007,1.1974613666534424,1.1990407705307007,0,2.0
53.0,2026-01-29 04:00:00,2026-01-29,04:00:00,1.199184536933899,1.1993283033370972,1.1980352401733398,1.1993283033370972,0,2.0
54.0,2026-01-29 05:00:00,2026-01-29,05:00:00,1.199472188949585,1.1996161937713623,1.1984659433364868,1.1984659433364868,0,2.0
55.0,2026-01-29 06:00:00,2026-01-29,06:00:00,1.1984659433364868,1.1993283033370972,1.1980352401733398,1.1988970041275024,0,2.0
56.0,2026-01-29 07:00:00,2026-01-29,07:00:00,1.1990407705307007,1.1997599601745605,1.1971746683120728,1.1977481842041016,0,2.0
57.0,2026-01-29 08:00:00,2026-01-29,08:00:00,1.198178768157959,1.1988970041275024,1.1966016292572021,1.1970313787460327,0,2.0
58.0,2026-01-29 09:00:00,2026-01-29,09:00:00,1.1971746683120728,1.197604775428772,1.1956002712249756,1.1958861351013184,0,2.0
59.0,2026-01-29 10:00:00,2026-01-29,10:00:00,1.1960291862487793,1.1960291862487793,1.1943150758743286,1.1946003437042236,0,2.0
60.0,2026-01-29 11:00:00,2026-01-29,11:00:00,1.1946003437042236,1.1956002712249756,1.1943150758743286,1.1951714754104614,0,2.0
61.0,2026-01-29 12:00:00,2026-01-29,12:00:00,1.1950286626815796,1.1964584589004517,1.1946003437042236,1.1964584589004517,0,2.0
62.0,2026-01-29 13:00:00,2026-01-29,13:00:00,1.1966016292572021,1.1971746683120728,1.1947431564331055,1.1958861351013184,0,2.0
63.0,2026-01-29 14:00:00,2026-01-29,14:00:00,1.1961722373962402,1.1973179578781128,1.1956002712249756,1.1971746683120728,0,2.0
64.0,2026-01-29 15:00:00,2026-01-29,15:00:00,1.1970313787460327,1.1970313787460327,1.1911852359771729,1.1933174133300781,0,2.0
65.0,2026-01-29 16:00:00,2026-01-29,16:00:00,1.1934598684310913,1.1954572200775146,1.193174958229065,1.1946003437042236,0,2.0
66.0,2026-01-29 17:00:00,2026-01-29,17:00:00,1.1948858499526978,1.1964584589004517,1.1947431564331055,1.1958861351013184,0,2.0
67.0,2026-01-29 18:00:00,2026-01-29,18:00:00,1.1957430839538574,1.1967447996139526,1.1953144073486328,1.1963152885437012,0,2.0
68.0,2026-01-29 19:00:00,2026-01-29,19:00:00,1.1958861351013184,1.1963152885437012,1.1954572200775146,1.1954572200775146,0,2.0
69.0,2026-01-29 20:00:00,2026-01-29,20:00:00,1.1954572200775146,1.1971746683120728,1.1950286626815796,1.1967447996139526,0,2.0
70.0,2026-01-29 21:00:00,2026-01-29,21:00:00,1.1967447996139526,1.1974613666534424,1.1966016292572021,1.1974613666534424,0,2.0
71.0,2026-01-29 22:00:00,2026-01-29,22:00:00,1.198178768157959,1.1983222961425781,1.1957430839538574,1.1973179578781128,0,2.0
72.0,2026-01-29 23:00:00,2026-01-29,23:00:00,1.1974613666534424,1.1977481842041016,1.1968880891799927,1.1968880891799927,0,2.0
73.0,2026-01-30 00:00:00,2026-01-30,00:00:00,1.1970313787460327,1.1977481842041016,1.1934598684310913,1.1934598684310913,0,2.0
74.0,2026-01-30 01:00:00,2026-01-30,01:00:00,1.1933174133300781,1.1943150758743286,1.1918951272964478,1.1920371055603027,0,2.0
75.0,2026-01-30 02:00:00,2026-01-30,02:00:00,1.1917530298233032,1.1923214197158813,1.18990957736969,1.1921793222427368,0,2.0
76.0,2026-01-30 03:00:00,2026-01-30,03:00:00,1.1921793222427368,1.1926058530807495,1.1917530298233032,1.1924636363983154,0,2.0
77.0,2026-01-30 04:00:00,2026-01-30,04:00:00,1.1923214197158813,1.1937447786331177,1.1923214197158813,1.1928904056549072,0,2.0
78.0,2026-01-30 05:00:00,2026-01-30,05:00:00,1.1928904056549072,1.1938873529434204,1.1918951272964478,1.1927480697631836,0,2.0
79.0,2026-01-30 06:00:00,2026-01-30,06:00:00,1.1928904056549072,1.193602204322815,1.1917530298233032,1.1921793222427368,0,2.0
80.0,2026-01-30 07:00:00,2026-01-30,07:00:00,1.1921793222427368,1.194457769393921,1.1918951272964478,1.1940299272537231,0,2.0
81.0,2026-01-30 08:00:00,2026-01-30,08:00:00,1.1941723823547363,1.1946003437042236,1.1927480697631836,1.193602204322815,0,2.0
82.0,2026-01-30 09:00:00,2026-01-30,09:00:00,1.1943150758743286,1.1943150758743286,1.190334439277649,1.1911852359771729,0,2.0
83.0,2026-01-30 10:00:00,2026-01-30,10:00:00,1.1913270950317383,1.1928904056549072,1.1910432577133179,1.1924636363983154,0,2.0
84.0,2026-01-30 11:00:00,2026-01-30,11:00:00,1.1924636363983154,1.1953144073486328,1.1924636363983154,1.1953144073486328,0,2.0
85.0,2026-01-30 12:00:00,2026-01-30,12:00:00,1.1954572200775146,1.1958861351013184,1.1918951272964478,1.1921793222427368,0,2.0
86.0,2026-01-30 13:00:00,2026-01-30,13:00:00,1.1924636363983154,1.1927480697631836,1.1907596588134766,1.1916110515594482,0,2.0
87.0,2026-01-30 14:00:00,2026-01-30,14:00:00,1.1920371055603027,1.1924636363983154,1.1907596588134766,1.1910432577133179,0,2.0
88.0,2026-01-30 15:00:00,2026-01-30,15:00:00,1.1906179189682007,1.1907596588134766,1.1889193058013916,1.18990957736969,0,2.0
89.0,2026-01-30 16:00:00,2026-01-30,16:00:00,1.1900511980056763,1.1900511980056763,1.187930703163147,1.1889193058013916,0,2.0
90.0,2026-01-30 17:00:00,2026-01-30,17:00:00,1.1889193058013916,1.1889193058013916,1.1870845556259155,1.1875073909759521,0,2.0
91.0,2026-01-30 18:00:00,2026-01-30,18:00:00,1.1875073909759521,1.1886366605758667,1.1859582662582397,1.1882128715515137,0,2.0
92.0,2026-01-30 19:00:00,2026-01-30,19:00:00,1.1884952783584595,1.1886366605758667,1.1870845556259155,1.1872254610061646,0,2.0
93.0,2026-01-30 20:00:00,2026-01-30,20:00:00,1.1870845556259155,1.1870845556259155,1.1856770515441895,1.1856770515441895,0,2.0
94.0,2026-01-30 21:00:00,2026-01-30,21:00:00,1.1856770515441895,1.1859582662582397,1.1853959560394287,1.1853959560394287,0,2.0
95.0,2026-01-30 22:00:00,2026-01-30,22:00:00,1.1853959560394287,1.1853959560394287,1.1853959560394287,1.1853959560394287,0,2.0
96.0,2026-02-02 00:00:00,2026-02-02,00:00:00,1.1852554082870483,1.1877895593643188,1.1852554082870483,1.1869436502456665,0,2.0
97.0,2026-02-02 01:00:00,2026-02-02,01:00:00,1.1869436502456665,1.1875073909759521,1.1858175992965698,1.1875073909759521,0,2.0
98.0,2026-02-02 02:00:00,2026-02-02,02:00:00,1.1875073909759521,1.1877895593643188,1.1868027448654175,1.1868027448654175,0,2.0
99.0,2026-02-02 03:00:00,2026-02-02,03:00:00,1.186661958694458,1.1875073909759521,1.186661958694458,1.1869436502456665,0,2.0
100.0,2026-02-02 04:00:00,2026-02-02,04:00:00,1.1868027448654175,1.1873664855957031,1.1862396001815796,1.186521053314209,0,2.0
101.0,2026-02-02 05:00:00,2026-02-02,05:00:00,1.186661958694458,1.186661958694458,1.1845533847808838,1.1853959560394287,0,2.0
102.0,2026-02-02 06:00:00,2026-02-02,06:00:00,1.1855363845825195,1.1858175992965698,1.1848341226577759,1.1856770515441895,0,2.0
103.0,2026-02-02 07:00:00,2026-02-02,07:00:00,1.1856770515441895,1.186661958694458,1.1855363845825195,1.1858175992965698,0,2.0
104.0,2026-02-02 08:00:00,2026-02-02,08:00:00,1.1860989332199097,1.1868027448654175,1.1848341226577759,1.1848341226577759,0,2.0
105.0,2026-02-02 09:00:00,2026-02-02,09:00:00,1.1855363845825195,1.1868027448654175,1.1849744319915771,1.186661958694458,0,2.0
106.0,2026-02-02 10:00:00,2026-02-02,10:00:00,1.186380386352539,1.1872254610061646,1.1862396001815796,1.1869436502456665,0,2.0
107.0,2026-02-02 11:00:00,2026-02-02,11:00:00,1.1869436502456665,1.1875073909759521,1.186521053314209,1.1869436502456665,0,2.0
108.0,2026-02-02 12:00:00,2026-02-02,12:00:00,1.186661958694458,1.1872254610061646,1.1846938133239746,1.1852554082870483,0,2.0
109.0,2026-02-02 13:00:00,2026-02-02,13:00:00,1.1852554082870483,1.1852554082870483,1.1823126077651978,1.1824523210525513,0,2.0
110.0,2026-02-02 14:00:00,2026-02-02,14:00:00,1.1824523210525513,1.1832919120788574,1.1809163093566895,1.1825922727584839,0,2.0
111.0,2026-02-02 15:00:00,2026-02-02,15:00:00,1.1817537546157837,1.1818934679031372,1.1795234680175781,1.1796625852584839,0,2.0
112.0,2026-02-02 16:00:00,2026-02-02,16:00:00,1.1796625852584839,1.1810559034347534,1.1795234680175781,1.1809163093566895,0,2.0
113.0,2026-02-02 17:00:00,2026-02-02,17:00:00,1.1810559034347534,1.1816140413284302,1.1798018217086792,1.1802195310592651,0,2.0
114.0,2026-02-02 18:00:00,2026-02-02,18:00:00,1.1804981231689453,1.1804981231689453,1.1782727241516113,1.1782727241516113,0,2.0
115.0,2026-02-02 19:00:00,2026-02-02,19:00:00,1.1784114837646484,1.1795234680175781,1.177994966506958,1.1793843507766724,0,2.0
116.0,2026-02-02 20:00:00,2026-02-02,20:00:00,1.1791062355041504,1.1795234680175781,1.1784114837646484,1.1795234680175781,0,2.0
117.0,2026-02-02 21:00:00,2026-02-02,21:00:00,1.1796625852584839,1.1798018217086792,1.1792453527450562,1.1792453527450562,0,2.0
118.0,2026-02-02 22:00:00,2026-02-02,22:00:00,1.1792453527450562,1.1798018217086792,1.1792453527450562,1.1793843507766724,0,2.0
119.0,2026-02-02 23:00:00,2026-02-02,23:00:00,1.1793843507766724,1.1802195310592651,1.1791062355041504,1.1802195310592651,0,2.0
120.0,2026-02-03 00:00:00,2026-02-03,00:00:00,1.1802195310592651,1.1810559034347534,1.1802195310592651,1.1809163093566895,0,2.0
121.0,2026-02-03 01:00:00,2026-02-03,01:00:00,1.1810559034347534,1.1817537546157837,1.1806375980377197,1.1817537546157837,0,2.0
122.0,2026-02-03 02:00:00,2026-02-03,02:00:00,1.1817537546157837,1.1817537546157837,1.1804981231689453,1.1804981231689453,0,2.0
123.0,2026-02-03 03:00:00,2026-02-03,03:00:00,1.1804981231689453,1.1816140413284302,1.1804981231689453,1.1816140413284302,0,2.0
124.0,2026-02-03 04:00:00,2026-02-03,04:00:00,1.1813349723815918,1.1820330619812012,1.1813349723815918,1.1813349723815918,0,2.0
125.0,2026-02-03 05:00:00,2026-02-03,05:00:00,1.1813349723815918,1.1816140413284302,1.1809163093566895,1.1813349723815918,0,2.0
126.0,2026-02-03 06:00:00,2026-02-03,06:00:00,1.1811953783035278,1.1820330619812012,1.1811953783035278,1.1817537546157837,0,2.0
127.0,2026-02-03 07:00:00,2026-02-03,07:00:00,1.1816140413284302,1.182732105255127,1.1813349723815918,1.1818934679031372,0,2.0
128.0,2026-02-03 08:00:00,2026-02-03,08:00:00,1.1818934679031372,1.1823126077651978,1.1807769536972046,1.1820330619812012,0,2.0
129.0,2026-02-03 09:00:00,2026-02-03,09:00:00,1.1818934679031372,1.1818934679031372,1.1796625852584839,1.1796625852584839,0,2.0
130.0,2026-02-03 10:00:00,2026-02-03,10:00:00,1.1796625852584839,1.1802195310592651,1.1791062355041504,1.1791062355041504,0,2.0
131.0,2026-02-03 11:00:00,2026-02-03,11:00:00,1.1791062355041504,1.1798018217086792,1.1786893606185913,1.1792453527450562,0,2.0
132.0,2026-02-03 12:00:00,2026-02-03,12:00:00,1.1792453527450562,1.1802195310592651,1.1791062355041504,1.179940938949585,0,2.0
133.0,2026-02-03 13:00:00,2026-02-03,13:00:00,1.1800801753997803,1.1810559034347534,1.1798018217086792,1.179940938949585,0,2.0
134.0,2026-02-03 14:00:00,2026-02-03,14:00:00,1.1798018217086792,1.1804981231689453,1.1784114837646484,1.1795234680175781,0,2.0
135.0,2026-02-03 15:00:00,2026-02-03,15:00:00,1.1795234680175781,1.1817537546157837,1.1791062355041504,1.1817537546157837,0,2.0
136.0,2026-02-03 16:00:00,2026-02-03,16:00:00,1.1816140413284302,1.1824523210525513,1.1814744472503662,1.1821727752685547,0,2.0
137.0,2026-02-03 17:00:00,2026-02-03,17:00:00,1.1823126077651978,1.1831519603729248,1.1817537546157837,1.1820330619812012,0,2.0
138.0,2026-02-03 18:00:00,2026-02-03,18:00:00,1.1820330619812012,1.1824523210525513,1.1813349723815918,1.1813349723815918,0,2.0
139.0,2026-02-03 19:00:00,2026-02-03,19:00:00,1.1811953783035278,1.1820330619812012,1.1810559034347534,1.1817537546157837,0,2.0
140.0,2026-02-03 20:00:00,2026-02-03,20:00:00,1.1816140413284302,1.1824523210525513,1.1813349723815918,1.1824523210525513,0,2.0
141.0,2026-02-03 21:00:00,2026-02-03,21:00:00,1.1824523210525513,1.1828720569610596,1.1821727752685547,1.1821727752685547,0,2.0
142.0,2026-02-03 22:00:00,2026-02-03,22:00:00,1.1824523210525513,1.182732105255127,1.1817537546157837,1.1824523210525513,0,2.0
143.0,2026-02-03 23:00:00,2026-02-03,23:00:00,1.1820330619812012,1.1824523210525513,1.1816140413284302,1.1818934679031372,0,2.0
144.0,2026-02-04 00:00:00,2026-02-04,00:00:00,1.1818934679031372,1.1820330619812012,1.1813349723815918,1.1817537546157837,0,2.0
145.0,2026-02-04 01:00:00,2026-02-04,01:00:00,1.1817537546157837,1.1835720539093018,1.1816140413284302,1.1830118894577026,0,2.0
146.0,2026-02-04 02:00:00,2026-02-04,02:00:00,1.1830118894577026,1.18343186378479,1.1823126077651978,1.1824523210525513,0,2.0
147.0,2026-02-04 03:00:00,2026-02-04,03:00:00,1.1825922727584839,1.1831519603729248,1.1824523210525513,1.1830118894577026,0,2.0
148.0,2026-02-04 04:00:00,2026-02-04,04:00:00,1.1830118894577026,1.1838523149490356,1.1830118894577026,1.1838523149490356,0,2.0
149.0,2026-02-04 05:00:00,2026-02-04,05:00:00,1.1838523149490356,1.1839923858642578,1.1835720539093018,1.183712124824524,0,2.0
150.0,2026-02-04 06:00:00,2026-02-04,06:00:00,1.183712124824524,1.1838523149490356,1.1832919120788574,1.1832919120788574,0,2.0
151.0,2026-02-04 07:00:00,2026-02-04,07:00:00,1.18343186378479,1.1835720539093018,1.1828720569610596,1.18343186378479,0,2.0
152.0,2026-02-04 08:00:00,2026-02-04,08:00:00,1.18343186378479,1.1841325759887695,1.1828720569610596,1.1832919120788574,0,2.0
153.0,2026-02-04 09:00:00,2026-02-04,09:00:00,1.1832919120788574,1.1835720539093018,1.1814744472503662,1.1818934679031372,0,2.0
154.0,2026-02-04 10:00:00,2026-02-04,10:00:00,1.1817537546157837,1.1820330619812012,1.1809163093566895,1.1817537546157837,0,2.0
155.0,2026-02-04 11:00:00,2026-02-04,11:00:00,1.1816140413284302,1.1817537546157837,1.1810559034347534,1.1814744472503662,0,2.0
156.0,2026-02-04 12:00:00,2026-02-04,12:00:00,1.1814744472503662,1.182732105255127,1.1814744472503662,1.1825922727584839,0,2.0
157.0,2026-02-04 13:00:00,2026-02-04,13:00:00,1.1825922727584839,1.1828720569610596,1.1816140413284302,1.1825922727584839,0,2.0
158.0,2026-02-04 14:00:00,2026-02-04,14:00:00,1.1825922727584839,1.1828720569610596,1.1810559034347534,1.1818934679031372,0,2.0
159.0,2026-02-04 15:00:00,2026-02-04,15:00:00,1.1821727752685547,1.1824523210525513,1.1796625852584839,1.179940938949585,0,2.0
160.0,2026-02-04 16:00:00,2026-02-04,16:00:00,1.179940938949585,1.1807769536972046,1.1795234680175781,1.1806375980377197,0,2.0
161.0,2026-02-04 17:00:00,2026-02-04,17:00:00,1.1804981231689453,1.1817537546157837,1.1798018217086792,1.1802195310592651,0,2.0
162.0,2026-02-04 18:00:00,2026-02-04,18:00:00,1.1800801753997803,1.1804981231689453,1.179940938949585,1.1804981231689453,0,2.0
163.0,2026-02-04 19:00:00,2026-02-04,19:00:00,1.1804981231689453,1.1811953783035278,1.179940938949585,1.1811953783035278,0,2.0
164.0,2026-02-04 20:00:00,2026-02-04,20:00:00,1.1813349723815918,1.1813349723815918,1.1804981231689453,1.1806375980377197,0,2.0
165.0,2026-02-04 21:00:00,2026-02-04,21:00:00,1.1807769536972046,1.1811953783035278,1.1806375980377197,1.1809163093566895,0,2.0
166.0,2026-02-04 22:00:00,2026-02-04,22:00:00,1.1821727752685547,1.1821727752685547,1.1804981231689453,1.1807769536972046,0,2.0
167.0,2026-02-04 23:00:00,2026-02-04,23:00:00,1.1809163093566895,1.1810559034347534,1.1804981231689453,1.1804981231689453,0,2.0
168.0,2026-02-05 00:00:00,2026-02-05,00:00:00,1.1804981231689453,1.1807769536972046,1.18035888671875,1.1806375980377197,0,2.0
169.0,2026-02-05 01:00:00,2026-02-05,01:00:00,1.1807769536972046,1.1811953783035278,1.1806375980377197,1.1807769536972046,0,2.0
170.0,2026-02-05 02:00:00,2026-02-05,02:00:00,1.1806375980377197,1.1807769536972046,1.1791062355041504,1.1791062355041504,0,2.0
171.0,2026-02-05 03:00:00,2026-02-05,03:00:00,1.178828239440918,1.1793843507766724,1.178828239440918,1.1792453527450562,0,2.0
172.0,2026-02-05 04:00:00,2026-02-05,04:00:00,1.1792453527450562,1.1795234680175781,1.1791062355041504,1.1792453527450562,0,2.0
173.0,2026-02-05 05:00:00,2026-02-05,05:00:00,1.1791062355041504,1.1793843507766724,1.178828239440918,1.1793843507766724,0,2.0
174.0,2026-02-05 06:00:00,2026-02-05,06:00:00,1.1793843507766724,1.1795234680175781,1.178828239440918,1.1793843507766724,0,2.0
175.0,2026-02-05 07:00:00,2026-02-05,07:00:00,1.1793843507766724,1.1806375980377197,1.1793843507766724,1.1802195310592651,0,2.0
176.0,2026-02-05 08:00:00,2026-02-05,08:00:00,1.1802195310592651,1.1810559034347534,1.179940938949585,1.18035888671875,0,2.0
177.0,2026-02-05 09:00:00,2026-02-05,09:00:00,1.1804981231689453,1.1804981231689453,1.1784114837646484,1.1784114837646484,0,2.0
178.0,2026-02-05 10:00:00,2026-02-05,10:00:00,1.1784114837646484,1.1795234680175781,1.1784114837646484,1.1791062355041504,0,2.0
179.0,2026-02-05 11:00:00,2026-02-05,11:00:00,1.1791062355041504,1.179940938949585,1.1791062355041504,1.1796625852584839,0,2.0
180.0,2026-02-05 12:00:00,2026-02-05,12:00:00,1.1793843507766724,1.1806375980377197,1.1791062355041504,1.18035888671875,0,2.0
181.0,2026-02-05 13:00:00,2026-02-05,13:00:00,1.1804981231689453,1.1817537546157837,1.1795234680175781,1.1817537546157837,0,2.0
182.0,2026-02-05 14:00:00,2026-02-05,14:00:00,1.1813349723815918,1.1824523210525513,1.1800801753997803,1.1800801753997803,0,2.0
183.0,2026-02-05 15:00:00,2026-02-05,15:00:00,1.1814744472503662,1.1814744472503662,1.178550362586975,1.1796625852584839,0,2.0
184.0,2026-02-05 16:00:00,2026-02-05,16:00:00,1.1795234680175781,1.1806375980377197,1.1789672374725342,1.1806375980377197,0,2.0
185.0,2026-02-05 17:00:00,2026-02-05,17:00:00,1.18035888671875,1.1807769536972046,1.1800801753997803,1.18035888671875,0,2.0
186.0,2026-02-05 18:00:00,2026-02-05,18:00:00,1.1804981231689453,1.1806375980377197,1.1796625852584839,1.1796625852584839,0,2.0
187.0,2026-02-05 19:00:00,2026-02-05,19:00:00,1.1796625852584839,1.1800801753997803,1.1796625852584839,1.1798018217086792,0,2.0
188.0,2026-02-05 20:00:00,2026-02-05,20:00:00,1.1796625852584839,1.1798018217086792,1.1784114837646484,1.1784114837646484,0,2.0
189.0,2026-02-05 21:00:00,2026-02-05,21:00:00,1.1784114837646484,1.178550362586975,1.1778563261032104,1.177994966506958,0,2.0
190.0,2026-02-05 22:00:00,2026-02-05,22:00:00,1.1784114837646484,1.178828239440918,1.1778563261032104,1.1781338453292847,0,2.0
191.0,2026-02-05 23:00:00,2026-02-05,23:00:00,1.1784114837646484,1.1784114837646484,1.1778563261032104,1.1781338453292847,0,2.0
192.0,2026-02-06 00:00:00,2026-02-06,00:00:00,1.177994966506958,1.178550362586975,1.177024483680725,1.178550362586975,0,2.0
193.0,2026-02-06 01:00:00,2026-02-06,01:00:00,1.178550362586975,1.1792453527450562,1.1782727241516113,1.1786893606185913,0,2.0
194.0,2026-02-06 02:00:00,2026-02-06,02:00:00,1.1789672374725342,1.1795234680175781,1.1789672374725342,1.1791062355041504,0,2.0
195.0,2026-02-06 03:00:00,2026-02-06,03:00:00,1.1791062355041504,1.1793843507766724,1.1789672374725342,1.1791062355041504,0,2.0
196.0,2026-02-06 04:00:00,2026-02-06,04:00:00,1.1791062355041504,1.179940938949585,1.1791062355041504,1.1798018217086792,0,2.0
197.0,2026-02-06 05:00:00,2026-02-06,05:00:00,1.1798018217086792,1.18035888671875,1.1798018217086792,1.1802195310592651,0,2.0
198.0,2026-02-06 06:00:00,2026-02-06,06:00:00,1.1800801753997803,1.1804981231689453,1.1798018217086792,1.1800801753997803,0,2.0
199.0,2026-02-06 07:00:00,2026-02-06,07:00:00,1.179940938949585,1.1800801753997803,1.1792453527450562,1.1793843507766724,0,2.0
200.0,2026-02-06 08:00:00,2026-02-06,08:00:00,1.1795234680175781,1.179940938949585,1.1791062355041504,1.1796625852584839,0,2.0
201.0,2026-02-06 09:00:00,2026-02-06,09:00:00,1.1796625852584839,1.1800801753997803,1.1795234680175781,1.1796625852584839,0,2.0
202.0,2026-02-06 10:00:00,2026-02-06,10:00:00,1.1795234680175781,1.18035888671875,1.1793843507766724,1.1796625852584839,0,2.0
203.0,2026-02-06 11:00:00,2026-02-06,11:00:00,1.1795234680175781,1.1796625852584839,1.1789672374725342,1.1793843507766724,0,2.0
204.0,2026-02-06 12:00:00,2026-02-06,12:00:00,1.1793843507766724,1.1796625852584839,1.1792453527450562,1.1796625852584839,0,2.0
205.0,2026-02-06 13:00:00,2026-02-06,13:00:00,1.1796625852584839,1.1813349723815918,1.1796625852584839,1.1813349723815918,0,2.0
206.0,2026-02-06 14:00:00,2026-02-06,14:00:00,1.1813349723815918,1.1828720569610596,1.1813349723815918,1.1821727752685547,0,2.0
207.0,2026-02-06 15:00:00,2026-02-06,15:00:00,1.1823126077651978,1.1823126077651978,1.1809163093566895,1.1823126077651978,0,2.0
208.0,2026-02-06 16:00:00,2026-02-06,16:00:00,1.1823126077651978,1.1824523210525513,1.1814744472503662,1.1814744472503662,0,2.0
209.0,2026-02-06 17:00:00,2026-02-06,17:00:00,1.1814744472503662,1.1824523210525513,1.1814744472503662,1.1823126077651978,0,2.0
210.0,2026-02-06 18:00:00,2026-02-06,18:00:00,1.1821727752685547,1.182732105255127,1.1821727752685547,1.1821727752685547,0,2.0
211.0,2026-02-06 19:00:00,2026-02-06,19:00:00,1.1823126077651978,1.1824523210525513,1.1818934679031372,1.1823126077651978,0,2.0
212.0,2026-02-06 20:00:00,2026-02-06,20:00:00,1.1823126077651978,1.1825922727584839,1.1821727752685547,1.1825922727584839,0,2.0
213.0,2026-02-06 21:00:00,2026-02-06,21:00:00,1.1825922727584839,1.182732105255127,1.1817537546157837,1.1821727752685547,0,2.0
214.0,2026-02-06 22:00:00,2026-02-06,22:00:00,1.1817537546157837,1.1820330619812012,1.1817537546157837,1.1820330619812012,0,2.0
215.0,2026-02-09 00:00:00,2026-02-09,00:00:00,1.1830118894577026,1.1835720539093018,1.182732105255127,1.18343186378479,0,2.0
216.0,2026-02-09 01:00:00,2026-02-09,01:00:00,1.18343186378479,1.1835720539093018,1.1828720569610596,1.1828720569610596,0,2.0
217.0,2026-02-09 02:00:00,2026-02-09,02:00:00,1.1828720569610596,1.1828720569610596,1.1820330619812012,1.1823126077651978,0,2.0
218.0,2026-02-09 03:00:00,2026-02-09,03:00:00,1.1823126077651978,1.1828720569610596,1.1821727752685547,1.1821727752685547,0,2.0
219.0,2026-02-09 04:00:00,2026-02-09,04:00:00,1.1823126077651978,1.1830118894577026,1.1823126077651978,1.1830118894577026,0,2.0
220.0,2026-02-09 05:00:00,2026-02-09,05:00:00,1.1830118894577026,1.1839923858642578,1.1830118894577026,1.183712124824524,0,2.0
221.0,2026-02-09 06:00:00,2026-02-09,06:00:00,1.183712124824524,1.1860989332199097,1.183712124824524,1.1856770515441895,0,2.0
222.0,2026-02-09 07:00:00,2026-02-09,07:00:00,1.1856770515441895,1.186380386352539,1.1851149797439575,1.1859582662582397,0,2.0
223.0,2026-02-09 08:00:00,2026-02-09,08:00:00,1.1859582662582397,1.1868027448654175,1.1855363845825195,1.186661958694458,0,2.0
224.0,2026-02-09 09:00:00,2026-02-09,09:00:00,1.1868027448654175,1.1873664855957031,1.186380386352539,1.186521053314209,0,2.0
225.0,2026-02-09 10:00:00,2026-02-09,10:00:00,1.186521053314209,1.1872254610061646,1.1859582662582397,1.186380386352539,0,2.0
226.0,2026-02-09 11:00:00,2026-02-09,11:00:00,1.186380386352539,1.1875073909759521,1.1862396001815796,1.1872254610061646,0,2.0
227.0,2026-02-09 12:00:00,2026-02-09,12:00:00,1.1873664855957031,1.1886366605758667,1.1873664855957031,1.1884952783584595,0,2.0
228.0,2026-02-09 13:00:00,2026-02-09,13:00:00,1.1886366605758667,1.1907596588134766,1.1884952783584595,1.1906179189682007,0,2.0
229.0,2026-02-09 14:00:00,2026-02-09,14:00:00,1.1906179189682007,1.1921793222427368,1.1906179189682007,1.1921793222427368,0,2.0
230.0,2026-02-09 15:00:00,2026-02-09,15:00:00,1.1923214197158813,1.1928904056549072,1.1907596588134766,1.1913270950317383,0,2.0
231.0,2026-02-09 16:00:00,2026-02-09,16:00:00,1.1914690732955933,1.1920371055603027,1.1897679567337036,1.1900511980056763,0,2.0
232.0,2026-02-09 17:00:00,2026-02-09,17:00:00,1.1901928186416626,1.1913270950317383,1.1901928186416626,1.1911852359771729,0,2.0
233.0,2026-02-09 18:00:00,2026-02-09,18:00:00,1.1911852359771729,1.1920371055603027,1.190901517868042,1.1918951272964478,0,2.0
234.0,2026-02-09 19:00:00,2026-02-09,19:00:00,1.1920371055603027,1.1926058530807495,1.1916110515594482,1.1923214197158813,0,2.0
235.0,2026-02-09 20:00:00,2026-02-09,20:00:00,1.1923214197158813,1.1924636363983154,1.1917530298233032,1.1918951272964478,0,2.0
236.0,2026-02-09 21:00:00,2026-02-09,21:00:00,1.1918951272964478,1.1918951272964478,1.1914690732955933,1.1917530298233032,0,2.0
237.0,2026-02-09 22:00:00,2026-02-09,22:00:00,1.1916110515594482,1.1920371055603027,1.1914690732955933,1.1920371055603027,0,2.0
238.0,2026-02-09 23:00:00,2026-02-09,23:00:00,1.1918951272964478,1.1918951272964478,1.1906179189682007,1.1906179189682007,0,2.0
239.0,2026-02-10 00:00:00,2026-02-10,00:00:00,1.1907596588134766,1.190901517868042,1.1901928186416626,1.1904761791229248,0,2.0
240.0,2026-02-10 01:00:00,2026-02-10,01:00:00,1.1906179189682007,1.1913270950317383,1.1900511980056763,1.190901517868042,0,2.0
241.0,2026-02-10 02:00:00,2026-02-10,02:00:00,1.190901517868042,1.1917530298233032,1.190901517868042,1.1917530298233032,0,2.0
242.0,2026-02-10 03:00:00,2026-02-10,03:00:00,1.1917530298233032,1.1920371055603027,1.1913270950317383,1.1913270950317383,0,2.0
243.0,2026-02-10 04:00:00,2026-02-10,04:00:00,1.1914690732955933,1.1916110515594482,1.190901517868042,1.1911852359771729,0,2.0
244.0,2026-02-10 05:00:00,2026-02-10,05:00:00,1.1910432577133179,1.1913270950317383,1.1907596588134766,1.1911852359771729,0,2.0
245.0,2026-02-10 06:00:00,2026-02-10,06:00:00,1.1910432577133179,1.1916110515594482,1.1904761791229248,1.1906179189682007,0,2.0
246.0,2026-02-10 07:00:00,2026-02-10,07:00:00,1.190901517868042,1.1913270950317383,1.190334439277649,1.190901517868042,0,2.0
247.0,2026-02-10 08:00:00,2026-02-10,08:00:00,1.1911852359771729,1.1920371055603027,1.1906179189682007,1.1913270950317383,0,2.0
248.0,2026-02-10 09:00:00,2026-02-10,09:00:00,1.1913270950317383,1.1923214197158813,1.1911852359771729,1.1917530298233032,0,2.0
249.0,2026-02-10 10:00:00,2026-02-10,10:00:00,1.1917530298233032,1.1920371055603027,1.1913270950317383,1.1914690732955933,0,2.0
250.0,2026-02-10 11:00:00,2026-02-10,11:00:00,1.1913270950317383,1.1913270950317383,1.1904761791229248,1.1907596588134766,0,2.0
251.0,2026-02-10 12:00:00,2026-02-10,12:00:00,1.1907596588134766,1.1911852359771729,1.18948495388031,1.1896264553070068,0,2.0
252.0,2026-02-10 13:00:00,2026-02-10,13:00:00,1.1897679567337036,1.1914690732955933,1.1893434524536133,1.1907596588134766,0,2.0
253.0,2026-02-10 14:00:00,2026-02-10,14:00:00,1.1910432577133179,1.1930327415466309,1.1907596588134766,1.1920371055603027,0,2.0
254.0,2026-02-10 15:00:00,2026-02-10,15:00:00,1.1917530298233032,1.1921793222427368,1.1901928186416626,1.1918951272964478,0,2.0
255.0,2026-02-10 16:00:00,2026-02-10,16:00:00,1.1917530298233032,1.1917530298233032,1.1900511980056763,1.1900511980056763,0,2.0
256.0,2026-02-10 17:00:00,2026-02-10,17:00:00,1.1901928186416626,1.190901517868042,1.1897679567337036,1.1900511980056763,0,2.0
257.0,2026-02-10 18:00:00,2026-02-10,18:00:00,1.18990957736969,1.1900511980056763,1.18948495388031,1.1896264553070068,0,2.0
258.0,2026-02-10 19:00:00,2026-02-10,19:00:00,1.1896264553070068,1.1906179189682007,1.189202070236206,1.1904761791229248,0,2.0
259.0,2026-02-10 20:00:00,2026-02-10,20:00:00,1.1906179189682007,1.1906179189682007,1.18990957736969,1.18990957736969,0,2.0
260.0,2026-02-10 21:00:00,2026-02-10,21:00:00,1.18990957736969,1.1900511980056763,1.1896264553070068,1.18990957736969,0,2.0
261.0,2026-02-10 22:00:00,2026-02-10,22:00:00,1.1900511980056763,1.1900511980056763,1.1884952783584595,1.18948495388031,0,2.0
262.0,2026-02-10 23:00:00,2026-02-10,23:00:00,1.1896264553070068,1.1896264553070068,1.1890605688095093,1.189202070236206,0,2.0
263.0,2026-02-11 00:00:00,2026-02-11,00:00:00,1.189202070236206,1.1904761791229248,1.1890605688095093,1.1900511980056763,0,2.0
264.0,2026-02-11 01:00:00,2026-02-11,01:00:00,1.1900511980056763,1.1906179189682007,1.1897679567337036,1.1900511980056763,0,2.0
265.0,2026-02-11 02:00:00,2026-02-11,02:00:00,1.1901928186416626,1.1916110515594482,1.1901928186416626,1.1910432577133179,0,2.0
266.0,2026-02-11 03:00:00,2026-02-11,03:00:00,1.1911852359771729,1.1917530298233032,1.1907596588134766,1.1913270950317383,0,2.0
267.0,2026-02-11 04:00:00,2026-02-11,04:00:00,1.1914690732955933,1.1917530298233032,1.1910432577133179,1.1911852359771729,0,2.0
268.0,2026-02-11 05:00:00,2026-02-11,05:00:00,1.1911852359771729,1.1921793222427368,1.1910432577133179,1.1921793222427368,0,2.0
269.0,2026-02-11 06:00:00,2026-02-11,06:00:00,1.1921793222427368,1.1928904056549072,1.1916110515594482,1.1918951272964478,0,2.0
270.0,2026-02-11 07:00:00,2026-02-11,07:00:00,1.1917530298233032,1.1921793222427368,1.1914690732955933,1.1921793222427368,0,2.0
271.0,2026-02-11 08:00:00,2026-02-11,08:00:00,1.1920371055603027,1.1923214197158813,1.1916110515594482,1.1920371055603027,0,2.0
272.0,2026-02-11 09:00:00,2026-02-11,09:00:00,1.1921793222427368,1.1923214197158813,1.1914690732955933,1.1920371055603027,0,2.0
273.0,2026-02-11 10:00:00,2026-02-11,10:00:00,1.1921793222427368,1.1930327415466309,1.1920371055603027,1.1927480697631836,0,2.0
274.0,2026-02-11 11:00:00,2026-02-11,11:00:00,1.1924636363983154,1.1924636363983154,1.1910432577133179,1.1913270950317383,0,2.0
275.0,2026-02-11 12:00:00,2026-02-11,12:00:00,1.1911852359771729,1.1911852359771729,1.190334439277649,1.190334439277649,0,2.0
276.0,2026-02-11 13:00:00,2026-02-11,13:00:00,1.190334439277649,1.1907596588134766,1.1841325759887695,1.1872254610061646,0,2.0
277.0,2026-02-11 14:00:00,2026-02-11,14:00:00,1.186521053314209,1.1884952783584595,1.1856770515441895,1.1860989332199097,0,2.0
278.0,2026-02-11 15:00:00,2026-02-11,15:00:00,1.186521053314209,1.1875073909759521,1.1855363845825195,1.1862396001815796,0,2.0
279.0,2026-02-11 16:00:00,2026-02-11,16:00:00,1.1862396001815796,1.1886366605758667,1.1858175992965698,1.1886366605758667,0,2.0
280.0,2026-02-11 17:00:00,2026-02-11,17:00:00,1.1886366605758667,1.1896264553070068,1.1880717277526855,1.1889193058013916,0,2.0
281.0,2026-02-11 18:00:00,2026-02-11,18:00:00,1.1889193058013916,1.189202070236206,1.1883541345596313,1.1887779235839844,0,2.0
282.0,2026-02-11 19:00:00,2026-02-11,19:00:00,1.1884952783584595,1.1887779235839844,1.1882128715515137,1.1883541345596313,0,2.0
283.0,2026-02-11 20:00:00,2026-02-11,20:00:00,1.1883541345596313,1.1884952783584595,1.1875073909759521,1.1875073909759521,0,2.0
284.0,2026-02-11 21:00:00,2026-02-11,21:00:00,1.1873664855957031,1.1877895593643188,1.1872254610061646,1.1875073909759521,0,2.0
285.0,2026-02-11 22:00:00,2026-02-11,22:00:00,1.1875073909759521,1.1880717277526855,1.1872254610061646,1.187930703163147,0,2.0
286.0,2026-02-11 23:00:00,2026-02-11,23:00:00,1.187930703163147,1.187930703163147,1.1873664855957031,1.187930703163147,0,2.0
287.0,2026-02-12 00:00:00,2026-02-12,00:00:00,1.1877895593643188,1.1880717277526855,1.1870845556259155,1.187930703163147,0,2.0
288.0,2026-02-12 01:00:00,2026-02-12,01:00:00,1.187930703163147,1.1884952783584595,1.1877895593643188,1.1883541345596313,0,2.0
289.0,2026-02-12 02:00:00,2026-02-12,02:00:00,1.1884952783584595,1.1887779235839844,1.187930703163147,1.1882128715515137,0,2.0
290.0,2026-02-12 03:00:00,2026-02-12,03:00:00,1.1883541345596313,1.1883541345596313,1.1869436502456665,1.1872254610061646,0,2.0
291.0,2026-02-12 04:00:00,2026-02-12,04:00:00,1.1873664855957031,1.1875073909759521,1.186380386352539,1.186521053314209,0,2.0
292.0,2026-02-12 05:00:00,2026-02-12,05:00:00,1.186661958694458,1.1869436502456665,1.1862396001815796,1.1868027448654175,0,2.0
293.0,2026-02-12 06:00:00,2026-02-12,06:00:00,1.1868027448654175,1.1870845556259155,1.1856770515441895,1.186661958694458,0,2.0
294.0,2026-02-12 07:00:00,2026-02-12,07:00:00,1.186380386352539,1.187930703163147,1.186380386352539,1.1876484155654907,0,2.0
295.0,2026-02-12 08:00:00,2026-02-12,08:00:00,1.1877895593643188,1.1883541345596313,1.1875073909759521,1.1883541345596313,0,2.0
296.0,2026-02-12 09:00:00,2026-02-12,09:00:00,1.1883541345596313,1.1890605688095093,1.1883541345596313,1.1889193058013916,0,2.0
297.0,2026-02-12 10:00:00,2026-02-12,10:00:00,1.1890605688095093,1.1890605688095093,1.187930703163147,1.1880717277526855,0,2.0
298.0,2026-02-12 11:00:00,2026-02-12,11:00:00,1.1880717277526855,1.1887779235839844,1.187930703163147,1.1887779235839844,0,2.0
299.0,2026-02-12 12:00:00,2026-02-12,12:00:00,1.1887779235839844,1.1889193058013916,1.1870845556259155,1.1876484155654907,0,2.0
300.0,2026-02-12 13:00:00,2026-02-12,13:00:00,1.1876484155654907,1.1887779235839844,1.1876484155654907,1.1887779235839844,0,2.0
301.0,2026-02-12 14:00:00,2026-02-12,14:00:00,1.1889193058013916,1.1890605688095093,1.1882128715515137,1.1884952783584595,0,2.0
302.0,2026-02-12 15:00:00,2026-02-12,15:00:00,1.1886366605758667,1.189202070236206,1.1882128715515137,1.1890605688095093,0,2.0
303.0,2026-02-12 16:00:00,2026-02-12,16:00:00,1.1889193058013916,1.1893434524536133,1.1868027448654175,1.1870845556259155,0,2.0
304.0,2026-02-12 17:00:00,2026-02-12,17:00:00,1.1875073909759521,1.187930703163147,1.186380386352539,1.1868027448654175,0,2.0
305.0,2026-02-12 18:00:00,2026-02-12,18:00:00,1.1869436502456665,1.1872254610061646,1.1860989332199097,1.1868027448654175,0,2.0
306.0,2026-02-12 19:00:00,2026-02-12,19:00:00,1.186661958694458,1.1875073909759521,1.186521053314209,1.1873664855957031,0,2.0
307.0,2026-02-12 20:00:00,2026-02-12,20:00:00,1.1873664855957031,1.1873664855957031,1.186661958694458,1.1873664855957031,0,2.0
308.0,2026-02-12 21:00:00,2026-02-12,21:00:00,1.1873664855957031,1.1876484155654907,1.1872254610061646,1.1875073909759521,0,2.0
309.0,2026-02-12 22:00:00,2026-02-12,22:00:00,1.1883541345596313,1.1883541345596313,1.1868027448654175,1.1869436502456665,0,2.0
310.0,2026-02-12 23:00:00,2026-02-12,23:00:00,1.1877895593643188,1.1877895593643188,1.1869436502456665,1.1870845556259155,0,2.0
311.0,2026-02-13 00:00:00,2026-02-13,00:00:00,1.1872254610061646,1.1875073909759521,1.1870845556259155,1.1875073909759521,0,2.0
312.0,2026-02-13 01:00:00,2026-02-13,01:00:00,1.1876484155654907,1.1876484155654907,1.1868027448654175,1.1868027448654175,0,2.0
313.0,2026-02-13 02:00:00,2026-02-13,02:00:00,1.1869436502456665,1.1875073909759521,1.186661958694458,1.1872254610061646,0,2.0
314.0,2026-02-13 03:00:00,2026-02-13,03:00:00,1.1873664855957031,1.1873664855957031,1.1869436502456665,1.1870845556259155,0,2.0
315.0,2026-02-13 04:00:00,2026-02-13,04:00:00,1.1870845556259155,1.1870845556259155,1.186380386352539,1.186521053314209,0,2.0
316.0,2026-02-13 05:00:00,2026-02-13,05:00:00,1.186661958694458,1.1868027448654175,1.1862396001815796,1.1862396001815796,0,2.0
317.0,2026-02-13 06:00:00,2026-02-13,06:00:00,1.1862396001815796,1.186521053314209,1.1858175992965698,1.1859582662582397,0,2.0
318.0,2026-02-13 07:00:00,2026-02-13,07:00:00,1.1858175992965698,1.186380386352539,1.1851149797439575,1.1862396001815796,0,2.0
319.0,2026-02-13 08:00:00,2026-02-13,08:00:00,1.1862396001815796,1.186661958694458,1.1859582662582397,1.186661958694458,0,2.0
320.0,2026-02-13 09:00:00,2026-02-13,09:00:00,1.186521053314209,1.1869436502456665,1.186380386352539,1.186380386352539,0,2.0
321.0,2026-02-13 10:00:00,2026-02-13,10:00:00,1.186380386352539,1.186380386352539,1.1856770515441895,1.1859582662582397,0,2.0
322.0,2026-02-13 11:00:00,2026-02-13,11:00:00,1.1860989332199097,1.186380386352539,1.1859582662582397,1.1860989332199097,0,2.0
323.0,2026-02-13 12:00:00,2026-02-13,12:00:00,1.1862396001815796,1.186661958694458,1.1859582662582397,1.186521053314209,0,2.0
324.0,2026-02-13 13:00:00,2026-02-13,13:00:00,1.186661958694458,1.1883541345596313,1.1860989332199097,1.1877895593643188,0,2.0
325.0,2026-02-13 14:00:00,2026-02-13,14:00:00,1.1876484155654907,1.1876484155654907,1.1860989332199097,1.186380386352539,0,2.0
326.0,2026-02-13 15:00:00,2026-02-13,15:00:00,1.186380386352539,1.1873664855957031,1.1852554082870483,1.1852554082870483,0,2.0
327.0,2026-02-13 16:00:00,2026-02-13,16:00:00,1.1852554082870483,1.1876484155654907,1.1852554082870483,1.1873664855957031,0,2.0
328.0,2026-02-13 17:00:00,2026-02-13,17:00:00,1.1873664855957031,1.1886366605758667,1.1872254610061646,1.187930703163147,0,2.0
329.0,2026-02-13 18:00:00,2026-02-13,18:00:00,1.187930703163147,1.1883541345596313,1.1876484155654907,1.1876484155654907,0,2.0
330.0,2026-02-13 19:00:00,2026-02-13,19:00:00,1.1877895593643188,1.1877895593643188,1.1869436502456665,1.1869436502456665,0,2.0
331.0,2026-02-13 20:00:00,2026-02-13,20:00:00,1.1869436502456665,1.1877895593643188,1.1868027448654175,1.1877895593643188,0,2.0
332.0,2026-02-13 21:00:00,2026-02-13,21:00:00,1.1877895593643188,1.1880717277526855,1.1872254610061646,1.1872254610061646,0,2.0
333.0,2026-02-13 22:00:00,2026-02-13,22:00:00,1.1870845556259155,1.1870845556259155,1.1870845556259155,1.1870845556259155,0,2.0
334.0,2026-02-16 00:00:00,2026-02-16,00:00:00,1.1870845556259155,1.1870845556259155,1.186521053314209,1.186521053314209,0,2.0
335.0,2026-02-16 01:00:00,2026-02-16,01:00:00,1.186521053314209,1.1869436502456665,1.186380386352539,1.1869436502456665,0,2.0
336.0,2026-02-16 02:00:00,2026-02-16,02:00:00,1.1869436502456665,1.1870845556259155,1.186521053314209,1.1869436502456665,0,2.0
337.0,2026-02-16 03:00:00,2026-02-16,03:00:00,1.1869436502456665,1.1872254610061646,1.1868027448654175,1.1870845556259155,0,2.0
338.0,2026-02-16 04:00:00,2026-02-16,04:00:00,1.1870845556259155,1.1870845556259155,1.186521053314209,1.186661958694458,0,2.0
339.0,2026-02-16 05:00:00,2026-02-16,05:00:00,1.186521053314209,1.1869436502456665,1.186521053314209,1.1868027448654175,0,2.0
340.0,2026-02-16 06:00:00,2026-02-16,06:00:00,1.1868027448654175,1.1873664855957031,1.1868027448654175,1.1869436502456665,0,2.0
341.0,2026-02-16 07:00:00,2026-02-16,07:00:00,1.1869436502456665,1.1869436502456665,1.186521053314209,1.186661958694458,0,2.0
342.0,2026-02-16 08:00:00,2026-02-16,08:00:00,1.186661958694458,1.1873664855957031,1.1860989332199097,1.1869436502456665,0,2.0
343.0,2026-02-16 09:00:00,2026-02-16,09:00:00,1.1868027448654175,1.1872254610061646,1.186521053314209,1.1868027448654175,0,2.0
344.0,2026-02-16 10:00:00,2026-02-16,10:00:00,1.1868027448654175,1.1870845556259155,1.186661958694458,1.1870845556259155,0,2.0
345.0,2026-02-16 11:00:00,2026-02-16,11:00:00,1.1870845556259155,1.1870845556259155,1.186380386352539,1.186521053314209,0,2.0
346.0,2026-02-16 12:00:00,2026-02-16,12:00:00,1.186521053314209,1.186661958694458,1.1853959560394287,1.1855363845825195,0,2.0
347.0,2026-02-16 13:00:00,2026-02-16,13:00:00,1.1859582662582397,1.1860989332199097,1.1852554082870483,1.1858175992965698,0,2.0
348.0,2026-02-16 14:00:00,2026-02-16,14:00:00,1.1859582662582397,1.186521053314209,1.1856770515441895,1.1859582662582397,0,2.0
349.0,2026-02-16 15:00:00,2026-02-16,15:00:00,1.1860989332199097,1.1860989332199097,1.1855363845825195,1.1858175992965698,0,2.0
350.0,2026-02-16 16:00:00,2026-02-16,16:00:00,1.1856770515441895,1.1859582662582397,1.1851149797439575,1.1855363845825195,0,2.0
351.0,2026-02-16 17:00:00,2026-02-16,17:00:00,1.1855363845825195,1.1856770515441895,1.1849744319915771,1.1852554082870483,0,2.0
352.0,2026-02-16 18:00:00,2026-02-16,18:00:00,1.1853959560394287,1.1853959560394287,1.1852554082870483,1.1852554082870483,0,2.0
353.0,2026-02-16 19:00:00,2026-02-16,19:00:00,1.1852554082870483,1.1858175992965698,1.1852554082870483,1.1858175992965698,0,2.0
354.0,2026-02-16 20:00:00,2026-02-16,20:00:00,1.1858175992965698,1.1858175992965698,1.1855363845825195,1.1858175992965698,0,2.0
355.0,2026-02-16 21:00:00,2026-02-16,21:00:00,1.1856770515441895,1.1858175992965698,1.1853959560394287,1.1855363845825195,0,2.0
356.0,2026-02-16 22:00:00,2026-02-16,22:00:00,1.1848341226577759,1.1859582662582397,1.1848341226577759,1.1852554082870483,0,2.0
357.0,2026-02-16 23:00:00,2026-02-16,23:00:00,1.1855363845825195,1.1855363845825195,1.1851149797439575,1.1852554082870483,0,2.0
358.0,2026-02-17 00:00:00,2026-02-17,00:00:00,1.1853959560394287,1.1855363845825195,1.1845533847808838,1.1848341226577759,0,2.0
359.0,2026-02-17 01:00:00,2026-02-17,01:00:00,1.1848341226577759,1.1848341226577759,1.184413194656372,1.1846938133239746,0,2.0
360.0,2026-02-17 02:00:00,2026-02-17,02:00:00,1.1848341226577759,1.1849744319915771,1.184413194656372,1.1845533847808838,0,2.0
361.0,2026-02-17 03:00:00,2026-02-17,03:00:00,1.1845533847808838,1.1845533847808838,1.1842728853225708,1.184413194656372,0,2.0
362.0,2026-02-17 04:00:00,2026-02-17,04:00:00,1.1845533847808838,1.1845533847808838,1.1842728853225708,1.184413194656372,0,2.0
363.0,2026-02-17 05:00:00,2026-02-17,05:00:00,1.1845533847808838,1.1845533847808838,1.1839923858642578,1.1845533847808838,0,2.0
364.0,2026-02-17 06:00:00,2026-02-17,06:00:00,1.1845533847808838,1.1849744319915771,1.1845533847808838,1.1848341226577759,0,2.0
365.0,2026-02-17 07:00:00,2026-02-17,07:00:00,1.1845533847808838,1.1845533847808838,1.1832919120788574,1.183712124824524,0,2.0
366.0,2026-02-17 08:00:00,2026-02-17,08:00:00,1.183712124824524,1.1848341226577759,1.18343186378479,1.184413194656372,0,2.0
367.0,2026-02-17 09:00:00,2026-02-17,09:00:00,1.1845533847808838,1.1852554082870483,1.184413194656372,1.1849744319915771,0,2.0
368.0,2026-02-17 10:00:00,2026-02-17,10:00:00,1.1846938133239746,1.1851149797439575,1.1845533847808838,1.1846938133239746,0,2.0
369.0,2026-02-17 11:00:00,2026-02-17,11:00:00,1.1846938133239746,1.1848341226577759,1.1831519603729248,1.1832919120788574,0,2.0
370.0,2026-02-17 12:00:00,2026-02-17,12:00:00,1.18343186378479,1.1838523149490356,1.1831519603729248,1.1831519603729248,0,2.0
371.0,2026-02-17 13:00:00,2026-02-17,13:00:00,1.1831519603729248,1.18343186378479,1.1820330619812012,1.1824523210525513,0,2.0
372.0,2026-02-17 14:00:00,2026-02-17,14:00:00,1.1824523210525513,1.1830118894577026,1.1820330619812012,1.1825922727584839,0,2.0
373.0,2026-02-17 15:00:00,2026-02-17,15:00:00,1.1824523210525513,1.1824523210525513,1.1809163093566895,1.1814744472503662,0,2.0
374.0,2026-02-17 16:00:00,2026-02-17,16:00:00,1.1814744472503662,1.1838523149490356,1.1814744472503662,1.18343186378479,0,2.0
375.0,2026-02-17 17:00:00,2026-02-17,17:00:00,1.1832919120788574,1.1845533847808838,1.1832919120788574,1.184413194656372,0,2.0
376.0,2026-02-17 18:00:00,2026-02-17,18:00:00,1.184413194656372,1.1856770515441895,1.184413194656372,1.1852554082870483,0,2.0
377.0,2026-02-17 19:00:00,2026-02-17,19:00:00,1.1852554082870483,1.1853959560394287,1.1846938133239746,1.1851149797439575,0,2.0
378.0,2026-02-17 20:00:00,2026-02-17,20:00:00,1.1851149797439575,1.1855363845825195,1.1851149797439575,1.1855363845825195,0,2.0
379.0,2026-02-17 21:00:00,2026-02-17,21:00:00,1.1855363845825195,1.1858175992965698,1.1853959560394287,1.1856770515441895,0,2.0
380.0,2026-02-17 22:00:00,2026-02-17,22:00:00,1.1858175992965698,1.1859582662582397,1.1851149797439575,1.1856770515441895,0,2.0
381.0,2026-02-17 23:00:00,2026-02-17,23:00:00,1.1859582662582397,1.1860989332199097,1.1853959560394287,1.1855363845825195,0,2.0
382.0,2026-02-18 00:00:00,2026-02-18,00:00:00,1.1855363845825195,1.1856770515441895,1.1851149797439575,1.1851149797439575,0,2.0
383.0,2026-02-18 01:00:00,2026-02-18,01:00:00,1.1849744319915771,1.1851149797439575,1.1846938133239746,1.1849744319915771,0,2.0
384.0,2026-02-18 02:00:00,2026-02-18,02:00:00,1.1848341226577759,1.1851149797439575,1.1845533847808838,1.1848341226577759,0,2.0
385.0,2026-02-18 03:00:00,2026-02-18,03:00:00,1.1848341226577759,1.1849744319915771,1.184413194656372,1.184413194656372,0,2.0
386.0,2026-02-18 04:00:00,2026-02-18,04:00:00,1.1845533847808838,1.1846938133239746,1.1842728853225708,1.1845533847808838,0,2.0
387.0,2026-02-18 05:00:00,2026-02-18,05:00:00,1.1845533847808838,1.1849744319915771,1.1845533847808838,1.1849744319915771,0,2.0
388.0,2026-02-18 06:00:00,2026-02-18,06:00:00,1.1849744319915771,1.1849744319915771,1.184413194656372,1.1849744319915771,0,2.0
389.0,2026-02-18 07:00:00,2026-02-18,07:00:00,1.1849744319915771,1.1849744319915771,1.183712124824524,1.1838523149490356,0,2.0
390.0,2026-02-18 08:00:00,2026-02-18,08:00:00,1.1838523149490356,1.1841325759887695,1.1832919120788574,1.18343186378479,0,2.0
391.0,2026-02-18 09:00:00,2026-02-18,09:00:00,1.18343186378479,1.1841325759887695,1.1832919120788574,1.1839923858642578,0,2.0
392.0,2026-02-18 10:00:00,2026-02-18,10:00:00,1.1839923858642578,1.184413194656372,1.18343186378479,1.1835720539093018,0,2.0
393.0,2026-02-18 11:00:00,2026-02-18,11:00:00,1.1835720539093018,1.1841325759887695,1.18343186378479,1.1838523149490356,0,2.0
394.0,2026-02-18 12:00:00,2026-02-18,12:00:00,1.1838523149490356,1.1849744319915771,1.1838523149490356,1.184413194656372,0,2.0
395.0,2026-02-18 13:00:00,2026-02-18,13:00:00,1.184413194656372,1.1852554082870483,1.182732105255127,1.182732105255127,0,2.0
396.0,2026-02-18 14:00:00,2026-02-18,14:00:00,1.1828720569610596,1.1831519603729248,1.1816140413284302,1.1818934679031372,0,2.0
397.0,2026-02-18 15:00:00,2026-02-18,15:00:00,1.1818934679031372,1.1828720569610596,1.1818934679031372,1.1825922727584839,0,2.0
398.0,2026-02-18 16:00:00,2026-02-18,16:00:00,1.1824523210525513,1.1828720569610596,1.1813349723815918,1.1814744472503662,0,2.0
399.0,2026-02-18 17:00:00,2026-02-18,17:00:00,1.1813349723815918,1.1817537546157837,1.1806375980377197,1.1807769536972046,0,2.0
400.0,2026-02-18 18:00:00,2026-02-18,18:00:00,1.1809163093566895,1.1810559034347534,1.1791062355041504,1.1793843507766724,0,2.0
401.0,2026-02-18 19:00:00,2026-02-18,19:00:00,1.1791062355041504,1.1795234680175781,1.178828239440918,1.1791062355041504,0,2.0
402.0,2026-02-18 20:00:00,2026-02-18,20:00:00,1.1789672374725342,1.1793843507766724,1.178550362586975,1.1786893606185913,0,2.0
403.0,2026-02-18 21:00:00,2026-02-18,21:00:00,1.1786893606185913,1.1791062355041504,1.1786893606185913,1.1786893606185913,0,2.0
404.0,2026-02-18 22:00:00,2026-02-18,22:00:00,1.1795234680175781,1.1795234680175781,1.1784114837646484,1.1789672374725342,0,2.0
405.0,2026-02-18 23:00:00,2026-02-18,23:00:00,1.1789672374725342,1.1792453527450562,1.1789672374725342,1.1792453527450562,0,2.0
406.0,2026-02-19 00:00:00,2026-02-19,00:00:00,1.1792453527450562,1.1795234680175781,1.178828239440918,1.1792453527450562,0,2.0
407.0,2026-02-19 01:00:00,2026-02-19,01:00:00,1.1793843507766724,1.1798018217086792,1.1793843507766724,1.1798018217086792,0,2.0
408.0,2026-02-19 02:00:00,2026-02-19,02:00:00,1.1798018217086792,1.179940938949585,1.1793843507766724,1.1793843507766724,0,2.0
409.0,2026-02-19 03:00:00,2026-02-19,03:00:00,1.1795234680175781,1.1796625852584839,1.1792453527450562,1.1795234680175781,0,2.0
410.0,2026-02-19 04:00:00,2026-02-19,04:00:00,1.1795234680175781,1.1795234680175781,1.178828239440918,1.1792453527450562,0,2.0
411.0,2026-02-19 05:00:00,2026-02-19,05:00:00,1.1792453527450562,1.1796625852584839,1.1791062355041504,1.1795234680175781,0,2.0
412.0,2026-02-19 06:00:00,2026-02-19,06:00:00,1.1795234680175781,1.18035888671875,1.1793843507766724,1.1802195310592651,0,2.0
413.0,2026-02-19 07:00:00,2026-02-19,07:00:00,1.179940938949585,1.1806375980377197,1.1796625852584839,1.1804981231689453,0,2.0
414.0,2026-02-19 08:00:00,2026-02-19,08:00:00,1.18035888671875,1.1807769536972046,1.1800801753997803,1.18035888671875,0,2.0
415.0,2026-02-19 09:00:00,2026-02-19,09:00:00,1.1804981231689453,1.1810559034347534,1.1802195310592651,1.18035888671875,0,2.0
416.0,2026-02-19 10:00:00,2026-02-19,10:00:00,1.18035888671875,1.1806375980377197,1.1791062355041504,1.1791062355041504,0,2.0
417.0,2026-02-19 11:00:00,2026-02-19,11:00:00,1.1792453527450562,1.1793843507766724,1.1781338453292847,1.1784114837646484,0,2.0
418.0,2026-02-19 12:00:00,2026-02-19,12:00:00,1.1782727241516113,1.1784114837646484,1.177163004875183,1.177163004875183,0,2.0
419.0,2026-02-19 13:00:00,2026-02-19,13:00:00,1.1773016452789307,1.1773016452789307,1.1756407022476196,1.176747441291809,0,2.0
420.0,2026-02-19 14:00:00,2026-02-19,14:00:00,1.176747441291809,1.176747441291809,1.1745359897613525,1.175364375114441,0,2.0
421.0,2026-02-19 15:00:00,2026-02-19,15:00:00,1.1756407022476196,1.1777175664901733,1.1756407022476196,1.1766090393066406,0,2.0
422.0,2026-02-19 16:00:00,2026-02-19,16:00:00,1.1766090393066406,1.1773016452789307,1.1761938333511353,1.1763322353363037,0,2.0
423.0,2026-02-19 17:00:00,2026-02-19,17:00:00,1.1764705181121826,1.177163004875183,1.1759172677993774,1.177024483680725,0,2.0
424.0,2026-02-19 18:00:00,2026-02-19,18:00:00,1.176885962486267,1.1777175664901733,1.176885962486267,1.177163004875183,0,2.0
425.0,2026-02-19 19:00:00,2026-02-19,19:00:00,1.1773016452789307,1.1774401664733887,1.1763322353363037,1.1766090393066406,0,2.0
426.0,2026-02-19 20:00:00,2026-02-19,20:00:00,1.176747441291809,1.177163004875183,1.176747441291809,1.177163004875183,0,2.0
427.0,2026-02-19 21:00:00,2026-02-19,21:00:00,1.177163004875183,1.1781338453292847,1.177163004875183,1.1775789260864258,0,2.0
428.0,2026-02-19 22:00:00,2026-02-19,22:00:00,1.1773016452789307,1.1778563261032104,1.1773016452789307,1.1774401664733887,0,2.0
429.0,2026-02-19 23:00:00,2026-02-19,23:00:00,1.1774401664733887,1.177994966506958,1.177163004875183,1.177163004875183,0,2.0
430.0,2026-02-20 00:00:00,2026-02-20,00:00:00,1.1773016452789307,1.1775789260864258,1.177024483680725,1.1773016452789307,0,2.0
431.0,2026-02-20 01:00:00,2026-02-20,01:00:00,1.1773016452789307,1.1774401664733887,1.1759172677993774,1.1761938333511353,0,2.0
432.0,2026-02-20 02:00:00,2026-02-20,02:00:00,1.1761938333511353,1.1761938333511353,1.1757789850234985,1.1759172677993774,0,2.0
433.0,2026-02-20 03:00:00,2026-02-20,03:00:00,1.1759172677993774,1.1761938333511353,1.1759172677993774,1.1761938333511353,0,2.0
434.0,2026-02-20 04:00:00,2026-02-20,04:00:00,1.1761938333511353,1.1763322353363037,1.1756407022476196,1.1756407022476196,0,2.0
435.0,2026-02-20 05:00:00,2026-02-20,05:00:00,1.1756407022476196,1.1759172677993774,1.175364375114441,1.1759172677993774,0,2.0
436.0,2026-02-20 06:00:00,2026-02-20,06:00:00,1.1757789850234985,1.1760554313659668,1.1755025386810303,1.1759172677993774,0,2.0
437.0,2026-02-20 07:00:00,2026-02-20,07:00:00,1.1760554313659668,1.1766090393066406,1.175364375114441,1.1755025386810303,0,2.0
438.0,2026-02-20 08:00:00,2026-02-20,08:00:00,1.1756407022476196,1.176747441291809,1.1748120784759521,1.1764705181121826,0,2.0
439.0,2026-02-20 09:00:00,2026-02-20,09:00:00,1.1764705181121826,1.177163004875183,1.1763322353363037,1.177024483680725,0,2.0
440.0,2026-02-20 10:00:00,2026-02-20,10:00:00,1.176885962486267,1.177163004875183,1.1761938333511353,1.1766090393066406,0,2.0
441.0,2026-02-20 11:00:00,2026-02-20,11:00:00,1.176747441291809,1.1773016452789307,1.1763322353363037,1.177024483680725,0,2.0
442.0,2026-02-20 12:00:00,2026-02-20,12:00:00,1.177024483680725,1.1773016452789307,1.176747441291809,1.176885962486267,0,2.0
443.0,2026-02-20 13:00:00,2026-02-20,13:00:00,1.176885962486267,1.177994966506958,1.1761938333511353,1.177024483680725,0,2.0
444.0,2026-02-20 14:00:00,2026-02-20,14:00:00,1.1773016452789307,1.1773016452789307,1.1760554313659668,1.177163004875183,0,2.0
445.0,2026-02-20 15:00:00,2026-02-20,15:00:00,1.177163004875183,1.1809163093566895,1.1760554313659668,1.1789672374725342,0,2.0
446.0,2026-02-20 16:00:00,2026-02-20,16:00:00,1.1792453527450562,1.1800801753997803,1.1777175664901733,1.1782727241516113,0,2.0
447.0,2026-02-20 17:00:00,2026-02-20,17:00:00,1.1782727241516113,1.178828239440918,1.177024483680725,1.1784114837646484,0,2.0
448.0,2026-02-20 18:00:00,2026-02-20,18:00:00,1.1784114837646484,1.1800801753997803,1.1781338453292847,1.178828239440918,0,2.0
449.0,2026-02-20 19:00:00,2026-02-20,19:00:00,1.1789672374725342,1.1792453527450562,1.1782727241516113,1.1784114837646484,0,2.0
450.0,2026-02-20 20:00:00,2026-02-20,20:00:00,1.1782727241516113,1.1791062355041504,1.1781338453292847,1.1789672374725342,0,2.0
451.0,2026-02-20 21:00:00,2026-02-20,21:00:00,1.1789672374725342,1.1795234680175781,1.178550362586975,1.178550362586975,0,2.0
452.0,2026-02-20 22:00:00,2026-02-20,22:00:00,1.178550362586975,1.178550362586975,1.178550362586975,1.178550362586975,0,2.0
453.0,2026-02-23 00:00:00,2026-02-23,00:00:00,1.1835720539093018,1.183712124824524,1.182732105255127,1.1832919120788574,0,2.0
454.0,2026-02-23 01:00:00,2026-02-23,01:00:00,1.1835720539093018,1.1835720539093018,1.1824523210525513,1.1828720569610596,0,2.0
455.0,2026-02-23 02:00:00,2026-02-23,02:00:00,1.1830118894577026,1.18343186378479,1.182732105255127,1.1830118894577026,0,2.0
456.0,2026-02-23 03:00:00,2026-02-23,03:00:00,1.1831519603729248,1.1831519603729248,1.1821727752685547,1.182732105255127,0,2.0
457.0,2026-02-23 04:00:00,2026-02-23,04:00:00,1.182732105255127,1.182732105255127,1.1821727752685547,1.1824523210525513,0,2.0
458.0,2026-02-23 05:00:00,2026-02-23,05:00:00,1.1824523210525513,1.1824523210525513,1.1818934679031372,1.1824523210525513,0,2.0
459.0,2026-02-23 06:00:00,2026-02-23,06:00:00,1.1823126077651978,1.183712124824524,1.1821727752685547,1.1828720569610596,0,2.0
460.0,2026-02-23 07:00:00,2026-02-23,07:00:00,1.182732105255127,1.1830118894577026,1.1823126077651978,1.1825922727584839,0,2.0
461.0,2026-02-23 08:00:00,2026-02-23,08:00:00,1.182732105255127,1.182732105255127,1.1810559034347534,1.1816140413284302,0,2.0
462.0,2026-02-23 09:00:00,2026-02-23,09:00:00,1.1813349723815918,1.1816140413284302,1.18035888671875,1.1804981231689453,0,2.0
463.0,2026-02-23 10:00:00,2026-02-23,10:00:00,1.1804981231689453,1.1804981231689453,1.179940938949585,1.1802195310592651,0,2.0
464.0,2026-02-23 11:00:00,2026-02-23,11:00:00,1.1802195310592651,1.1802195310592651,1.1784114837646484,1.1789672374725342,0,2.0
465.0,2026-02-23 12:00:00,2026-02-23,12:00:00,1.1789672374725342,1.1789672374725342,1.1778563261032104,1.1784114837646484,0,2.0
466.0,2026-02-23 13:00:00,2026-02-23,13:00:00,1.178550362586975,1.1800801753997803,1.1784114837646484,1.179940938949585,0,2.0
467.0,2026-02-23 14:00:00,2026-02-23,14:00:00,1.1800801753997803,1.1810559034347534,1.1798018217086792,1.1809163093566895,0,2.0
468.0,2026-02-23 15:00:00,2026-02-23,15:00:00,1.1810559034347534,1.1813349723815918,1.1798018217086792,1.1798018217086792,0,2.0
469.0,2026-02-23 16:00:00,2026-02-23,16:00:00,1.1796625852584839,1.1809163093566895,1.1792453527450562,1.1804981231689453,0,2.0
470.0,2026-02-23 17:00:00,2026-02-23,17:00:00,1.1807769536972046,1.1810559034347534,1.1793843507766724,1.1802195310592651,0,2.0
471.0,2026-02-23 18:00:00,2026-02-23,18:00:00,1.1802195310592651,1.18035888671875,1.179940938949585,1.1802195310592651,0,2.0
472.0,2026-02-23 19:00:00,2026-02-23,19:00:00,1.1802195310592651,1.18035888671875,1.1792453527450562,1.1795234680175781,0,2.0
473.0,2026-02-23 20:00:00,2026-02-23,20:00:00,1.1795234680175781,1.1796625852584839,1.1791062355041504,1.1792453527450562,0,2.0
474.0,2026-02-23 21:00:00,2026-02-23,21:00:00,1.1792453527450562,1.1795234680175781,1.1789672374725342,1.1789672374725342,0,2.0
475.0,2026-02-23 22:00:00,2026-02-23,22:00:00,1.178828239440918,1.179940938949585,1.178550362586975,1.178828239440918,0,2.0
476.0,2026-02-23 23:00:00,2026-02-23,23:00:00,1.1791062355041504,1.1798018217086792,1.1791062355041504,1.1796625852584839,0,2.0
477.0,2026-02-24 00:00:00,2026-02-24,00:00:00,1.1796625852584839,1.179940938949585,1.1791062355041504,1.1792453527450562,0,2.0
478.0,2026-02-24 01:00:00,2026-02-24,01:00:00,1.1789672374725342,1.1789672374725342,1.1775789260864258,1.1782727241516113,0,2.0
479.0,2026-02-24 02:00:00,2026-02-24,02:00:00,1.178550362586975,1.178828239440918,1.1781338453292847,1.1786893606185913,0,2.0
480.0,2026-02-24 03:00:00,2026-02-24,03:00:00,1.1786893606185913,1.178828239440918,1.1778563261032104,1.1778563261032104,0,2.0
481.0,2026-02-24 04:00:00,2026-02-24,04:00:00,1.1778563261032104,1.177994966506958,1.177163004875183,1.1773016452789307,0,2.0
482.0,2026-02-24 05:00:00,2026-02-24,05:00:00,1.1773016452789307,1.1782727241516113,1.1773016452789307,1.1782727241516113,0,2.0
483.0,2026-02-24 06:00:00,2026-02-24,06:00:00,1.1782727241516113,1.178550362586975,1.1781338453292847,1.1784114837646484,0,2.0
484.0,2026-02-24 07:00:00,2026-02-24,07:00:00,1.1782727241516113,1.178550362586975,1.1774401664733887,1.1781338453292847,0,2.0
485.0,2026-02-24 08:00:00,2026-02-24,08:00:00,1.1782727241516113,1.1792453527450562,1.1778563261032104,1.1789672374725342,0,2.0
486.0,2026-02-24 09:00:00,2026-02-24,09:00:00,1.1786893606185913,1.1796625852584839,1.1786893606185913,1.1792453527450562,0,2.0
487.0,2026-02-24 10:00:00,2026-02-24,10:00:00,1.1791062355041504,1.1793843507766724,1.1786893606185913,1.1789672374725342,0,2.0
488.0,2026-02-24 11:00:00,2026-02-24,11:00:00,1.1789672374725342,1.1789672374725342,1.1782727241516113,1.1784114837646484,0,2.0
489.0,2026-02-24 12:00:00,2026-02-24,12:00:00,1.1784114837646484,1.178550362586975,1.1777175664901733,1.1784114837646484,0,2.0
490.0,2026-02-24 13:00:00,2026-02-24,13:00:00,1.1784114837646484,1.1784114837646484,1.177163004875183,1.1775789260864258,0,2.0
491.0,2026-02-24 14:00:00,2026-02-24,14:00:00,1.1775789260864258,1.1781338453292847,1.177163004875183,1.1778563261032104,0,2.0
492.0,2026-02-24 15:00:00,2026-02-24,15:00:00,1.1775789260864258,1.1784114837646484,1.177024483680725,1.1775789260864258,0,2.0
493.0,2026-02-24 16:00:00,2026-02-24,16:00:00,1.1775789260864258,1.1793843507766724,1.1775789260864258,1.1791062355041504,0,2.0
494.0,2026-02-24 17:00:00,2026-02-24,17:00:00,1.1792453527450562,1.1792453527450562,1.178550362586975,1.1789672374725342,0,2.0
495.0,2026-02-24 18:00:00,2026-02-24,18:00:00,1.1789672374725342,1.1791062355041504,1.1781338453292847,1.1781338453292847,0,2.0
496.0,2026-02-24 19:00:00,2026-02-24,19:00:00,1.1782727241516113,1.1786893606185913,1.177994966506958,1.1782727241516113,0,2.0
497.0,2026-02-24 20:00:00,2026-02-24,20:00:00,1.1782727241516113,1.1786893606185913,1.177994966506958,1.177994966506958,0,2.0
498.0,2026-02-24 21:00:00,2026-02-24,21:00:00,1.1778563261032104,1.177994966506958,1.1777175664901733,1.1777175664901733,0,2.0
499.0,2026-02-24 22:00:00,2026-02-24,22:00:00,1.1774401664733887,1.1781338453292847,1.1773016452789307,1.1778563261032104,0,2.0
500.0,2026-02-24 23:00:00,2026-02-24,23:00:00,1.1777175664901733,1.177994966506958,1.1777175664901733,1.1777175664901733,0,2.0
501.0,2026-02-25 00:00:00,2026-02-25,00:00:00,1.1778563261032104,1.1782727241516113,1.1777175664901733,1.1782727241516113,0,2.0
502.0,2026-02-25 01:00:00,2026-02-25,01:00:00,1.1781338453292847,1.178550362586975,1.177994966506958,1.1781338453292847,0,2.0
503.0,2026-02-25 02:00:00,2026-02-25,02:00:00,1.1781338453292847,1.1796625852584839,1.1781338453292847,1.1793843507766724,0,2.0
504.0,2026-02-25 03:00:00,2026-02-25,03:00:00,1.1796625852584839,1.1796625852584839,1.1789672374725342,1.1793843507766724,0,2.0
505.0,2026-02-25 04:00:00,2026-02-25,04:00:00,1.1792453527450562,1.179940938949585,1.1792453527450562,1.1798018217086792,0,2.0
506.0,2026-02-25 05:00:00,2026-02-25,05:00:00,1.179940938949585,1.1809163093566895,1.179940938949585,1.1804981231689453,0,2.0
507.0,2026-02-25 06:00:00,2026-02-25,06:00:00,1.1804981231689453,1.1809163093566895,1.1802195310592651,1.1809163093566895,0,2.0
508.0,2026-02-25 07:00:00,2026-02-25,07:00:00,1.1809163093566895,1.1810559034347534,1.1802195310592651,1.1802195310592651,0,2.0
509.0,2026-02-25 08:00:00,2026-02-25,08:00:00,1.1800801753997803,1.18035888671875,1.1793843507766724,1.1795234680175781,0,2.0
510.0,2026-02-25 09:00:00,2026-02-25,09:00:00,1.1792453527450562,1.1796625852584839,1.1789672374725342,1.1792453527450562,0,2.0
511.0,2026-02-25 10:00:00,2026-02-25,10:00:00,1.1791062355041504,1.1791062355041504,1.1784114837646484,1.1784114837646484,0,2.0
512.0,2026-02-25 11:00:00,2026-02-25,11:00:00,1.1781338453292847,1.1784114837646484,1.1774401664733887,1.1777175664901733,0,2.0
513.0,2026-02-25 12:00:00,2026-02-25,12:00:00,1.1778563261032104,1.1789672374725342,1.1778563261032104,1.1789672374725342,0,2.0
514.0,2026-02-25 13:00:00,2026-02-25,13:00:00,1.1789672374725342,1.1793843507766724,1.1777175664901733,1.1777175664901733,0,2.0
515.0,2026-02-25 14:00:00,2026-02-25,14:00:00,1.1778563261032104,1.1792453527450562,1.1777175664901733,1.1792453527450562,0,2.0
516.0,2026-02-25 15:00:00,2026-02-25,15:00:00,1.1789672374725342,1.18035888671875,1.178828239440918,1.1802195310592651,0,2.0
517.0,2026-02-25 16:00:00,2026-02-25,16:00:00,1.1804981231689453,1.1810559034347534,1.1802195310592651,1.1807769536972046,0,2.0
518.0,2026-02-25 17:00:00,2026-02-25,17:00:00,1.1807769536972046,1.1817537546157837,1.1806375980377197,1.1810559034347534,0,2.0
519.0,2026-02-25 18:00:00,2026-02-25,18:00:00,1.1811953783035278,1.1814744472503662,1.1807769536972046,1.1807769536972046,0,2.0
520.0,2026-02-25 19:00:00,2026-02-25,19:00:00,1.1807769536972046,1.1813349723815918,1.1806375980377197,1.1810559034347534,0,2.0
521.0,2026-02-25 20:00:00,2026-02-25,20:00:00,1.1809163093566895,1.1811953783035278,1.1809163093566895,1.1809163093566895,0,2.0
522.0,2026-02-25 21:00:00,2026-02-25,21:00:00,1.1809163093566895,1.1816140413284302,1.1806375980377197,1.1813349723815918,0,2.0
523.0,2026-02-25 22:00:00,2026-02-25,22:00:00,1.1816140413284302,1.1817537546157837,1.1809163093566895,1.1814744472503662,0,2.0
524.0,2026-02-25 23:00:00,2026-02-25,23:00:00,1.1816140413284302,1.1818934679031372,1.1814744472503662,1.1818934679031372,0,2.0
525.0,2026-02-26 00:00:00,2026-02-26,00:00:00,1.1818934679031372,1.1823126077651978,1.1816140413284302,1.1820330619812012,0,2.0
526.0,2026-02-26 01:00:00,2026-02-26,01:00:00,1.1821727752685547,1.1832919120788574,1.1821727752685547,1.1831519603729248,0,2.0
527.0,2026-02-26 02:00:00,2026-02-26,02:00:00,1.1831519603729248,1.1831519603729248,1.1817537546157837,1.1821727752685547,0,2.0
528.0,2026-02-26 03:00:00,2026-02-26,03:00:00,1.1821727752685547,1.1825922727584839,1.1820330619812012,1.1821727752685547,0,2.0
529.0,2026-02-26 04:00:00,2026-02-26,04:00:00,1.1820330619812012,1.1821727752685547,1.1816140413284302,1.1821727752685547,0,2.0
530.0,2026-02-26 05:00:00,2026-02-26,05:00:00,1.1821727752685547,1.1825922727584839,1.1820330619812012,1.1821727752685547,0,2.0
531.0,2026-02-26 06:00:00,2026-02-26,06:00:00,1.1823126077651978,1.1825922727584839,1.1818934679031372,1.1823126077651978,0,2.0
532.0,2026-02-26 07:00:00,2026-02-26,07:00:00,1.1821727752685547,1.1821727752685547,1.1811953783035278,1.1820330619812012,0,2.0
533.0,2026-02-26 08:00:00,2026-02-26,08:00:00,1.1818934679031372,1.1818934679031372,1.1806375980377197,1.1807769536972046,0,2.0
534.0,2026-02-26 09:00:00,2026-02-26,09:00:00,1.1806375980377197,1.1809163093566895,1.1800801753997803,1.1802195310592651,0,2.0
535.0,2026-02-26 10:00:00,2026-02-26,10:00:00,1.1800801753997803,1.1802195310592651,1.1798018217086792,1.1802195310592651,0,2.0
536.0,2026-02-26 11:00:00,2026-02-26,11:00:00,1.1802195310592651,1.1809163093566895,1.1802195310592651,1.1804981231689453,0,2.0
537.0,2026-02-26 12:00:00,2026-02-26,12:00:00,1.1804981231689453,1.1813349723815918,1.18035888671875,1.1811953783035278,0,2.0
538.0,2026-02-26 13:00:00,2026-02-26,13:00:00,1.1813349723815918,1.1820330619812012,1.1806375980377197,1.1810559034347534,0,2.0
539.0,2026-02-26 14:00:00,2026-02-26,14:00:00,1.1810559034347534,1.1818934679031372,1.1806375980377197,1.1814744472503662,0,2.0
540.0,2026-02-26 15:00:00,2026-02-26,15:00:00,1.1816140413284302,1.1816140413284302,1.178550362586975,1.1802195310592651,0,2.0
541.0,2026-02-26 16:00:00,2026-02-26,16:00:00,1.1802195310592651,1.1802195310592651,1.1789672374725342,1.1795234680175781,0,2.0
542.0,2026-02-26 17:00:00,2026-02-26,17:00:00,1.1795234680175781,1.1795234680175781,1.1777175664901733,1.1777175664901733,0,2.0
543.0,2026-02-26 18:00:00,2026-02-26,18:00:00,1.177994966506958,1.1789672374725342,1.1778563261032104,1.1786893606185913,0,2.0
544.0,2026-02-26 19:00:00,2026-02-26,19:00:00,1.178828239440918,1.1800801753997803,1.178828239440918,1.1800801753997803,0,2.0
545.0,2026-02-26 20:00:00,2026-02-26,20:00:00,1.1800801753997803,1.1806375980377197,1.179940938949585,1.1806375980377197,0,2.0
546.0,2026-02-26 21:00:00,2026-02-26,21:00:00,1.1804981231689453,1.1806375980377197,1.1800801753997803,1.1800801753997803,0,2.0
547.0,2026-02-26 22:00:00,2026-02-26,22:00:00,1.1804981231689453,1.1804981231689453,1.1793843507766724,1.1802195310592651,0,2.0
548.0,2026-02-26 23:00:00,2026-02-26,23:00:00,1.1800801753997803,1.1806375980377197,1.1800801753997803,1.1806375980377197,0,2.0
549.0,2026-02-27 00:00:00,2026-02-27,00:00:00,1.1806375980377197,1.1809163093566895,1.179940938949585,1.179940938949585,0,2.0
550.0,2026-02-27 01:00:00,2026-02-27,01:00:00,1.1800801753997803,1.1804981231689453,1.1793843507766724,1.1793843507766724,0,2.0
551.0,2026-02-27 02:00:00,2026-02-27,02:00:00,1.1793843507766724,1.1804981231689453,1.1793843507766724,1.18035888671875,0,2.0
552.0,2026-02-27 03:00:00,2026-02-27,03:00:00,1.18035888671875,1.1810559034347534,1.18035888671875,1.1807769536972046,0,2.0
553.0,2026-02-27 04:00:00,2026-02-27,04:00:00,1.1807769536972046,1.1816140413284302,1.1806375980377197,1.1814744472503662,0,2.0
554.0,2026-02-27 05:00:00,2026-02-27,05:00:00,1.1814744472503662,1.1814744472503662,1.1810559034347534,1.1811953783035278,0,2.0
555.0,2026-02-27 06:00:00,2026-02-27,06:00:00,1.1811953783035278,1.1814744472503662,1.1806375980377197,1.1809163093566895,0,2.0
556.0,2026-02-27 07:00:00,2026-02-27,07:00:00,1.1806375980377197,1.1821727752685547,1.1800801753997803,1.1818934679031372,0,2.0
557.0,2026-02-27 08:00:00,2026-02-27,08:00:00,1.1818934679031372,1.1824523210525513,1.1811953783035278,1.1811953783035278,0,2.0
558.0,2026-02-27 09:00:00,2026-02-27,09:00:00,1.1809163093566895,1.1814744472503662,1.1798018217086792,1.1798018217086792,0,2.0
559.0,2026-02-27 10:00:00,2026-02-27,10:00:00,1.1798018217086792,1.1806375980377197,1.1798018217086792,1.1802195310592651,0,2.0
560.0,2026-02-27 11:00:00,2026-02-27,11:00:00,1.1802195310592651,1.1807769536972046,1.179940938949585,1.18035888671875,0,2.0
561.0,2026-02-27 12:00:00,2026-02-27,12:00:00,1.18035888671875,1.1811953783035278,1.1802195310592651,1.1806375980377197,0,2.0
562.0,2026-02-27 13:00:00,2026-02-27,13:00:00,1.1806375980377197,1.1809163093566895,1.1795234680175781,1.1798018217086792,0,2.0
563.0,2026-02-27 14:00:00,2026-02-27,14:00:00,1.1796625852584839,1.1817537546157837,1.1795234680175781,1.1800801753997803,0,2.0
564.0,2026-02-27 15:00:00,2026-02-27,15:00:00,1.1800801753997803,1.1820330619812012,1.1800801753997803,1.1810559034347534,0,2.0
565.0,2026-02-27 16:00:00,2026-02-27,16:00:00,1.1810559034347534,1.1828720569610596,1.1810559034347534,1.1824523210525513,0,2.0
566.0,2026-02-27 17:00:00,2026-02-27,17:00:00,1.1825922727584839,1.1830118894577026,1.1820330619812012,1.1821727752685547,0,2.0
567.0,2026-02-27 18:00:00,2026-02-27,18:00:00,1.1820330619812012,1.1821727752685547,1.1816140413284302,1.1821727752685547,0,2.0
568.0,2026-02-27 19:00:00,2026-02-27,19:00:00,1.1821727752685547,1.1825922727584839,1.1820330619812012,1.1823126077651978,0,2.0
569.0,2026-02-27 20:00:00,2026-02-27,20:00:00,1.1823126077651978,1.1828720569610596,1.1818934679031372,1.1818934679031372,0,2.0
570.0,2026-02-27 21:00:00,2026-02-27,21:00:00,1.1818934679031372,1.1825922727584839,1.1814744472503662,1.1825922727584839,0,2.0
571.0,2026-02-27 22:00:00,2026-02-27,22:00:00,1.1817537546157837,1.1817537546157837,1.1817537546157837,1.1817537546157837,0,2.0
572.0,2026-03-02 00:00:00,2026-03-02,00:00:00,1.1761938333511353,1.1778563261032104,1.1761938333511353,1.1777175664901733,0,2.0
573.0,2026-03-02 01:00:00,2026-03-02,01:00:00,1.1781338453292847,1.1798018217086792,1.1778563261032104,1.1793843507766724,0,2.0
574.0,2026-03-02 02:00:00,2026-03-02,02:00:00,1.1795234680175781,1.1795234680175781,1.178550362586975,1.1792453527450562,0,2.0
575.0,2026-03-02 03:00:00,2026-03-02,03:00:00,1.1792453527450562,1.179940938949585,1.1792453527450562,1.1792453527450562,0,2.0
576.0,2026-03-02 04:00:00,2026-03-02,04:00:00,1.1792453527450562,1.1793843507766724,1.178550362586975,1.1789672374725342,0,2.0
577.0,2026-03-02 05:00:00,2026-03-02,05:00:00,1.178828239440918,1.178828239440918,1.177024483680725,1.177024483680725,0,2.0
578.0,2026-03-02 06:00:00,2026-03-02,06:00:00,1.177024483680725,1.177024483680725,1.173433542251587,1.1735711097717285,0,2.0
579.0,2026-03-02 07:00:00,2026-03-02,07:00:00,1.1735711097717285,1.1737089157104492,1.1709601879119873,1.1719207763671875,0,2.0
580.0,2026-03-02 08:00:00,2026-03-02,08:00:00,1.172195553779602,1.1727453470230103,1.1701380014419556,1.1726078987121582,0,2.0
581.0,2026-03-02 09:00:00,2026-03-02,09:00:00,1.1724703311920166,1.1746740341186523,1.1724703311920166,1.1737089157104492,0,2.0
582.0,2026-03-02 10:00:00,2026-03-02,10:00:00,1.17384672164917,1.1749500036239624,1.1737089157104492,1.1741223335266113,0,2.0
583.0,2026-03-02 11:00:00,2026-03-02,11:00:00,1.1741223335266113,1.1743981838226318,1.1730204820632935,1.1737089157104492,0,2.0
584.0,2026-03-02 12:00:00,2026-03-02,12:00:00,1.173433542251587,1.1737089157104492,1.1706860065460205,1.170823097229004,0,2.0
585.0,2026-03-02 13:00:00,2026-03-02,13:00:00,1.170823097229004,1.1719207763671875,1.1700011491775513,1.1701380014419556,0,2.0
586.0,2026-03-02 14:00:00,2026-03-02,14:00:00,1.1700011491775513,1.1724703311920166,1.169864296913147,1.17205810546875,0,2.0
587.0,2026-03-02 15:00:00,2026-03-02,15:00:00,1.1716461181640625,1.171783447265625,1.1683608293533325,1.1683608293533325,0,2.0
588.0,2026-03-02 16:00:00,2026-03-02,16:00:00,1.1683608293533325,1.1697274446487427,1.1675423383712769,1.1695905923843384,0,2.0
589.0,2026-03-02 17:00:00,2026-03-02,17:00:00,1.1693171262741089,1.1710972785949707,1.1691803932189941,1.1710972785949707,0,2.0
590.0,2026-03-02 18:00:00,2026-03-02,18:00:00,1.1709601879119873,1.1709601879119873,1.1690436601638794,1.169864296913147,0,2.0
591.0,2026-03-02 19:00:00,2026-03-02,19:00:00,1.169864296913147,1.1716461181640625,1.169864296913147,1.1715089082717896,0,2.0
592.0,2026-03-02 20:00:00,2026-03-02,20:00:00,1.1715089082717896,1.1716461181640625,1.1683608293533325,1.1694538593292236,0,2.0
593.0,2026-03-02 21:00:00,2026-03-02,21:00:00,1.1693171262741089,1.169864296913147,1.1693171262741089,1.1693171262741089,0,2.0
594.0,2026-03-02 22:00:00,2026-03-02,22:00:00,1.1695905923843384,1.1695905923843384,1.1690436601638794,1.1690436601638794,0,2.0
595.0,2026-03-02 23:00:00,2026-03-02,23:00:00,1.1690436601638794,1.1701380014419556,1.1690436601638794,1.1700011491775513,0,2.0
596.0,2026-03-03 00:00:00,2026-03-03,00:00:00,1.1697274446487427,1.169864296913147,1.1690436601638794,1.1697274446487427,0,2.0
597.0,2026-03-03 01:00:00,2026-03-03,01:00:00,1.169864296913147,1.1709601879119873,1.1697274446487427,1.1700011491775513,0,2.0
598.0,2026-03-03 02:00:00,2026-03-03,02:00:00,1.169864296913147,1.1701380014419556,1.1690436601638794,1.1697274446487427,0,2.0
599.0,2026-03-03 03:00:00,2026-03-03,03:00:00,1.169864296913147,1.1700011491775513,1.1690436601638794,1.1694538593292236,0,2.0
600.0,2026-03-03 04:00:00,2026-03-03,04:00:00,1.1694538593292236,1.1695905923843384,1.1683608293533325,1.1683608293533325,0,2.0
601.0,2026-03-03 05:00:00,2026-03-03,05:00:00,1.1684973239898682,1.168770432472229,1.1668611764907837,1.1671334505081177,0,2.0
602.0,2026-03-03 06:00:00,2026-03-03,06:00:00,1.1669973134994507,1.1674060821533203,1.1665889024734497,1.1672697067260742,0,2.0
603.0,2026-03-03 07:00:00,2026-03-03,07:00:00,1.1672697067260742,1.1672697067260742,1.1648223400115967,1.1648223400115967,0,2.0
604.0,2026-03-03 08:00:00,2026-03-03,08:00:00,1.164686679840088,1.164686679840088,1.16225004196167,1.162520408630371,0,2.0
605.0,2026-03-03 09:00:00,2026-03-03,09:00:00,1.1627906560897827,1.1631964445114136,1.1603620052337646,1.1610356569290161,0,2.0
606.0,2026-03-03 10:00:00,2026-03-03,10:00:00,1.1610356569290161,1.1615750789642334,1.1594202518463135,1.1594202518463135,0,2.0
607.0,2026-03-03 11:00:00,2026-03-03,11:00:00,1.1595547199249268,1.160496711730957,1.1586142778396606,1.1599582433700562,0,2.0
608.0,2026-03-03 12:00:00,2026-03-03,12:00:00,1.1599582433700562,1.1618449687957764,1.1594202518463135,1.1618449687957764,0,2.0
609.0,2026-03-03 13:00:00,2026-03-03,13:00:00,1.1615750789642334,1.1617100238800049,1.1595547199249268,1.1595547199249268,0,2.0
610.0,2026-03-03 14:00:00,2026-03-03,14:00:00,1.15968918800354,1.160092830657959,1.1570056676864624,1.1570056676864624,0,2.0
611.0,2026-03-03 15:00:00,2026-03-03,15:00:00,1.157273530960083,1.1584800481796265,1.1535356044769287,1.1576753854751587,0,2.0
612.0,2026-03-03 16:00:00,2026-03-03,16:00:00,1.1576753854751587,1.1609008312225342,1.1574074029922485,1.1609008312225342,0,2.0
613.0,2026-03-03 17:00:00,2026-03-03,17:00:00,1.160496711730957,1.1606314182281494,1.159151554107666,1.1595547199249268,0,2.0
614.0,2026-03-03 18:00:00,2026-03-03,18:00:00,1.1594202518463135,1.1623852252960205,1.1594202518463135,1.1619800329208374,0,2.0
615.0,2026-03-03 19:00:00,2026-03-03,19:00:00,1.1619800329208374,1.1627906560897827,1.160496711730957,1.1618449687957764,0,2.0
616.0,2026-03-03 20:00:00,2026-03-03,20:00:00,1.1617100238800049,1.1626555919647217,1.1615750789642334,1.1621150970458984,0,2.0
617.0,2026-03-03 21:00:00,2026-03-03,21:00:00,1.1621150970458984,1.1621150970458984,1.16130530834198,1.1615750789642334,0,2.0
618.0,2026-03-03 22:00:00,2026-03-03,22:00:00,1.1619800329208374,1.16225004196167,1.1609008312225342,1.161440134048462,0,2.0
619.0,2026-03-03 23:00:00,2026-03-03,23:00:00,1.1618449687957764,1.1623852252960205,1.161440134048462,1.1615750789642334,0,2.0
620.0,2026-03-04 00:00:00,2026-03-04,00:00:00,1.16130530834198,1.16130530834198,1.15968918800354,1.15968918800354,0,2.0
621.0,2026-03-04 01:00:00,2026-03-04,01:00:00,1.15968918800354,1.160092830657959,1.1579434871673584,1.15968918800354,0,2.0
622.0,2026-03-04 02:00:00,2026-03-04,02:00:00,1.15968918800354,1.1607661247253418,1.1595547199249268,1.1602274179458618,0,2.0
623.0,2026-03-04 03:00:00,2026-03-04,03:00:00,1.160092830657959,1.16130530834198,1.1599582433700562,1.161170482635498,0,2.0
624.0,2026-03-04 04:00:00,2026-03-04,04:00:00,1.16130530834198,1.16130530834198,1.1595547199249268,1.1598236560821533,0,2.0
625.0,2026-03-04 05:00:00,2026-03-04,05:00:00,1.1595547199249268,1.1602274179458618,1.1590172052383423,1.1598236560821533,0,2.0
626.0,2026-03-04 06:00:00,2026-03-04,06:00:00,1.15968918800354,1.1621150970458984,1.1592857837677002,1.161440134048462,0,2.0
627.0,2026-03-04 07:00:00,2026-03-04,07:00:00,1.1615750789642334,1.1627906560897827,1.1615750789642334,1.1621150970458984,0,2.0
628.0,2026-03-04 08:00:00,2026-03-04,08:00:00,1.1619800329208374,1.1619800329208374,1.160092830657959,1.1602274179458618,0,2.0
629.0,2026-03-04 09:00:00,2026-03-04,09:00:00,1.1602274179458618,1.1623852252960205,1.1599582433700562,1.161170482635498,0,2.0
630.0,2026-03-04 10:00:00,2026-03-04,10:00:00,1.16130530834198,1.1648223400115967,1.16130530834198,1.1637378931045532,0,2.0
631.0,2026-03-04 11:00:00,2026-03-04,11:00:00,1.1637378931045532,1.1657729148864746,1.163602590560913,1.163873314857483,0,2.0
632.0,2026-03-04 12:00:00,2026-03-04,12:00:00,1.163873314857483,1.1650937795639038,1.163061261177063,1.163061261177063,0,2.0
633.0,2026-03-04 13:00:00,2026-03-04,13:00:00,1.163602590560913,1.1653653383255005,1.1634671688079834,1.163602590560913,0,2.0
634.0,2026-03-04 14:00:00,2026-03-04,14:00:00,1.1634671688079834,1.1642799377441406,1.1626555919647217,1.1627906560897827,0,2.0
635.0,2026-03-04 15:00:00,2026-03-04,15:00:00,1.1627906560897827,1.1642799377441406,1.1621150970458984,1.1641442775726318,0,2.0
636.0,2026-03-04 16:00:00,2026-03-04,16:00:00,1.1644154787063599,1.1648223400115967,1.1633317470550537,1.1640088558197021,0,2.0
637.0,2026-03-04 17:00:00,2026-03-04,17:00:00,1.1641442775726318,1.1645511388778687,1.163061261177063,1.163602590560913,0,2.0
638.0,2026-03-04 18:00:00,2026-03-04,18:00:00,1.163602590560913,1.163602590560913,1.1626555919647217,1.1626555919647217,0,2.0
639.0,2026-03-04 19:00:00,2026-03-04,19:00:00,1.1629259586334229,1.1644154787063599,1.1629259586334229,1.1644154787063599,0,2.0
640.0,2026-03-04 20:00:00,2026-03-04,20:00:00,1.1644154787063599,1.164686679840088,1.1642799377441406,1.1645511388778687,0,2.0
641.0,2026-03-04 21:00:00,2026-03-04,21:00:00,1.1644154787063599,1.1645511388778687,1.163873314857483,1.1642799377441406,0,2.0
642.0,2026-03-04 22:00:00,2026-03-04,22:00:00,1.163602590560913,1.1640088558197021,1.1633317470550537,1.1637378931045532,0,2.0
643.0,2026-03-04 23:00:00,2026-03-04,23:00:00,1.163873314857483,1.1642799377441406,1.1637378931045532,1.163873314857483,0,2.0
644.0,2026-03-05 00:00:00,2026-03-05,00:00:00,1.1637378931045532,1.164958119392395,1.163602590560913,1.1648223400115967,0,2.0
645.0,2026-03-05 01:00:00,2026-03-05,01:00:00,1.1648223400115967,1.164958119392395,1.1631964445114136,1.1631964445114136,0,2.0
646.0,2026-03-05 02:00:00,2026-03-05,02:00:00,1.163061261177063,1.1634671688079834,1.1626555919647217,1.1629259586334229,0,2.0
647.0,2026-03-05 03:00:00,2026-03-05,03:00:00,1.1629259586334229,1.163061261177063,1.16130530834198,1.1615750789642334,0,2.0
648.0,2026-03-05 04:00:00,2026-03-05,04:00:00,1.1615750789642334,1.1618449687957764,1.1610356569290161,1.161170482635498,0,2.0
649.0,2026-03-05 05:00:00,2026-03-05,05:00:00,1.161170482635498,1.1617100238800049,1.1598236560821533,1.1598236560821533,0,2.0
650.0,2026-03-05 06:00:00,2026-03-05,06:00:00,1.1598236560821533,1.1617100238800049,1.159151554107666,1.1609008312225342,0,2.0
651.0,2026-03-05 07:00:00,2026-03-05,07:00:00,1.161170482635498,1.1619800329208374,1.160496711730957,1.1609008312225342,0,2.0
652.0,2026-03-05 08:00:00,2026-03-05,08:00:00,1.1606314182281494,1.1606314182281494,1.1586142778396606,1.1602274179458618,0,2.0
653.0,2026-03-05 09:00:00,2026-03-05,09:00:00,1.160092830657959,1.1642799377441406,1.160092830657959,1.1626555919647217,0,2.0
654.0,2026-03-05 10:00:00,2026-03-05,10:00:00,1.1626555919647217,1.163061261177063,1.1609008312225342,1.161440134048462,0,2.0
655.0,2026-03-05 11:00:00,2026-03-05,11:00:00,1.161440134048462,1.1619800329208374,1.1607661247253418,1.161440134048462,0,2.0
656.0,2026-03-05 12:00:00,2026-03-05,12:00:00,1.16130530834198,1.1627906560897827,1.1610356569290161,1.162520408630371,0,2.0
657.0,2026-03-05 13:00:00,2026-03-05,13:00:00,1.16225004196167,1.1626555919647217,1.1594202518463135,1.160092830657959,0,2.0
658.0,2026-03-05 14:00:00,2026-03-05,14:00:00,1.160092830657959,1.161170482635498,1.15968918800354,1.160496711730957,0,2.0
659.0,2026-03-05 15:00:00,2026-03-05,15:00:00,1.1609008312225342,1.161170482635498,1.1574074029922485,1.1587486267089844,0,2.0
660.0,2026-03-05 16:00:00,2026-03-05,16:00:00,1.1584800481796265,1.1590172052383423,1.156336784362793,1.1586142778396606,0,2.0
661.0,2026-03-05 17:00:00,2026-03-05,17:00:00,1.1587486267089844,1.1592857837677002,1.1576753854751587,1.159151554107666,0,2.0
662.0,2026-03-05 18:00:00,2026-03-05,18:00:00,1.159151554107666,1.1595547199249268,1.1575413942337036,1.1590172052383423,0,2.0
663.0,2026-03-05 19:00:00,2026-03-05,19:00:00,1.1588828563690186,1.1590172052383423,1.1574074029922485,1.1574074029922485,0,2.0
664.0,2026-03-05 20:00:00,2026-03-05,20:00:00,1.1576753854751587,1.16130530834198,1.1574074029922485,1.1607661247253418,0,2.0
665.0,2026-03-05 21:00:00,2026-03-05,21:00:00,1.1607661247253418,1.16130530834198,1.1606314182281494,1.161170482635498,0,2.0
666.0,2026-03-05 22:00:00,2026-03-05,22:00:00,1.161440134048462,1.1617100238800049,1.160092830657959,1.1615750789642334,0,2.0
667.0,2026-03-05 23:00:00,2026-03-05,23:00:00,1.16130530834198,1.161440134048462,1.1607661247253418,1.161170482635498,0,2.0
668.0,2026-03-06 00:00:00,2026-03-06,00:00:00,1.1609008312225342,1.1617100238800049,1.1607661247253418,1.161440134048462,0,2.0
669.0,2026-03-06 01:00:00,2026-03-06,01:00:00,1.161440134048462,1.1623852252960205,1.1610356569290161,1.1618449687957764,0,2.0
670.0,2026-03-06 02:00:00,2026-03-06,02:00:00,1.1618449687957764,1.16225004196167,1.1617100238800049,1.1619800329208374,0,2.0
671.0,2026-03-06 03:00:00,2026-03-06,03:00:00,1.1619800329208374,1.1623852252960205,1.1618449687957764,1.1623852252960205,0,2.0
672.0,2026-03-06 04:00:00,2026-03-06,04:00:00,1.1623852252960205,1.1623852252960205,1.1617100238800049,1.1617100238800049,0,2.0
673.0,2026-03-06 05:00:00,2026-03-06,05:00:00,1.1615750789642334,1.1619800329208374,1.1609008312225342,1.1609008312225342,0,2.0
674.0,2026-03-06 06:00:00,2026-03-06,06:00:00,1.161170482635498,1.1615750789642334,1.1606314182281494,1.161440134048462,0,2.0
675.0,2026-03-06 07:00:00,2026-03-06,07:00:00,1.161440134048462,1.1621150970458984,1.1610356569290161,1.1617100238800049,0,2.0
676.0,2026-03-06 08:00:00,2026-03-06,08:00:00,1.1617100238800049,1.1617100238800049,1.1606314182281494,1.1606314182281494,0,2.0
677.0,2026-03-06 09:00:00,2026-03-06,09:00:00,1.160496711730957,1.160496711730957,1.1575413942337036,1.1578094959259033,0,2.0
678.0,2026-03-06 10:00:00,2026-03-06,10:00:00,1.1578094959259033,1.1587486267089844,1.1576753854751587,1.1583458185195923,0,2.0
679.0,2026-03-06 11:00:00,2026-03-06,11:00:00,1.1582117080688477,1.1583458185195923,1.1564704179763794,1.1566041707992554,0,2.0
680.0,2026-03-06 12:00:00,2026-03-06,12:00:00,1.156738042831421,1.157139539718628,1.1556684970855713,1.1558021306991577,0,2.0
681.0,2026-03-06 13:00:00,2026-03-06,13:00:00,1.1560693979263306,1.1594202518463135,1.1555349826812744,1.1560693979263306,0,2.0
682.0,2026-03-06 14:00:00,2026-03-06,14:00:00,1.1560693979263306,1.1578094959259033,1.1551345586776733,1.1574074029922485,0,2.0
683.0,2026-03-06 15:00:00,2026-03-06,15:00:00,1.1579434871673584,1.1594202518463135,1.1575413942337036,1.1582117080688477,0,2.0
684.0,2026-03-06 16:00:00,2026-03-06,16:00:00,1.1583458185195923,1.1615750789642334,1.1583458185195923,1.1610356569290161,0,2.0
685.0,2026-03-06 17:00:00,2026-03-06,17:00:00,1.1609008312225342,1.1610356569290161,1.1598236560821533,1.1599582433700562,0,2.0
686.0,2026-03-06 18:00:00,2026-03-06,18:00:00,1.1599582433700562,1.16225004196167,1.15968918800354,1.160496711730957,0,2.0
687.0,2026-03-06 19:00:00,2026-03-06,19:00:00,1.1602274179458618,1.161170482635498,1.160092830657959,1.1606314182281494,0,2.0
688.0,2026-03-06 20:00:00,2026-03-06,20:00:00,1.1606314182281494,1.161170482635498,1.1599582433700562,1.1609008312225342,0,2.0
689.0,2026-03-06 21:00:00,2026-03-06,21:00:00,1.1609008312225342,1.16225004196167,1.1609008312225342,1.1621150970458984,0,2.0
690.0,2026-03-06 22:00:00,2026-03-06,22:00:00,1.162520408630371,1.162520408630371,1.1621150970458984,1.1621150970458984,0,2.0
691.0,2026-03-09 00:00:00,2026-03-09,00:00:00,1.1526048183441162,1.15340256690979,1.1519410610198975,1.1520737409591675,0,2.0
692.0,2026-03-09 01:00:00,2026-03-09,01:00:00,1.1519410610198975,1.1526048183441162,1.151145339012146,1.1512778997421265,0,2.0
693.0,2026-03-09 02:00:00,2026-03-09,02:00:00,1.151543140411377,1.1530035734176636,1.1512778997421265,1.1528706550598145,0,2.0
694.0,2026-03-09 03:00:00,2026-03-09,03:00:00,1.1531364917755127,1.1531364917755127,1.1516757011413574,1.1519410610198975,0,2.0
695.0,2026-03-09 04:00:00,2026-03-09,04:00:00,1.1522064208984375,1.1532695293426514,1.1519410610198975,1.1528706550598145,0,2.0
696.0,2026-03-09 05:00:00,2026-03-09,05:00:00,1.1528706550598145,1.1574074029922485,1.1528706550598145,1.157139539718628,0,2.0
697.0,2026-03-09 06:00:00,2026-03-09,06:00:00,1.1568717956542969,1.157139539718628,1.155001163482666,1.155001163482666,0,2.0
698.0,2026-03-09 07:00:00,2026-03-09,07:00:00,1.1555349826812744,1.156738042831421,1.154068112373352,1.1566041707992554,0,2.0
699.0,2026-03-09 08:00:00,2026-03-09,08:00:00,1.1568717956542969,1.1568717956542969,1.1520737409591675,1.1538017988204956,0,2.0
700.0,2026-03-09 09:00:00,2026-03-09,09:00:00,1.1539349555969238,1.1574074029922485,1.1535356044769287,1.1558021306991577,0,2.0
701.0,2026-03-09 10:00:00,2026-03-09,10:00:00,1.1556684970855713,1.1566041707992554,1.1551345586776733,1.1564704179763794,0,2.0
702.0,2026-03-09 11:00:00,2026-03-09,11:00:00,1.156336784362793,1.1570056676864624,1.1559356451034546,1.156336784362793,0,2.0
703.0,2026-03-09 12:00:00,2026-03-09,12:00:00,1.1564704179763794,1.157139539718628,1.155401587486267,1.1556684970855713,0,2.0
704.0,2026-03-09 13:00:00,2026-03-09,13:00:00,1.1559356451034546,1.1590172052383423,1.1558021306991577,1.1579434871673584,0,2.0
705.0,2026-03-09 14:00:00,2026-03-09,14:00:00,1.1578094959259033,1.1579434871673584,1.1551345586776733,1.1576753854751587,0,2.0
706.0,2026-03-09 15:00:00,2026-03-09,15:00:00,1.1579434871673584,1.15968918800354,1.1579434871673584,1.1595547199249268,0,2.0
707.0,2026-03-09 16:00:00,2026-03-09,16:00:00,1.15968918800354,1.1602274179458618,1.1590172052383423,1.159151554107666,0,2.0
708.0,2026-03-09 17:00:00,2026-03-09,17:00:00,1.159151554107666,1.159151554107666,1.1582117080688477,1.1582117080688477,0,2.0
709.0,2026-03-09 18:00:00,2026-03-09,18:00:00,1.1583458185195923,1.1587486267089844,1.1579434871673584,1.1579434871673584,0,2.0
710.0,2026-03-09 19:00:00,2026-03-09,19:00:00,1.1579434871673584,1.1634671688079834,1.1579434871673584,1.161170482635498,0,2.0
711.0,2026-03-09 20:00:00,2026-03-09,20:00:00,1.1617100238800049,1.1640088558197021,1.1615750789642334,1.163873314857483,0,2.0
712.0,2026-03-09 21:00:00,2026-03-09,21:00:00,1.1640088558197021,1.1642799377441406,1.1631964445114136,1.1640088558197021,0,2.0
713.0,2026-03-09 22:00:00,2026-03-09,22:00:00,1.1644154787063599,1.1648223400115967,1.1626555919647217,1.1631964445114136,0,2.0
714.0,2026-03-09 23:00:00,2026-03-09,23:00:00,1.1631964445114136,1.1634671688079834,1.1618449687957764,1.1619800329208374,0,2.0
715.0,2026-03-10 00:00:00,2026-03-10,00:00:00,1.1619800329208374,1.163873314857483,1.1615750789642334,1.1629259586334229,0,2.0
716.0,2026-03-10 01:00:00,2026-03-10,01:00:00,1.1629259586334229,1.1631964445114136,1.1615750789642334,1.1623852252960205,0,2.0
717.0,2026-03-10 02:00:00,2026-03-10,02:00:00,1.162520408630371,1.163061261177063,1.1615750789642334,1.1615750789642334,0,2.0
718.0,2026-03-10 03:00:00,2026-03-10,03:00:00,1.1617100238800049,1.1618449687957764,1.161170482635498,1.16130530834198,0,2.0
719.0,2026-03-10 04:00:00,2026-03-10,04:00:00,1.1610356569290161,1.1618449687957764,1.1610356569290161,1.1615750789642334,0,2.0
720.0,2026-03-10 05:00:00,2026-03-10,05:00:00,1.1615750789642334,1.16225004196167,1.1615750789642334,1.16225004196167,0,2.0
721.0,2026-03-10 06:00:00,2026-03-10,06:00:00,1.162520408630371,1.1640088558197021,1.162520408630371,1.163602590560913,0,2.0
722.0,2026-03-10 07:00:00,2026-03-10,07:00:00,1.1633317470550537,1.1665889024734497,1.1631964445114136,1.1664528846740723,0,2.0
723.0,2026-03-10 08:00:00,2026-03-10,08:00:00,1.16604483127594,1.1663167476654053,1.164686679840088,1.164958119392395,0,2.0
724.0,2026-03-10 09:00:00,2026-03-10,09:00:00,1.1648223400115967,1.1661807298660278,1.1648223400115967,1.1655012369155884,0,2.0
725.0,2026-03-10 10:00:00,2026-03-10,10:00:00,1.1653653383255005,1.1653653383255005,1.1623852252960205,1.1642799377441406,0,2.0
726.0,2026-03-10 11:00:00,2026-03-10,11:00:00,1.1642799377441406,1.1656370162963867,1.1640088558197021,1.1642799377441406,0,2.0
727.0,2026-03-10 12:00:00,2026-03-10,12:00:00,1.1644154787063599,1.1644154787063599,1.162520408630371,1.1637378931045532,0,2.0
728.0,2026-03-10 13:00:00,2026-03-10,13:00:00,1.1640088558197021,1.1650937795639038,1.1633317470550537,1.163602590560913,0,2.0
729.0,2026-03-10 14:00:00,2026-03-10,14:00:00,1.1631964445114136,1.1652295589447021,1.1631964445114136,1.1652295589447021,0,2.0
730.0,2026-03-10 15:00:00,2026-03-10,15:00:00,1.1653653383255005,1.1657729148864746,1.1644154787063599,1.1650937795639038,0,2.0
731.0,2026-03-10 16:00:00,2026-03-10,16:00:00,1.1648223400115967,1.1657729148864746,1.1642799377441406,1.1655012369155884,0,2.0
732.0,2026-03-10 17:00:00,2026-03-10,17:00:00,1.1656370162963867,1.1669973134994507,1.1645511388778687,1.1648223400115967,0,2.0
733.0,2026-03-10 18:00:00,2026-03-10,18:00:00,1.1648223400115967,1.1648223400115967,1.1618449687957764,1.1627906560897827,0,2.0
734.0,2026-03-10 19:00:00,2026-03-10,19:00:00,1.1627906560897827,1.1631964445114136,1.16130530834198,1.1617100238800049,0,2.0
735.0,2026-03-10 20:00:00,2026-03-10,20:00:00,1.1617100238800049,1.1618449687957764,1.161170482635498,1.161440134048462,0,2.0
736.0,2026-03-10 21:00:00,2026-03-10,21:00:00,1.1615750789642334,1.1619800329208374,1.1609008312225342,1.1609008312225342,0,2.0
737.0,2026-03-10 22:00:00,2026-03-10,22:00:00,1.16130530834198,1.1615750789642334,1.1606314182281494,1.1609008312225342,0,2.0
738.0,2026-03-10 23:00:00,2026-03-10,23:00:00,1.1610356569290161,1.161440134048462,1.1609008312225342,1.161440134048462,0,2.0
739.0,2026-03-11 00:00:00,2026-03-11,00:00:00,1.1615750789642334,1.1627906560897827,1.1610356569290161,1.16225004196167,0,2.0
740.0,2026-03-11 01:00:00,2026-03-11,01:00:00,1.16225004196167,1.163061261177063,1.1615750789642334,1.163061261177063,0,2.0
741.0,2026-03-11 02:00:00,2026-03-11,02:00:00,1.163061261177063,1.1631964445114136,1.16225004196167,1.1629259586334229,0,2.0
742.0,2026-03-11 03:00:00,2026-03-11,03:00:00,1.163061261177063,1.1634671688079834,1.1629259586334229,1.1633317470550537,0,2.0
743.0,2026-03-11 04:00:00,2026-03-11,04:00:00,1.1633317470550537,1.163873314857483,1.1631964445114136,1.1637378931045532,0,2.0
744.0,2026-03-11 05:00:00,2026-03-11,05:00:00,1.1637378931045532,1.163873314857483,1.1633317470550537,1.163602590560913,0,2.0
745.0,2026-03-11 06:00:00,2026-03-11,06:00:00,1.1637378931045532,1.1642799377441406,1.1633317470550537,1.1637378931045532,0,2.0
746.0,2026-03-11 07:00:00,2026-03-11,07:00:00,1.1637378931045532,1.1644154787063599,1.1618449687957764,1.1621150970458984,0,2.0
747.0,2026-03-11 08:00:00,2026-03-11,08:00:00,1.1618449687957764,1.1623852252960205,1.1609008312225342,1.1615750789642334,0,2.0
748.0,2026-03-11 09:00:00,2026-03-11,09:00:00,1.1609008312225342,1.1609008312225342,1.1594202518463135,1.1595547199249268,0,2.0
749.0,2026-03-11 10:00:00,2026-03-11,10:00:00,1.1595547199249268,1.161440134048462,1.1595547199249268,1.1610356569290161,0,2.0
750.0,2026-03-11 11:00:00,2026-03-11,11:00:00,1.1610356569290161,1.16130530834198,1.1599582433700562,1.1599582433700562,0,2.0
751.0,2026-03-11 12:00:00,2026-03-11,12:00:00,1.1598236560821533,1.160496711730957,1.1582117080688477,1.1584800481796265,0,2.0
752.0,2026-03-11 13:00:00,2026-03-11,13:00:00,1.1588828563690186,1.1595547199249268,1.1583458185195923,1.1595547199249268,0,2.0
753.0,2026-03-11 14:00:00,2026-03-11,14:00:00,1.1602274179458618,1.16130530834198,1.1584800481796265,1.1584800481796265,0,2.0
754.0,2026-03-11 15:00:00,2026-03-11,15:00:00,1.1586142778396606,1.1586142778396606,1.1570056676864624,1.1570056676864624,0,2.0
755.0,2026-03-11 16:00:00,2026-03-11,16:00:00,1.1568717956542969,1.1578094959259033,1.156738042831421,1.1574074029922485,0,2.0
756.0,2026-03-11 17:00:00,2026-03-11,17:00:00,1.1574074029922485,1.1579434871673584,1.156738042831421,1.1574074029922485,0,2.0
757.0,2026-03-11 18:00:00,2026-03-11,18:00:00,1.1575413942337036,1.1578094959259033,1.156738042831421,1.1575413942337036,0,2.0
758.0,2026-03-11 19:00:00,2026-03-11,19:00:00,1.1574074029922485,1.1579434871673584,1.157273530960083,1.1576753854751587,0,2.0
759.0,2026-03-11 20:00:00,2026-03-11,20:00:00,1.1575413942337036,1.1575413942337036,1.1568717956542969,1.1570056676864624,0,2.0
760.0,2026-03-11 21:00:00,2026-03-11,21:00:00,1.1570056676864624,1.1578094959259033,1.1570056676864624,1.1578094959259033,0,2.0
761.0,2026-03-11 22:00:00,2026-03-11,22:00:00,1.1575413942337036,1.1575413942337036,1.1552680730819702,1.155401587486267,0,2.0
762.0,2026-03-11 23:00:00,2026-03-11,23:00:00,1.1555349826812744,1.1555349826812744,1.154334545135498,1.1546010971069336,0,2.0
763.0,2026-03-12 00:00:00,2026-03-12,00:00:00,1.1544678211212158,1.1552680730819702,1.1538017988204956,1.1548677682876587,0,2.0
764.0,2026-03-12 01:00:00,2026-03-12,01:00:00,1.155001163482666,1.1558021306991577,1.1548677682876587,1.155401587486267,0,2.0
765.0,2026-03-12 02:00:00,2026-03-12,02:00:00,1.155401587486267,1.1556684970855713,1.1536686420440674,1.1542012691497803,0,2.0
766.0,2026-03-12 03:00:00,2026-03-12,03:00:00,1.1542012691497803,1.154334545135498,1.1536686420440674,1.1542012691497803,0,2.0
767.0,2026-03-12 04:00:00,2026-03-12,04:00:00,1.1542012691497803,1.154334545135498,1.1535356044769287,1.1536686420440674,0,2.0
768.0,2026-03-12 05:00:00,2026-03-12,05:00:00,1.1536686420440674,1.1548677682876587,1.1536686420440674,1.154334545135498,0,2.0
769.0,2026-03-12 06:00:00,2026-03-12,06:00:00,1.1544678211212158,1.155401587486267,1.1544678211212158,1.1551345586776733,0,2.0
770.0,2026-03-12 07:00:00,2026-03-12,07:00:00,1.155001163482666,1.1555349826812744,1.1546010971069336,1.155401587486267,0,2.0
771.0,2026-03-12 08:00:00,2026-03-12,08:00:00,1.1556684970855713,1.1559356451034546,1.1547343730926514,1.155001163482666,0,2.0
772.0,2026-03-12 09:00:00,2026-03-12,09:00:00,1.1548677682876587,1.156336784362793,1.1548677682876587,1.156336784362793,0,2.0
773.0,2026-03-12 10:00:00,2026-03-12,10:00:00,1.156336784362793,1.1566041707992554,1.1552680730819702,1.156203031539917,0,2.0
774.0,2026-03-12 11:00:00,2026-03-12,11:00:00,1.156203031539917,1.1568717956542969,1.1555349826812744,1.1559356451034546,0,2.0
775.0,2026-03-12 12:00:00,2026-03-12,12:00:00,1.1559356451034546,1.1559356451034546,1.1536686420440674,1.1542012691497803,0,2.0
776.0,2026-03-12 13:00:00,2026-03-12,13:00:00,1.1546010971069336,1.1552680730819702,1.1524720191955566,1.1530035734176636,0,2.0
777.0,2026-03-12 14:00:00,2026-03-12,14:00:00,1.15340256690979,1.1536686420440674,1.1520737409591675,1.1524720191955566,0,2.0
778.0,2026-03-12 15:00:00,2026-03-12,15:00:00,1.1519410610198975,1.1528706550598145,1.151410460472107,1.1524720191955566,0,2.0
779.0,2026-03-12 16:00:00,2026-03-12,16:00:00,1.1526048183441162,1.1532695293426514,1.1518083810806274,1.1524720191955566,0,2.0
780.0,2026-03-12 17:00:00,2026-03-12,17:00:00,1.1527377367019653,1.15340256690979,1.1524720191955566,1.1524720191955566,0,2.0
781.0,2026-03-12 18:00:00,2026-03-12,18:00:00,1.1526048183441162,1.1526048183441162,1.151543140411377,1.151543140411377,0,2.0
782.0,2026-03-12 19:00:00,2026-03-12,19:00:00,1.151410460472107,1.1522064208984375,1.151410460472107,1.1518083810806274,0,2.0
783.0,2026-03-12 20:00:00,2026-03-12,20:00:00,1.1516757011413574,1.1519410610198975,1.151410460472107,1.151410460472107,0,2.0
784.0,2026-03-12 21:00:00,2026-03-12,21:00:00,1.1516757011413574,1.1518083810806274,1.151145339012146,1.151410460472107,0,2.0
785.0,2026-03-12 22:00:00,2026-03-12,22:00:00,1.1516757011413574,1.152339220046997,1.151543140411377,1.1522064208984375,0,2.0
786.0,2026-03-12 23:00:00,2026-03-12,23:00:00,1.1522064208984375,1.1526048183441162,1.1519410610198975,1.1526048183441162,0,2.0
787.0,2026-03-13 00:00:00,2026-03-13,00:00:00,1.1526048183441162,1.1531364917755127,1.1524720191955566,1.1527377367019653,0,2.0
788.0,2026-03-13 01:00:00,2026-03-13,01:00:00,1.1528706550598145,1.1532695293426514,1.1518083810806274,1.1519410610198975,0,2.0
789.0,2026-03-13 02:00:00,2026-03-13,02:00:00,1.1520737409591675,1.1524720191955566,1.151410460472107,1.1516757011413574,0,2.0
790.0,2026-03-13 03:00:00,2026-03-13,03:00:00,1.1516757011413574,1.1516757011413574,1.1508804559707642,1.1512778997421265,0,2.0
791.0,2026-03-13 04:00:00,2026-03-13,04:00:00,1.1512778997421265,1.1512778997421265,1.15035080909729,1.1507480144500732,0,2.0
792.0,2026-03-13 05:00:00,2026-03-13,05:00:00,1.1507480144500732,1.1508804559707642,1.15035080909729,1.15035080909729,0,2.0
793.0,2026-03-13 06:00:00,2026-03-13,06:00:00,1.1506155729293823,1.1506155729293823,1.1486331224441528,1.1486331224441528,0,2.0
794.0,2026-03-13 07:00:00,2026-03-13,07:00:00,1.1481056213378906,1.1485011577606201,1.1458691358566284,1.1461317539215088,0,2.0
795.0,2026-03-13 08:00:00,2026-03-13,08:00:00,1.145737886428833,1.145737886428833,1.1436413526535034,1.144819736480713,0,2.0
796.0,2026-03-13 09:00:00,2026-03-13,09:00:00,1.145213007926941,1.1463946104049683,1.145081877708435,1.1456066370010376,0,2.0
797.0,2026-03-13 10:00:00,2026-03-13,10:00:00,1.1458691358566284,1.147446870803833,1.1456066370010376,1.1461317539215088,0,2.0
798.0,2026-03-13 11:00:00,2026-03-13,11:00:00,1.1463946104049683,1.147446870803833,1.1458691358566284,1.147315263748169,0,2.0
799.0,2026-03-13 12:00:00,2026-03-13,12:00:00,1.1470520496368408,1.1488970518112183,1.1465259790420532,1.1481056213378906,0,2.0
800.0,2026-03-13 13:00:00,2026-03-13,13:00:00,1.148369312286377,1.1491611003875732,1.1477103233337402,1.1482374668121338,0,2.0
801.0,2026-03-13 14:00:00,2026-03-13,14:00:00,1.1478420495986938,1.1487650871276855,1.1460003852844238,1.1460003852844238,0,2.0
802.0,2026-03-13 15:00:00,2026-03-13,15:00:00,1.1458691358566284,1.1463946104049683,1.1439030170440674,1.144688606262207,0,2.0
803.0,2026-03-13 16:00:00,2026-03-13,16:00:00,1.1445575952529907,1.145213007926941,1.1440337896347046,1.1445575952529907,0,2.0
804.0,2026-03-13 17:00:00,2026-03-13,17:00:00,1.144426703453064,1.144819736480713,1.1437721252441406,1.1445575952529907,0,2.0
805.0,2026-03-13 18:00:00,2026-03-13,18:00:00,1.1445575952529907,1.1445575952529907,1.1436413526535034,1.1439030170440674,0,2.0
806.0,2026-03-13 19:00:00,2026-03-13,19:00:00,1.1439030170440674,1.1440337896347046,1.1423349380493164,1.1425960063934326,0,2.0
807.0,2026-03-13 20:00:00,2026-03-13,20:00:00,1.1424654722213745,1.1425960063934326,1.141422152519226,1.1419435739517212,0,2.0
808.0,2026-03-13 21:00:00,2026-03-13,21:00:00,1.1419435739517212,1.1423349380493164,1.1419435739517212,1.1423349380493164,0,2.0
809.0,2026-03-16 00:00:00,2026-03-16,00:00:00,1.144164800643921,1.1458691358566284,1.144164800643921,1.1458691358566284,0,2.0
810.0,2026-03-16 01:00:00,2026-03-16,01:00:00,1.1458691358566284,1.1458691358566284,1.144426703453064,1.145213007926941,0,2.0
811.0,2026-03-16 02:00:00,2026-03-16,02:00:00,1.145213007926941,1.1454753875732422,1.1449507474899292,1.145213007926941,0,2.0
812.0,2026-03-16 03:00:00,2026-03-16,03:00:00,1.145213007926941,1.145737886428833,1.1449507474899292,1.1453442573547363,0,2.0
813.0,2026-03-16 04:00:00,2026-03-16,04:00:00,1.1453442573547363,1.1454753875732422,1.1445575952529907,1.1445575952529907,0,2.0
814.0,2026-03-16 05:00:00,2026-03-16,05:00:00,1.1445575952529907,1.144688606262207,1.1436413526535034,1.1437721252441406,0,2.0
815.0,2026-03-16 06:00:00,2026-03-16,06:00:00,1.1436413526535034,1.1440337896347046,1.1428571939468384,1.1435105800628662,0,2.0
816.0,2026-03-16 07:00:00,2026-03-16,07:00:00,1.143379807472229,1.1437721252441406,1.1419435739517212,1.1428571939468384,0,2.0
817.0,2026-03-16 08:00:00,2026-03-16,08:00:00,1.1432491540908813,1.144819736480713,1.142987847328186,1.144688606262207,0,2.0
818.0,2026-03-16 09:00:00,2026-03-16,09:00:00,1.144688606262207,1.1456066370010376,1.144426703453064,1.1453442573547363,0,2.0
819.0,2026-03-16 10:00:00,2026-03-16,10:00:00,1.145213007926941,1.1479737758636475,1.145213007926941,1.1478420495986938,0,2.0
820.0,2026-03-16 11:00:00,2026-03-16,11:00:00,1.1475785970687866,1.1488970518112183,1.147446870803833,1.1482374668121338,0,2.0
821.0,2026-03-16 12:00:00,2026-03-16,12:00:00,1.1482374668121338,1.1491611003875732,1.1475785970687866,1.1477103233337402,0,2.0
822.0,2026-03-16 13:00:00,2026-03-16,13:00:00,1.1479737758636475,1.15035080909729,1.1479737758636475,1.15035080909729,0,2.0
823.0,2026-03-16 14:00:00,2026-03-16,14:00:00,1.1502184867858887,1.150483250617981,1.1485011577606201,1.1491611003875732,0,2.0
824.0,2026-03-16 15:00:00,2026-03-16,15:00:00,1.1492931842803955,1.15035080909729,1.1485011577606201,1.1490291357040405,0,2.0
825.0,2026-03-16 16:00:00,2026-03-16,16:00:00,1.1488970518112183,1.1502184867858887,1.1481056213378906,1.1496896743774414,0,2.0
826.0,2026-03-16 17:00:00,2026-03-16,17:00:00,1.1502184867858887,1.1507480144500732,1.1494252681732178,1.1495574712753296,0,2.0
827.0,2026-03-16 18:00:00,2026-03-16,18:00:00,1.1496896743774414,1.1526048183441162,1.1496896743774414,1.1520737409591675,0,2.0
828.0,2026-03-16 19:00:00,2026-03-16,19:00:00,1.152339220046997,1.1527377367019653,1.151012897491455,1.151012897491455,0,2.0
829.0,2026-03-16 20:00:00,2026-03-16,20:00:00,1.1512778997421265,1.1512778997421265,1.1506155729293823,1.151145339012146,0,2.0
830.0,2026-03-16 21:00:00,2026-03-16,21:00:00,1.1508804559707642,1.1512778997421265,1.1506155729293823,1.1508804559707642,0,2.0
831.0,2026-03-16 22:00:00,2026-03-16,22:00:00,1.1507480144500732,1.1507480144500732,1.1502184867858887,1.1502184867858887,0,2.0
832.0,2026-03-16 23:00:00,2026-03-16,23:00:00,1.15035080909729,1.15035080909729,1.1498217582702637,1.1502184867858887,0,2.0
833.0,2026-03-17 00:00:00,2026-03-17,00:00:00,1.1499539613723755,1.1499539613723755,1.1492931842803955,1.1495574712753296,0,2.0
834.0,2026-03-17 01:00:00,2026-03-17,01:00:00,1.1495574712753296,1.1498217582702637,1.1490291357040405,1.1496896743774414,0,2.0
835.0,2026-03-17 02:00:00,2026-03-17,02:00:00,1.1495574712753296,1.1502184867858887,1.1495574712753296,1.1498217582702637,0,2.0
836.0,2026-03-17 03:00:00,2026-03-17,03:00:00,1.1496896743774414,1.150483250617981,1.1495574712753296,1.1495574712753296,0,2.0
837.0,2026-03-17 04:00:00,2026-03-17,04:00:00,1.1495574712753296,1.15035080909729,1.1492931842803955,1.1500862836837769,0,2.0
838.0,2026-03-17 05:00:00,2026-03-17,05:00:00,1.1499539613723755,1.1502184867858887,1.1482374668121338,1.148369312286377,0,2.0
839.0,2026-03-17 06:00:00,2026-03-17,06:00:00,1.1482374668121338,1.1485011577606201,1.1470520496368408,1.1485011577606201,0,2.0
840.0,2026-03-17 07:00:00,2026-03-17,07:00:00,1.1485011577606201,1.15035080909729,1.148369312286377,1.1498217582702637,0,2.0
841.0,2026-03-17 08:00:00,2026-03-17,08:00:00,1.1498217582702637,1.1519410610198975,1.1491611003875732,1.151410460472107,0,2.0
842.0,2026-03-17 09:00:00,2026-03-17,09:00:00,1.151543140411377,1.1527377367019653,1.1512778997421265,1.1519410610198975,0,2.0
843.0,2026-03-17 10:00:00,2026-03-17,10:00:00,1.151410460472107,1.1518083810806274,1.1507480144500732,1.151012897491455,0,2.0
844.0,2026-03-17 11:00:00,2026-03-17,11:00:00,1.1508804559707642,1.1522064208984375,1.1508804559707642,1.151012897491455,0,2.0
845.0,2026-03-17 12:00:00,2026-03-17,12:00:00,1.151012897491455,1.1527377367019653,1.1507480144500732,1.1527377367019653,0,2.0
846.0,2026-03-17 13:00:00,2026-03-17,13:00:00,1.1530035734176636,1.1544678211212158,1.1530035734176636,1.15340256690979,0,2.0
847.0,2026-03-17 14:00:00,2026-03-17,14:00:00,1.1531364917755127,1.154068112373352,1.1524720191955566,1.1536686420440674,0,2.0
848.0,2026-03-17 15:00:00,2026-03-17,15:00:00,1.1538017988204956,1.154068112373352,1.1524720191955566,1.1528706550598145,0,2.0
849.0,2026-03-17 16:00:00,2026-03-17,16:00:00,1.1526048183441162,1.1535356044769287,1.152339220046997,1.1531364917755127,0,2.0
850.0,2026-03-17 17:00:00,2026-03-17,17:00:00,1.1530035734176636,1.154334545135498,1.1530035734176636,1.1542012691497803,0,2.0
851.0,2026-03-17 18:00:00,2026-03-17,18:00:00,1.1544678211212158,1.1551345586776733,1.1542012691497803,1.1542012691497803,0,2.0
852.0,2026-03-17 19:00:00,2026-03-17,19:00:00,1.154334545135498,1.1544678211212158,1.1538017988204956,1.1538017988204956,0,2.0
853.0,2026-03-17 20:00:00,2026-03-17,20:00:00,1.1539349555969238,1.1544678211212158,1.1539349555969238,1.1544678211212158,0,2.0
854.0,2026-03-17 21:00:00,2026-03-17,21:00:00,1.154334545135498,1.1546010971069336,1.1536686420440674,1.154068112373352,0,2.0
855.0,2026-03-17 22:00:00,2026-03-17,22:00:00,1.1542012691497803,1.1547343730926514,1.1542012691497803,1.154334545135498,0,2.0
856.0,2026-03-17 23:00:00,2026-03-17,23:00:00,1.154334545135498,1.1544678211212158,1.1542012691497803,1.1542012691497803,0,2.0
857.0,2026-03-18 00:00:00,2026-03-18,00:00:00,1.154068112373352,1.1546010971069336,1.1536686420440674,1.1536686420440674,0,2.0
858.0,2026-03-18 01:00:00,2026-03-18,01:00:00,1.1536686420440674,1.154334545135498,1.1536686420440674,1.1536686420440674,0,2.0
859.0,2026-03-18 02:00:00,2026-03-18,02:00:00,1.1538017988204956,1.1542012691497803,1.1535356044769287,1.1536686420440674,0,2.0
860.0,2026-03-18 03:00:00,2026-03-18,03:00:00,1.1535356044769287,1.1539349555969238,1.1535356044769287,1.1539349555969238,0,2.0
861.0,2026-03-18 04:00:00,2026-03-18,04:00:00,1.154068112373352,1.1546010971069336,1.154068112373352,1.1544678211212158,0,2.0
862.0,2026-03-18 05:00:00,2026-03-18,05:00:00,1.1544678211212158,1.155001163482666,1.154334545135498,1.155001163482666,0,2.0
863.0,2026-03-18 06:00:00,2026-03-18,06:00:00,1.155001163482666,1.1552680730819702,1.154334545135498,1.1546010971069336,0,2.0
864.0,2026-03-18 07:00:00,2026-03-18,07:00:00,1.1544678211212158,1.1548677682876587,1.1527377367019653,1.1530035734176636,0,2.0
865.0,2026-03-18 08:00:00,2026-03-18,08:00:00,1.1528706550598145,1.1536686420440674,1.1522064208984375,1.1535356044769287,0,2.0
866.0,2026-03-18 09:00:00,2026-03-18,09:00:00,1.15340256690979,1.1542012691497803,1.1530035734176636,1.1542012691497803,0,2.0
867.0,2026-03-18 10:00:00,2026-03-18,10:00:00,1.1542012691497803,1.1547343730926514,1.1538017988204956,1.154334545135498,0,2.0
868.0,2026-03-18 11:00:00,2026-03-18,11:00:00,1.1544678211212158,1.1556684970855713,1.1536686420440674,1.155001163482666,0,2.0
869.0,2026-03-18 12:00:00,2026-03-18,12:00:00,1.1548677682876587,1.1551345586776733,1.1508804559707642,1.151145339012146,0,2.0
870.0,2026-03-18 13:00:00,2026-03-18,13:00:00,1.151012897491455,1.1518083810806274,1.1496896743774414,1.1518083810806274,0,2.0
871.0,2026-03-18 14:00:00,2026-03-18,14:00:00,1.1518083810806274,1.1528706550598145,1.1508804559707642,1.1520737409591675,0,2.0
872.0,2026-03-18 15:00:00,2026-03-18,15:00:00,1.1524720191955566,1.1530035734176636,1.151543140411377,1.151543140411377,0,2.0
873.0,2026-03-18 16:00:00,2026-03-18,16:00:00,1.1516757011413574,1.1524720191955566,1.151012897491455,1.151410460472107,0,2.0
874.0,2026-03-18 17:00:00,2026-03-18,17:00:00,1.151543140411377,1.1519410610198975,1.1506155729293823,1.1519410610198975,0,2.0
875.0,2026-03-18 18:00:00,2026-03-18,18:00:00,1.1527377367019653,1.1527377367019653,1.1482374668121338,1.1482374668121338,0,2.0
876.0,2026-03-18 19:00:00,2026-03-18,19:00:00,1.1481056213378906,1.1485011577606201,1.147315263748169,1.147315263748169,0,2.0
877.0,2026-03-18 20:00:00,2026-03-18,20:00:00,1.1471836566925049,1.147315263748169,1.1454753875732422,1.1454753875732422,0,2.0
878.0,2026-03-18 21:00:00,2026-03-18,21:00:00,1.145213007926941,1.1475785970687866,1.145213007926941,1.1470520496368408,0,2.0
879.0,2026-03-18 22:00:00,2026-03-18,22:00:00,1.1466574668884277,1.1467890739440918,1.1454753875732422,1.1460003852844238,0,2.0
880.0,2026-03-18 23:00:00,2026-03-18,23:00:00,1.1461317539215088,1.1469204425811768,1.1461317539215088,1.1466574668884277,0,2.0
881.0,2026-03-19 00:00:00,2026-03-19,00:00:00,1.1466574668884277,1.1478420495986938,1.1466574668884277,1.1478420495986938,0,2.0
882.0,2026-03-19 01:00:00,2026-03-19,01:00:00,1.1478420495986938,1.1486331224441528,1.1478420495986938,1.1479737758636475,0,2.0
883.0,2026-03-19 02:00:00,2026-03-19,02:00:00,1.1478420495986938,1.1492931842803955,1.1475785970687866,1.1486331224441528,0,2.0
884.0,2026-03-19 03:00:00,2026-03-19,03:00:00,1.1486331224441528,1.1486331224441528,1.1478420495986938,1.1478420495986938,0,2.0
885.0,2026-03-19 04:00:00,2026-03-19,04:00:00,1.1477103233337402,1.1478420495986938,1.1470520496368408,1.1471836566925049,0,2.0
886.0,2026-03-19 05:00:00,2026-03-19,05:00:00,1.147315263748169,1.147446870803833,1.1467890739440918,1.1469204425811768,0,2.0
887.0,2026-03-19 06:00:00,2026-03-19,06:00:00,1.1469204425811768,1.1479737758636475,1.1463946104049683,1.1467890739440918,0,2.0
888.0,2026-03-19 07:00:00,2026-03-19,07:00:00,1.1470520496368408,1.1477103233337402,1.1454753875732422,1.1456066370010376,0,2.0
889.0,2026-03-19 08:00:00,2026-03-19,08:00:00,1.145737886428833,1.1461317539215088,1.144688606262207,1.1454753875732422,0,2.0
890.0,2026-03-19 09:00:00,2026-03-19,09:00:00,1.145737886428833,1.1488970518112183,1.145737886428833,1.148369312286377,0,2.0
891.0,2026-03-19 10:00:00,2026-03-19,10:00:00,1.1479737758636475,1.1481056213378906,1.1470520496368408,1.1477103233337402,0,2.0
892.0,2026-03-19 11:00:00,2026-03-19,11:00:00,1.1477103233337402,1.148369312286377,1.1470520496368408,1.1482374668121338,0,2.0
893.0,2026-03-19 12:00:00,2026-03-19,12:00:00,1.1482374668121338,1.1492931842803955,1.1467890739440918,1.1491611003875732,0,2.0
894.0,2026-03-19 13:00:00,2026-03-19,13:00:00,1.1490291357040405,1.152339220046997,1.1475785970687866,1.1519410610198975,0,2.0
895.0,2026-03-19 14:00:00,2026-03-19,14:00:00,1.1522064208984375,1.1528706550598145,1.1506155729293823,1.1520737409591675,0,2.0
896.0,2026-03-19 15:00:00,2026-03-19,15:00:00,1.1518083810806274,1.1542012691497803,1.1502184867858887,1.1518083810806274,0,2.0
897.0,2026-03-19 16:00:00,2026-03-19,16:00:00,1.1518083810806274,1.1539349555969238,1.1518083810806274,1.1539349555969238,0,2.0
898.0,2026-03-19 17:00:00,2026-03-19,17:00:00,1.154068112373352,1.1568717956542969,1.154068112373352,1.156336784362793,0,2.0
899.0,2026-03-19 18:00:00,2026-03-19,18:00:00,1.156203031539917,1.1586142778396606,1.1555349826812744,1.1584800481796265,0,2.0
900.0,2026-03-19 19:00:00,2026-03-19,19:00:00,1.1588828563690186,1.1618449687957764,1.158077597618103,1.1590172052383423,0,2.0
901.0,2026-03-19 20:00:00,2026-03-19,20:00:00,1.1588828563690186,1.1592857837677002,1.1584800481796265,1.159151554107666,0,2.0
902.0,2026-03-19 21:00:00,2026-03-19,21:00:00,1.159151554107666,1.1599582433700562,1.1584800481796265,1.1586142778396606,0,2.0
903.0,2026-03-19 22:00:00,2026-03-19,22:00:00,1.159151554107666,1.1598236560821533,1.158077597618103,1.158077597618103,0,2.0
904.0,2026-03-19 23:00:00,2026-03-19,23:00:00,1.1584800481796265,1.1584800481796265,1.1579434871673584,1.158077597618103,0,2.0
905.0,2026-03-20 00:00:00,2026-03-20,00:00:00,1.1579434871673584,1.1582117080688477,1.1575413942337036,1.1576753854751587,0,2.0
906.0,2026-03-20 01:00:00,2026-03-20,01:00:00,1.1578094959259033,1.1579434871673584,1.156738042831421,1.1568717956542969,0,2.0
907.0,2026-03-20 02:00:00,2026-03-20,02:00:00,1.1568717956542969,1.1570056676864624,1.1566041707992554,1.156738042831421,0,2.0
908.0,2026-03-20 03:00:00,2026-03-20,03:00:00,1.1566041707992554,1.1566041707992554,1.1559356451034546,1.1560693979263306,0,2.0
909.0,2026-03-20 04:00:00,2026-03-20,04:00:00,1.1560693979263306,1.156336784362793,1.1558021306991577,1.1559356451034546,0,2.0
910.0,2026-03-20 05:00:00,2026-03-20,05:00:00,1.1559356451034546,1.156336784362793,1.1555349826812744,1.1555349826812744,0,2.0
911.0,2026-03-20 06:00:00,2026-03-20,06:00:00,1.1558021306991577,1.1568717956542969,1.1558021306991577,1.156336784362793,0,2.0
912.0,2026-03-20 07:00:00,2026-03-20,07:00:00,1.156203031539917,1.1578094959259033,1.1559356451034546,1.1576753854751587,0,2.0
913.0,2026-03-20 08:00:00,2026-03-20,08:00:00,1.1576753854751587,1.1583458185195923,1.157273530960083,1.157273530960083,0,2.0
914.0,2026-03-20 09:00:00,2026-03-20,09:00:00,1.1570056676864624,1.1575413942337036,1.1551345586776733,1.1552680730819702,0,2.0
915.0,2026-03-20 10:00:00,2026-03-20,10:00:00,1.1548677682876587,1.1564704179763794,1.1539349555969238,1.156336784362793,0,2.0
916.0,2026-03-20 11:00:00,2026-03-20,11:00:00,1.156203031539917,1.1583458185195923,1.156203031539917,1.1575413942337036,0,2.0
917.0,2026-03-20 12:00:00,2026-03-20,12:00:00,1.1575413942337036,1.1582117080688477,1.1566041707992554,1.156738042831421,0,2.0
918.0,2026-03-20 13:00:00,2026-03-20,13:00:00,1.1568717956542969,1.1568717956542969,1.1546010971069336,1.1546010971069336,0,2.0
919.0,2026-03-20 14:00:00,2026-03-20,14:00:00,1.1542012691497803,1.1546010971069336,1.1527377367019653,1.1539349555969238,0,2.0
920.0,2026-03-20 15:00:00,2026-03-20,15:00:00,1.154068112373352,1.1559356451034546,1.1539349555969238,1.1547343730926514,0,2.0
921.0,2026-03-20 16:00:00,2026-03-20,16:00:00,1.1547343730926514,1.1568717956542969,1.1547343730926514,1.156203031539917,0,2.0
922.0,2026-03-20 17:00:00,2026-03-20,17:00:00,1.156336784362793,1.157273530960083,1.1555349826812744,1.1560693979263306,0,2.0
923.0,2026-03-20 18:00:00,2026-03-20,18:00:00,1.1564704179763794,1.157273530960083,1.1551345586776733,1.155401587486267,0,2.0
924.0,2026-03-20 19:00:00,2026-03-20,19:00:00,1.1555349826812744,1.156336784362793,1.1551345586776733,1.1560693979263306,0,2.0
925.0,2026-03-20 20:00:00,2026-03-20,20:00:00,1.156336784362793,1.1575413942337036,1.156336784362793,1.1574074029922485,0,2.0
926.0,2026-03-20 21:00:00,2026-03-20,21:00:00,1.1574074029922485,1.1575413942337036,1.1574074029922485,1.1575413942337036,0,2.0
927.0,2026-03-23 00:00:00,2026-03-23,00:00:00,1.1564704179763794,1.156738042831421,1.154334545135498,1.1548677682876587,0,2.0
928.0,2026-03-23 01:00:00,2026-03-23,01:00:00,1.155001163482666,1.156336784362793,1.155001163482666,1.1556684970855713,0,2.0
929.0,2026-03-23 02:00:00,2026-03-23,02:00:00,1.1558021306991577,1.1560693979263306,1.1547343730926514,1.155001163482666,0,2.0
930.0,2026-03-23 03:00:00,2026-03-23,03:00:00,1.155001163482666,1.1552680730819702,1.1546010971069336,1.155001163482666,0,2.0
931.0,2026-03-23 04:00:00,2026-03-23,04:00:00,1.1552680730819702,1.155401587486267,1.155001163482666,1.155401587486267,0,2.0
932.0,2026-03-23 05:00:00,2026-03-23,05:00:00,1.1552680730819702,1.1555349826812744,1.1538017988204956,1.1538017988204956,0,2.0
933.0,2026-03-23 06:00:00,2026-03-23,06:00:00,1.1536686420440674,1.1536686420440674,1.1524720191955566,1.15340256690979,0,2.0
934.0,2026-03-23 07:00:00,2026-03-23,07:00:00,1.1535356044769287,1.1542012691497803,1.1527377367019653,1.1530035734176636,0,2.0
935.0,2026-03-23 08:00:00,2026-03-23,08:00:00,1.1532695293426514,1.1548677682876587,1.1531364917755127,1.15340256690979,0,2.0
936.0,2026-03-23 09:00:00,2026-03-23,09:00:00,1.1532695293426514,1.1532695293426514,1.1495574712753296,1.1498217582702637,0,2.0
937.0,2026-03-23 10:00:00,2026-03-23,10:00:00,1.1496896743774414,1.1498217582702637,1.1488970518112183,1.1488970518112183,0,2.0
938.0,2026-03-23 11:00:00,2026-03-23,11:00:00,1.1492931842803955,1.16225004196167,1.1490291357040405,1.1558021306991577,0,2.0
939.0,2026-03-23 12:00:00,2026-03-23,12:00:00,1.1558021306991577,1.161440134048462,1.1551345586776733,1.161440134048462,0,2.0
940.0,2026-03-23 13:00:00,2026-03-23,13:00:00,1.161440134048462,1.161440134048462,1.1583458185195923,1.1602274179458618,0,2.0
941.0,2026-03-23 14:00:00,2026-03-23,14:00:00,1.15968918800354,1.1642799377441406,1.15968918800354,1.1619800329208374,0,2.0
942.0,2026-03-23 15:00:00,2026-03-23,15:00:00,1.1621150970458984,1.1633317470550537,1.1587486267089844,1.1590172052383423,0,2.0
943.0,2026-03-23 16:00:00,2026-03-23,16:00:00,1.1587486267089844,1.1603620052337646,1.158077597618103,1.1594202518463135,0,2.0
944.0,2026-03-23 17:00:00,2026-03-23,17:00:00,1.15968918800354,1.161170482635498,1.1590172052383423,1.160496711730957,0,2.0
945.0,2026-03-23 18:00:00,2026-03-23,18:00:00,1.1606314182281494,1.1640088558197021,1.1598236560821533,1.163873314857483,0,2.0
946.0,2026-03-23 19:00:00,2026-03-23,19:00:00,1.1631964445114136,1.163602590560913,1.1617100238800049,1.1617100238800049,0,2.0
947.0,2026-03-23 20:00:00,2026-03-23,20:00:00,1.1615750789642334,1.1618449687957764,1.16130530834198,1.1617100238800049,0,2.0
948.0,2026-03-23 21:00:00,2026-03-23,21:00:00,1.1617100238800049,1.1626555919647217,1.161440134048462,1.1619800329208374,0,2.0
949.0,2026-03-23 22:00:00,2026-03-23,22:00:00,1.1617100238800049,1.1621150970458984,1.16130530834198,1.1618449687957764,0,2.0
950.0,2026-03-23 23:00:00,2026-03-23,23:00:00,1.1618449687957764,1.1618449687957764,1.1610356569290161,1.1610356569290161,0,2.0
951.0,2026-03-24 00:00:00,2026-03-24,00:00:00,1.1610356569290161,1.1610356569290161,1.1587486267089844,1.1592857837677002,0,2.0
952.0,2026-03-24 01:00:00,2026-03-24,01:00:00,1.1592857837677002,1.1599582433700562,1.1583458185195923,1.1588828563690186,0,2.0
953.0,2026-03-24 02:00:00,2026-03-24,02:00:00,1.1587486267089844,1.1594202518463135,1.1586142778396606,1.1588828563690186,0,2.0
954.0,2026-03-24 03:00:00,2026-03-24,03:00:00,1.1588828563690186,1.1592857837677002,1.1584800481796265,1.1586142778396606,0,2.0
955.0,2026-03-24 04:00:00,2026-03-24,04:00:00,1.1586142778396606,1.1586142778396606,1.1579434871673584,1.1583458185195923,0,2.0
956.0,2026-03-24 05:00:00,2026-03-24,05:00:00,1.1583458185195923,1.159151554107666,1.1579434871673584,1.1586142778396606,0,2.0
957.0,2026-03-24 06:00:00,2026-03-24,06:00:00,1.1584800481796265,1.1595547199249268,1.1583458185195923,1.1595547199249268,0,2.0
958.0,2026-03-24 07:00:00,2026-03-24,07:00:00,1.15968918800354,1.1618449687957764,1.1595547199249268,1.161170482635498,0,2.0
959.0,2026-03-24 08:00:00,2026-03-24,08:00:00,1.161170482635498,1.161170482635498,1.1587486267089844,1.159151554107666,0,2.0
960.0,2026-03-24 09:00:00,2026-03-24,09:00:00,1.159151554107666,1.1599582433700562,1.1583458185195923,1.1598236560821533,0,2.0
961.0,2026-03-24 10:00:00,2026-03-24,10:00:00,1.1598236560821533,1.1598236560821533,1.1587486267089844,1.1595547199249268,0,2.0
962.0,2026-03-24 11:00:00,2026-03-24,11:00:00,1.1595547199249268,1.1602274179458618,1.1584800481796265,1.1592857837677002,0,2.0
963.0,2026-03-24 12:00:00,2026-03-24,12:00:00,1.1594202518463135,1.1598236560821533,1.1584800481796265,1.1587486267089844,0,2.0
964.0,2026-03-24 13:00:00,2026-03-24,13:00:00,1.1587486267089844,1.1592857837677002,1.157273530960083,1.158077597618103,0,2.0
965.0,2026-03-24 14:00:00,2026-03-24,14:00:00,1.1584800481796265,1.1606314182281494,1.1582117080688477,1.159151554107666,0,2.0
966.0,2026-03-24 15:00:00,2026-03-24,15:00:00,1.1595547199249268,1.1599582433700562,1.158077597618103,1.158077597618103,0,2.0
967.0,2026-03-24 16:00:00,2026-03-24,16:00:00,1.158077597618103,1.1594202518463135,1.1579434871673584,1.1586142778396606,0,2.0
968.0,2026-03-24 17:00:00,2026-03-24,17:00:00,1.1586142778396606,1.1586142778396606,1.156336784362793,1.1579434871673584,0,2.0
969.0,2026-03-24 18:00:00,2026-03-24,18:00:00,1.158077597618103,1.1595547199249268,1.157139539718628,1.1586142778396606,0,2.0
970.0,2026-03-24 19:00:00,2026-03-24,19:00:00,1.1588828563690186,1.1595547199249268,1.1587486267089844,1.1590172052383423,0,2.0
971.0,2026-03-24 20:00:00,2026-03-24,20:00:00,1.1588828563690186,1.163061261177063,1.1586142778396606,1.161170482635498,0,2.0
972.0,2026-03-24 21:00:00,2026-03-24,21:00:00,1.161440134048462,1.1615750789642334,1.160496711730957,1.1615750789642334,0,2.0
973.0,2026-03-24 22:00:00,2026-03-24,22:00:00,1.1617100238800049,1.16225004196167,1.1609008312225342,1.1618449687957764,0,2.0
974.0,2026-03-24 23:00:00,2026-03-24,23:00:00,1.1617100238800049,1.1621150970458984,1.16130530834198,1.1617100238800049,0,2.0
975.0,2026-03-25 00:00:00,2026-03-25,00:00:00,1.1618449687957764,1.1633317470550537,1.1618449687957764,1.1626555919647217,0,2.0
976.0,2026-03-25 01:00:00,2026-03-25,01:00:00,1.162520408630371,1.1626555919647217,1.1615750789642334,1.1615750789642334,0,2.0
977.0,2026-03-25 02:00:00,2026-03-25,02:00:00,1.161440134048462,1.161440134048462,1.160496711730957,1.1607661247253418,0,2.0
978.0,2026-03-25 03:00:00,2026-03-25,03:00:00,1.1607661247253418,1.1609008312225342,1.160496711730957,1.1606314182281494,0,2.0
979.0,2026-03-25 04:00:00,2026-03-25,04:00:00,1.1606314182281494,1.1607661247253418,1.160092830657959,1.160092830657959,0,2.0
980.0,2026-03-25 05:00:00,2026-03-25,05:00:00,1.1599582433700562,1.160092830657959,1.1592857837677002,1.1595547199249268,0,2.0
981.0,2026-03-25 06:00:00,2026-03-25,06:00:00,1.1595547199249268,1.1603620052337646,1.159151554107666,1.1599582433700562,0,2.0
982.0,2026-03-25 07:00:00,2026-03-25,07:00:00,1.1602274179458618,1.1607661247253418,1.159151554107666,1.160092830657959,0,2.0
983.0,2026-03-25 08:00:00,2026-03-25,08:00:00,1.15968918800354,1.1618449687957764,1.1595547199249268,1.1606314182281494,0,2.0
984.0,2026-03-25 09:00:00,2026-03-25,09:00:00,1.1606314182281494,1.161170482635498,1.1595547199249268,1.1603620052337646,0,2.0
985.0,2026-03-25 10:00:00,2026-03-25,10:00:00,1.1606314182281494,1.1607661247253418,1.1599582433700562,1.1607661247253418,0,2.0
986.0,2026-03-25 11:00:00,2026-03-25,11:00:00,1.1609008312225342,1.161440134048462,1.1599582433700562,1.1609008312225342,0,2.0
987.0,2026-03-25 12:00:00,2026-03-25,12:00:00,1.161170482635498,1.1615750789642334,1.1590172052383423,1.1594202518463135,0,2.0
988.0,2026-03-25 13:00:00,2026-03-25,13:00:00,1.1598236560821533,1.160092830657959,1.1576753854751587,1.1576753854751587,0,2.0
989.0,2026-03-25 14:00:00,2026-03-25,14:00:00,1.157273530960083,1.1590172052383423,1.1570056676864624,1.1588828563690186,0,2.0
990.0,2026-03-25 15:00:00,2026-03-25,15:00:00,1.159151554107666,1.159151554107666,1.156738042831421,1.1574074029922485,0,2.0
991.0,2026-03-25 16:00:00,2026-03-25,16:00:00,1.1574074029922485,1.1579434871673584,1.1559356451034546,1.157139539718628,0,2.0
992.0,2026-03-25 17:00:00,2026-03-25,17:00:00,1.157139539718628,1.1584800481796265,1.1570056676864624,1.1582117080688477,0,2.0
993.0,2026-03-25 18:00:00,2026-03-25,18:00:00,1.1582117080688477,1.1583458185195923,1.1564704179763794,1.1570056676864624,0,2.0
994.0,2026-03-25 19:00:00,2026-03-25,19:00:00,1.156738042831421,1.1570056676864624,1.156336784362793,1.1566041707992554,0,2.0
995.0,2026-03-25 20:00:00,2026-03-25,20:00:00,1.1564704179763794,1.1564704179763794,1.1559356451034546,1.156203031539917,0,2.0
996.0,2026-03-25 21:00:00,2026-03-25,21:00:00,1.156203031539917,1.156738042831421,1.1560693979263306,1.156203031539917,0,2.0
997.0,2026-03-25 22:00:00,2026-03-25,22:00:00,1.156203031539917,1.1566041707992554,1.1559356451034546,1.156336784362793,0,2.0
998.0,2026-03-25 23:00:00,2026-03-25,23:00:00,1.1564704179763794,1.1564704179763794,1.156203031539917,1.1564704179763794,0,2.0
999.0,2026-03-26 00:00:00,2026-03-26,00:00:00,1.1566041707992554,1.156738042831421,1.1558021306991577,1.156203031539917,0,2.0
1000.0,2026-03-26 01:00:00,2026-03-26,01:00:00,1.1564704179763794,1.1570056676864624,1.1564704179763794,1.156738042831421,0,2.0
1001.0,2026-03-26 02:00:00,2026-03-26,02:00:00,1.156738042831421,1.1568717956542969,1.1559356451034546,1.156203031539917,0,2.0
1002.0,2026-03-26 03:00:00,2026-03-26,03:00:00,1.1560693979263306,1.157273530960083,1.1560693979263306,1.157139539718628,0,2.0
1003.0,2026-03-26 04:00:00,2026-03-26,04:00:00,1.157139539718628,1.1575413942337036,1.1570056676864624,1.157273530960083,0,2.0
1004.0,2026-03-26 05:00:00,2026-03-26,05:00:00,1.157139539718628,1.157273530960083,1.156203031539917,1.156203031539917,0,2.0
1005.0,2026-03-26 06:00:00,2026-03-26,06:00:00,1.156203031539917,1.1570056676864624,1.1556684970855713,1.1570056676864624,0,2.0
1006.0,2026-03-26 07:00:00,2026-03-26,07:00:00,1.1566041707992554,1.1566041707992554,1.1555349826812744,1.1556684970855713,0,2.0
1007.0,2026-03-26 08:00:00,2026-03-26,08:00:00,1.155401587486267,1.156336784362793,1.1551345586776733,1.156336784362793,0,2.0
1008.0,2026-03-26 09:00:00,2026-03-26,09:00:00,1.156203031539917,1.156738042831421,1.1556684970855713,1.156336784362793,0,2.0
1009.0,2026-03-26 10:00:00,2026-03-26,10:00:00,1.156203031539917,1.156738042831421,1.1558021306991577,1.1560693979263306,0,2.0
1010.0,2026-03-26 11:00:00,2026-03-26,11:00:00,1.156203031539917,1.156203031539917,1.1527377367019653,1.1527377367019653,0,2.0
1011.0,2026-03-26 12:00:00,2026-03-26,12:00:00,1.1528706550598145,1.1538017988204956,1.1527377367019653,1.1538017988204956,0,2.0
1012.0,2026-03-26 13:00:00,2026-03-26,13:00:00,1.1539349555969238,1.155401587486267,1.1539349555969238,1.1546010971069336,0,2.0
1013.0,2026-03-26 14:00:00,2026-03-26,14:00:00,1.1546010971069336,1.1558021306991577,1.154068112373352,1.155001163482666,0,2.0
1014.0,2026-03-26 15:00:00,2026-03-26,15:00:00,1.1552680730819702,1.155401587486267,1.1535356044769287,1.1544678211212158,0,2.0
1015.0,2026-03-26 16:00:00,2026-03-26,16:00:00,1.1544678211212158,1.1546010971069336,1.1535356044769287,1.1539349555969238,0,2.0
1016.0,2026-03-26 17:00:00,2026-03-26,17:00:00,1.1539349555969238,1.1539349555969238,1.1528706550598145,1.1528706550598145,0,2.0
1017.0,2026-03-26 18:00:00,2026-03-26,18:00:00,1.1528706550598145,1.1536686420440674,1.1528706550598145,1.1536686420440674,0,2.0
1018.0,2026-03-26 19:00:00,2026-03-26,19:00:00,1.1536686420440674,1.1536686420440674,1.1524720191955566,1.1524720191955566,0,2.0
1019.0,2026-03-26 20:00:00,2026-03-26,20:00:00,1.1524720191955566,1.1560693979263306,1.152339220046997,1.1528706550598145,0,2.0
1020.0,2026-03-26 21:00:00,2026-03-26,21:00:00,1.1530035734176636,1.1542012691497803,1.1528706550598145,1.1538017988204956,0,2.0
1021.0,2026-03-26 22:00:00,2026-03-26,22:00:00,1.1538017988204956,1.154334545135498,1.1536686420440674,1.1542012691497803,0,2.0
1022.0,2026-03-26 23:00:00,2026-03-26,23:00:00,1.1542012691497803,1.154334545135498,1.1536686420440674,1.1536686420440674,0,2.0
1023.0,2026-03-27 00:00:00,2026-03-27,00:00:00,1.1538017988204956,1.1542012691497803,1.1527377367019653,1.15340256690979,0,2.0
1024.0,2026-03-27 01:00:00,2026-03-27,01:00:00,1.1535356044769287,1.154334545135498,1.15340256690979,1.154334545135498,0,2.0
1025.0,2026-03-27 02:00:00,2026-03-27,02:00:00,1.1544678211212158,1.1544678211212158,1.154068112373352,1.1542012691497803,0,2.0
1026.0,2026-03-27 03:00:00,2026-03-27,03:00:00,1.154334545135498,1.154334545135498,1.1536686420440674,1.1542012691497803,0,2.0
1027.0,2026-03-27 04:00:00,2026-03-27,04:00:00,1.1542012691497803,1.1546010971069336,1.154068112373352,1.1546010971069336,0,2.0
1028.0,2026-03-27 05:00:00,2026-03-27,05:00:00,1.1544678211212158,1.1548677682876587,1.154068112373352,1.154334545135498,0,2.0
1029.0,2026-03-27 06:00:00,2026-03-27,06:00:00,1.1544678211212158,1.1547343730926514,1.1538017988204956,1.1538017988204956,0,2.0
1030.0,2026-03-27 07:00:00,2026-03-27,07:00:00,1.1536686420440674,1.1538017988204956,1.1520737409591675,1.1522064208984375,0,2.0
1031.0,2026-03-27 08:00:00,2026-03-27,08:00:00,1.1522064208984375,1.1527377367019653,1.1520737409591675,1.1524720191955566,0,2.0
1032.0,2026-03-27 09:00:00,2026-03-27,09:00:00,1.1524720191955566,1.1530035734176636,1.1518083810806274,1.1522064208984375,0,2.0
1033.0,2026-03-27 10:00:00,2026-03-27,10:00:00,1.152339220046997,1.1528706550598145,1.151410460472107,1.151410460472107,0,2.0
1034.0,2026-03-27 11:00:00,2026-03-27,11:00:00,1.151410460472107,1.1516757011413574,1.1508804559707642,1.151145339012146,0,2.0
1035.0,2026-03-27 12:00:00,2026-03-27,12:00:00,1.151012897491455,1.1520737409591675,1.150483250617981,1.1519410610198975,0,2.0
1036.0,2026-03-27 13:00:00,2026-03-27,13:00:00,1.1519410610198975,1.1535356044769287,1.1518083810806274,1.1527377367019653,0,2.0
1037.0,2026-03-27 14:00:00,2026-03-27,14:00:00,1.1530035734176636,1.1538017988204956,1.1530035734176636,1.1532695293426514,0,2.0
1038.0,2026-03-27 15:00:00,2026-03-27,15:00:00,1.1532695293426514,1.155001163482666,1.1522064208984375,1.1524720191955566,0,2.0
1039.0,2026-03-27 16:00:00,2026-03-27,16:00:00,1.152339220046997,1.1528706550598145,1.1518083810806274,1.152339220046997,0,2.0
1040.0,2026-03-27 17:00:00,2026-03-27,17:00:00,1.1520737409591675,1.152339220046997,1.151012897491455,1.151543140411377,0,2.0
1041.0,2026-03-27 18:00:00,2026-03-27,18:00:00,1.1516757011413574,1.1519410610198975,1.151145339012146,1.1516757011413574,0,2.0
1042.0,2026-03-27 19:00:00,2026-03-27,19:00:00,1.1516757011413574,1.1520737409591675,1.151410460472107,1.1520737409591675,0,2.0
1043.0,2026-03-27 20:00:00,2026-03-27,20:00:00,1.1519410610198975,1.1522064208984375,1.151145339012146,1.151145339012146,0,2.0
1044.0,2026-03-27 21:00:00,2026-03-27,21:00:00,1.151012897491455,1.151012897491455,1.151012897491455,1.151012897491455,0,2.0
1045.0,2026-03-29 23:00:00,2026-03-29,23:00:00,1.1491611003875732,1.1496896743774414,1.1491611003875732,1.1494252681732178,0,2.0
1046.0,2026-03-30 00:00:00,2026-03-30,00:00:00,1.1495574712753296,1.151543140411377,1.1494252681732178,1.151012897491455,0,2.0
1047.0,2026-03-30 01:00:00,2026-03-30,01:00:00,1.151145339012146,1.151410460472107,1.1507480144500732,1.1507480144500732,0,2.0
1048.0,2026-03-30 02:00:00,2026-03-30,02:00:00,1.1507480144500732,1.1518083810806274,1.150483250617981,1.151410460472107,0,2.0
1049.0,2026-03-30 03:00:00,2026-03-30,03:00:00,1.151410460472107,1.1522064208984375,1.151410460472107,1.1519410610198975,0,2.0
1050.0,2026-03-30 04:00:00,2026-03-30,04:00:00,1.1519410610198975,1.1524720191955566,1.1516757011413574,1.1516757011413574,0,2.0
1051.0,2026-03-30 05:00:00,2026-03-30,05:00:00,1.1516757011413574,1.1520737409591675,1.1512778997421265,1.1519410610198975,0,2.0
1052.0,2026-03-30 06:00:00,2026-03-30,06:00:00,1.1518083810806274,1.152339220046997,1.151543140411377,1.151543140411377,0,2.0
1053.0,2026-03-30 07:00:00,2026-03-30,07:00:00,1.151543140411377,1.151543140411377,1.1498217582702637,1.1500862836837769,0,2.0
1054.0,2026-03-30 08:00:00,2026-03-30,08:00:00,1.1500862836837769,1.1502184867858887,1.1494252681732178,1.1499539613723755,0,2.0
1055.0,2026-03-30 09:00:00,2026-03-30,09:00:00,1.1498217582702637,1.1500862836837769,1.1488970518112183,1.1499539613723755,0,2.0
1056.0,2026-03-30 10:00:00,2026-03-30,10:00:00,1.1496896743774414,1.1500862836837769,1.1492931842803955,1.1492931842803955,0,2.0
1057.0,2026-03-30 11:00:00,2026-03-30,11:00:00,1.1492931842803955,1.1499539613723755,1.1488970518112183,1.1488970518112183,0,2.0
1058.0,2026-03-30 12:00:00,2026-03-30,12:00:00,1.1487650871276855,1.1488970518112183,1.1475785970687866,1.1486331224441528,0,2.0
1059.0,2026-03-30 13:00:00,2026-03-30,13:00:00,1.1487650871276855,1.1490291357040405,1.1465259790420532,1.1466574668884277,0,2.0
1060.0,2026-03-30 14:00:00,2026-03-30,14:00:00,1.1469204425811768,1.1471836566925049,1.1458691358566284,1.1467890739440918,0,2.0
1061.0,2026-03-30 15:00:00,2026-03-30,15:00:00,1.1467890739440918,1.1469204425811768,1.144819736480713,1.145737886428833,0,2.0
1062.0,2026-03-30 16:00:00,2026-03-30,16:00:00,1.145737886428833,1.1462632417678833,1.145213007926941,1.1461317539215088,0,2.0
1063.0,2026-03-30 17:00:00,2026-03-30,17:00:00,1.1463946104049683,1.1466574668884277,1.1458691358566284,1.1460003852844238,0,2.0
1064.0,2026-03-30 18:00:00,2026-03-30,18:00:00,1.1460003852844238,1.1469204425811768,1.1460003852844238,1.1465259790420532,0,2.0
1065.0,2026-03-30 19:00:00,2026-03-30,19:00:00,1.1463946104049683,1.1465259790420532,1.1458691358566284,1.1461317539215088,0,2.0
1066.0,2026-03-30 20:00:00,2026-03-30,20:00:00,1.1462632417678833,1.1465259790420532,1.1460003852844238,1.1465259790420532,0,2.0
1067.0,2026-03-30 21:00:00,2026-03-30,21:00:00,1.1461317539215088,1.1471836566925049,1.1458691358566284,1.1466574668884277,0,2.0
1068.0,2026-03-30 22:00:00,2026-03-30,22:00:00,1.1463946104049683,1.1469204425811768,1.1463946104049683,1.1463946104049683,0,2.0
1069.0,2026-03-30 23:00:00,2026-03-30,23:00:00,1.1461317539215088,1.1461317539215088,1.1456066370010376,1.1458691358566284,0,2.0
1070.0,2026-03-31 00:00:00,2026-03-31,00:00:00,1.1460003852844238,1.1479737758636475,1.145213007926941,1.1479737758636475,0,2.0
1071.0,2026-03-31 01:00:00,2026-03-31,01:00:00,1.1478420495986938,1.1492931842803955,1.1477103233337402,1.1479737758636475,0,2.0
1072.0,2026-03-31 02:00:00,2026-03-31,02:00:00,1.1478420495986938,1.1482374668121338,1.1477103233337402,1.1479737758636475,0,2.0
1073.0,2026-03-31 03:00:00,2026-03-31,03:00:00,1.1479737758636475,1.1479737758636475,1.1470520496368408,1.147315263748169,0,2.0
1074.0,2026-03-31 04:00:00,2026-03-31,04:00:00,1.147315263748169,1.1475785970687866,1.147315263748169,1.147315263748169,0,2.0
1075.0,2026-03-31 05:00:00,2026-03-31,05:00:00,1.147315263748169,1.147446870803833,1.1466574668884277,1.1466574668884277,0,2.0
1076.0,2026-03-31 06:00:00,2026-03-31,06:00:00,1.1467890739440918,1.1477103233337402,1.1463946104049683,1.1475785970687866,0,2.0
1077.0,2026-03-31 07:00:00,2026-03-31,07:00:00,1.147446870803833,1.1475785970687866,1.1467890739440918,1.1475785970687866,0,2.0
1078.0,2026-03-31 08:00:00,2026-03-31,08:00:00,1.1475785970687866,1.1478420495986938,1.1467890739440918,1.1471836566925049,0,2.0
1079.0,2026-03-31 09:00:00,2026-03-31,09:00:00,1.1470520496368408,1.1475785970687866,1.1465259790420532,1.1470520496368408,0,2.0
1080.0,2026-03-31 10:00:00,2026-03-31,10:00:00,1.1471836566925049,1.147315263748169,1.1461317539215088,1.1462632417678833,0,2.0
1081.0,2026-03-31 11:00:00,2026-03-31,11:00:00,1.1462632417678833,1.1494252681732178,1.1461317539215088,1.1491611003875732,0,2.0
1082.0,2026-03-31 12:00:00,2026-03-31,12:00:00,1.1495574712753296,1.1512778997421265,1.1492931842803955,1.1507480144500732,0,2.0
1083.0,2026-03-31 13:00:00,2026-03-31,13:00:00,1.1507480144500732,1.1535356044769287,1.150483250617981,1.15340256690979,0,2.0
1084.0,2026-03-31 14:00:00,2026-03-31,14:00:00,1.1536686420440674,1.1542012691497803,1.151543140411377,1.1524720191955566,0,2.0
1085.0,2026-03-31 15:00:00,2026-03-31,15:00:00,1.1524720191955566,1.1536686420440674,1.151543140411377,1.1519410610198975,0,2.0
1086.0,2026-03-31 16:00:00,2026-03-31,16:00:00,1.1519410610198975,1.1560693979263306,1.1518083810806274,1.154334545135498,0,2.0
1087.0,2026-03-31 17:00:00,2026-03-31,17:00:00,1.1546010971069336,1.1558021306991577,1.1546010971069336,1.1546010971069336,0,2.0
1088.0,2026-03-31 18:00:00,2026-03-31,18:00:00,1.154334545135498,1.1552680730819702,1.154334545135498,1.155001163482666,0,2.0
1089.0,2026-03-31 19:00:00,2026-03-31,19:00:00,1.1547343730926514,1.156336784362793,1.154334545135498,1.156336784362793,0,2.0
1090.0,2026-03-31 20:00:00,2026-03-31,20:00:00,1.156336784362793,1.1566041707992554,1.1556684970855713,1.1556684970855713,0,2.0
1091.0,2026-03-31 21:00:00,2026-03-31,21:00:00,1.1558021306991577,1.1560693979263306,1.155001163482666,1.1558021306991577,0,2.0
1092.0,2026-03-31 22:00:00,2026-03-31,22:00:00,1.1560693979263306,1.156336784362793,1.1556684970855713,1.156203031539917,0,2.0
1093.0,2026-03-31 23:00:00,2026-03-31,23:00:00,1.156203031539917,1.1576753854751587,1.1560693979263306,1.1576753854751587,0,2.0
1094.0,2026-04-01 00:00:00,2026-04-01,00:00:00,1.1576753854751587,1.1582117080688477,1.157273530960083,1.1578094959259033,0,2.0
1095.0,2026-04-01 01:00:00,2026-04-01,01:00:00,1.1576753854751587,1.1576753854751587,1.1559356451034546,1.1564704179763794,0,2.0
1096.0,2026-04-01 02:00:00,2026-04-01,02:00:00,1.1566041707992554,1.1574074029922485,1.1564704179763794,1.157273530960083,0,2.0
1097.0,2026-04-01 03:00:00,2026-04-01,03:00:00,1.157139539718628,1.157139539718628,1.156336784362793,1.1564704179763794,0,2.0
1098.0,2026-04-01 04:00:00,2026-04-01,04:00:00,1.156336784362793,1.1570056676864624,1.156336784362793,1.1568717956542969,0,2.0
1099.0,2026-04-01 05:00:00,2026-04-01,05:00:00,1.1568717956542969,1.1579434871673584,1.1568717956542969,1.1574074029922485,0,2.0
1100.0,2026-04-01 06:00:00,2026-04-01,06:00:00,1.157273530960083,1.1595547199249268,1.1566041707992554,1.1594202518463135,0,2.0
1101.0,2026-04-01 07:00:00,2026-04-01,07:00:00,1.1595547199249268,1.160092830657959,1.1582117080688477,1.1586142778396606,0,2.0
1102.0,2026-04-01 08:00:00,2026-04-01,08:00:00,1.1584800481796265,1.161440134048462,1.158077597618103,1.160092830657959,0,2.0
1103.0,2026-04-01 09:00:00,2026-04-01,09:00:00,1.1599582433700562,1.160496711730957,1.1584800481796265,1.1598236560821533,0,2.0
1104.0,2026-04-01 10:00:00,2026-04-01,10:00:00,1.1598236560821533,1.1607661247253418,1.15968918800354,1.1603620052337646,0,2.0
1105.0,2026-04-01 11:00:00,2026-04-01,11:00:00,1.1602274179458618,1.16130530834198,1.1602274179458618,1.1610356569290161,0,2.0
1106.0,2026-04-01 12:00:00,2026-04-01,12:00:00,1.161170482635498,1.1619800329208374,1.1598236560821533,1.1606314182281494,0,2.0
1107.0,2026-04-01 13:00:00,2026-04-01,13:00:00,1.1607661247253418,1.1626555919647217,1.1603620052337646,1.161440134048462,0,2.0
1108.0,2026-04-01 14:00:00,2026-04-01,14:00:00,1.1610356569290161,1.163061261177063,1.1609008312225342,1.1627906560897827,0,2.0
1109.0,2026-04-01 15:00:00,2026-04-01,15:00:00,1.1626555919647217,1.1629259586334229,1.1609008312225342,1.1617100238800049,0,2.0
1110.0,2026-04-01 16:00:00,2026-04-01,16:00:00,1.1617100238800049,1.16225004196167,1.1607661247253418,1.16225004196167,0,2.0
1111.0,2026-04-01 17:00:00,2026-04-01,17:00:00,1.16225004196167,1.162520408630371,1.1598236560821533,1.1598236560821533,0,2.0
1112.0,2026-04-01 18:00:00,2026-04-01,18:00:00,1.15968918800354,1.15968918800354,1.1582117080688477,1.1584800481796265,0,2.0
1113.0,2026-04-01 19:00:00,2026-04-01,19:00:00,1.158077597618103,1.1590172052383423,1.158077597618103,1.1588828563690186,0,2.0
1114.0,2026-04-01 20:00:00,2026-04-01,20:00:00,1.1588828563690186,1.1595547199249268,1.1586142778396606,1.1595547199249268,0,2.0
1115.0,2026-04-01 21:00:00,2026-04-01,21:00:00,1.159151554107666,1.1598236560821533,1.1584800481796265,1.1594202518463135,0,2.0
1116.0,2026-04-01 22:00:00,2026-04-01,22:00:00,1.1594202518463135,1.15968918800354,1.159151554107666,1.1594202518463135,0,2.0
1117.0,2026-04-01 23:00:00,2026-04-01,23:00:00,1.1595547199249268,1.1598236560821533,1.1592857837677002,1.1592857837677002,0,2.0
1118.0,2026-04-02 00:00:00,2026-04-02,00:00:00,1.1592857837677002,1.160092830657959,1.1590172052383423,1.160092830657959,0,2.0
1119.0,2026-04-02 01:00:00,2026-04-02,01:00:00,1.1599582433700562,1.1606314182281494,1.155001163482666,1.1555349826812744,0,2.0
1120.0,2026-04-02 02:00:00,2026-04-02,02:00:00,1.1555349826812744,1.156336784362793,1.1547343730926514,1.1551345586776733,0,2.0
1121.0,2026-04-02 03:00:00,2026-04-02,03:00:00,1.1548677682876587,1.1552680730819702,1.1542012691497803,1.154334545135498,0,2.0
1122.0,2026-04-02 04:00:00,2026-04-02,04:00:00,1.154334545135498,1.1544678211212158,1.1536686420440674,1.1539349555969238,0,2.0
1123.0,2026-04-02 05:00:00,2026-04-02,05:00:00,1.1542012691497803,1.1542012691497803,1.1528706550598145,1.1528706550598145,0,2.0
1124.0,2026-04-02 06:00:00,2026-04-02,06:00:00,1.1532695293426514,1.1539349555969238,1.1519410610198975,1.1539349555969238,0,2.0
1125.0,2026-04-02 07:00:00,2026-04-02,07:00:00,1.1538017988204956,1.1539349555969238,1.1522064208984375,1.1536686420440674,0,2.0
1126.0,2026-04-02 08:00:00,2026-04-02,08:00:00,1.1536686420440674,1.1538017988204956,1.1527377367019653,1.1528706550598145,0,2.0
1127.0,2026-04-02 09:00:00,2026-04-02,09:00:00,1.1528706550598145,1.15340256690979,1.1526048183441162,1.1527377367019653,0,2.0
1128.0,2026-04-02 10:00:00,2026-04-02,10:00:00,1.1528706550598145,1.1528706550598145,1.151543140411377,1.151543140411377,0,2.0
1129.0,2026-04-02 11:00:00,2026-04-02,11:00:00,1.1516757011413574,1.1522064208984375,1.1512778997421265,1.1522064208984375,0,2.0
1130.0,2026-04-02 12:00:00,2026-04-02,12:00:00,1.1522064208984375,1.15340256690979,1.1522064208984375,1.1527377367019653,0,2.0
1131.0,2026-04-02 13:00:00,2026-04-02,13:00:00,1.1527377367019653,1.15340256690979,1.152339220046997,1.15340256690979,0,2.0
1132.0,2026-04-02 14:00:00,2026-04-02,14:00:00,1.1532695293426514,1.1558021306991577,1.1531364917755127,1.1555349826812744,0,2.0
1133.0,2026-04-02 15:00:00,2026-04-02,15:00:00,1.1556684970855713,1.1560693979263306,1.1547343730926514,1.1548677682876587,0,2.0
1134.0,2026-04-02 16:00:00,2026-04-02,16:00:00,1.1548677682876587,1.155001163482666,1.154334545135498,1.1546010971069336,0,2.0
1135.0,2026-04-02 17:00:00,2026-04-02,17:00:00,1.154334545135498,1.1551345586776733,1.154068112373352,1.154068112373352,0,2.0
1136.0,2026-04-02 18:00:00,2026-04-02,18:00:00,1.1542012691497803,1.1542012691497803,1.1536686420440674,1.1542012691497803,0,2.0
1137.0,2026-04-02 19:00:00,2026-04-02,19:00:00,1.154068112373352,1.1544678211212158,1.1538017988204956,1.1538017988204956,0,2.0
1138.0,2026-04-02 20:00:00,2026-04-02,20:00:00,1.1536686420440674,1.154334545135498,1.1536686420440674,1.1542012691497803,0,2.0
1139.0,2026-04-02 21:00:00,2026-04-02,21:00:00,1.154334545135498,1.1546010971069336,1.1536686420440674,1.1546010971069336,0,2.0
1140.0,2026-04-02 22:00:00,2026-04-02,22:00:00,1.1547343730926514,1.1547343730926514,1.1542012691497803,1.154334545135498,0,2.0
1141.0,2026-04-02 23:00:00,2026-04-02,23:00:00,1.154334545135498,1.1546010971069336,1.154334545135498,1.1544678211212158,0,2.0
1142.0,2026-04-03 00:00:00,2026-04-03,00:00:00,1.1544678211212158,1.1547343730926514,1.1542012691497803,1.1542012691497803,0,2.0
1143.0,2026-04-03 01:00:00,2026-04-03,01:00:00,1.1542012691497803,1.154334545135498,1.1538017988204956,1.1538017988204956,0,2.0
1144.0,2026-04-03 02:00:00,2026-04-03,02:00:00,1.1538017988204956,1.1542012691497803,1.1535356044769287,1.1539349555969238,0,2.0
1145.0,2026-04-03 03:00:00,2026-04-03,03:00:00,1.1539349555969238,1.154068112373352,1.1538017988204956,1.1539349555969238,0,2.0
1146.0,2026-04-03 04:00:00,2026-04-03,04:00:00,1.1539349555969238,1.1539349555969238,1.1538017988204956,1.1538017988204956,0,2.0
1147.0,2026-04-03 05:00:00,2026-04-03,05:00:00,1.1538017988204956,1.1542012691497803,1.1532695293426514,1.1542012691497803,0,2.0
1148.0,2026-04-03 06:00:00,2026-04-03,06:00:00,1.154068112373352,1.154334545135498,1.1538017988204956,1.154334545135498,0,2.0
1149.0,2026-04-03 07:00:00,2026-04-03,07:00:00,1.154334545135498,1.155001163482666,1.154334545135498,1.1546010971069336,0,2.0
1150.0,2026-04-03 08:00:00,2026-04-03,08:00:00,1.1546010971069336,1.1548677682876587,1.154334545135498,1.1546010971069336,0,2.0
1151.0,2026-04-03 09:00:00,2026-04-03,09:00:00,1.1547343730926514,1.1548677682876587,1.1544678211212158,1.1546010971069336,0,2.0
1152.0,2026-04-03 10:00:00,2026-04-03,10:00:00,1.1547343730926514,1.1551345586776733,1.1546010971069336,1.1548677682876587,0,2.0
1153.0,2026-04-03 11:00:00,2026-04-03,11:00:00,1.1548677682876587,1.155001163482666,1.1544678211212158,1.1547343730926514,0,2.0
1154.0,2026-04-03 12:00:00,2026-04-03,12:00:00,1.1548677682876587,1.1548677682876587,1.1526048183441162,1.15340256690979,0,2.0
1155.0,2026-04-03 13:00:00,2026-04-03,13:00:00,1.1532695293426514,1.1542012691497803,1.1531364917755127,1.1539349555969238,0,2.0
1156.0,2026-04-03 14:00:00,2026-04-03,14:00:00,1.1539349555969238,1.1539349555969238,1.1524720191955566,1.1524720191955566,0,2.0
1157.0,2026-04-03 15:00:00,2026-04-03,15:00:00,1.1524720191955566,1.1531364917755127,1.1524720191955566,1.1524720191955566,0,2.0
1158.0,2026-04-03 16:00:00,2026-04-03,16:00:00,1.1524720191955566,1.1524720191955566,1.1520737409591675,1.152339220046997,0,2.0
1159.0,2026-04-03 17:00:00,2026-04-03,17:00:00,1.1522064208984375,1.1524720191955566,1.1520737409591675,1.1522064208984375,0,2.0
1160.0,2026-04-03 18:00:00,2026-04-03,18:00:00,1.152339220046997,1.152339220046997,1.1516757011413574,1.1518083810806274,0,2.0
1161.0,2026-04-03 19:00:00,2026-04-03,19:00:00,1.1518083810806274,1.1520737409591675,1.1518083810806274,1.1519410610198975,0,2.0
1162.0,2026-04-03 20:00:00,2026-04-03,20:00:00,1.1519410610198975,1.1532695293426514,1.1518083810806274,1.1522064208984375,0,2.0
1163.0,2026-04-03 21:00:00,2026-04-03,21:00:00,1.152339220046997,1.152339220046997,1.1522064208984375,1.1522064208984375,0,2.0
1164.0,2026-04-05 23:00:00,2026-04-05,23:00:00,1.1518083810806274,1.1519410610198975,1.1512778997421265,1.1512778997421265,0,2.0
1165.0,2026-04-06 00:00:00,2026-04-06,00:00:00,1.151410460472107,1.1522064208984375,1.151410460472107,1.151543140411377,0,2.0
1166.0,2026-04-06 01:00:00,2026-04-06,01:00:00,1.151543140411377,1.1516757011413574,1.151012897491455,1.151012897491455,0,2.0
1167.0,2026-04-06 02:00:00,2026-04-06,02:00:00,1.1512778997421265,1.1531364917755127,1.1512778997421265,1.1524720191955566,0,2.0
1168.0,2026-04-06 03:00:00,2026-04-06,03:00:00,1.1524720191955566,1.1526048183441162,1.1520737409591675,1.1522064208984375,0,2.0
1169.0,2026-04-06 04:00:00,2026-04-06,04:00:00,1.152339220046997,1.1528706550598145,1.1522064208984375,1.1527377367019653,0,2.0
1170.0,2026-04-06 05:00:00,2026-04-06,05:00:00,1.1527377367019653,1.1532695293426514,1.1527377367019653,1.1528706550598145,0,2.0
1171.0,2026-04-06 06:00:00,2026-04-06,06:00:00,1.1527377367019653,1.1539349555969238,1.1526048183441162,1.1536686420440674,0,2.0
1172.0,2026-04-06 07:00:00,2026-04-06,07:00:00,1.1536686420440674,1.157139539718628,1.1528706550598145,1.156738042831421,0,2.0
1173.0,2026-04-06 08:00:00,2026-04-06,08:00:00,1.1570056676864624,1.1570056676864624,1.1558021306991577,1.1559356451034546,0,2.0
1174.0,2026-04-06 09:00:00,2026-04-06,09:00:00,1.1559356451034546,1.156203031539917,1.1551345586776733,1.155401587486267,0,2.0
1175.0,2026-04-06 10:00:00,2026-04-06,10:00:00,1.155401587486267,1.1556684970855713,1.1546010971069336,1.1551345586776733,0,2.0
1176.0,2026-04-06 11:00:00,2026-04-06,11:00:00,1.1552680730819702,1.1552680730819702,1.1544678211212158,1.1548677682876587,0,2.0
1177.0,2026-04-06 12:00:00,2026-04-06,12:00:00,1.1548677682876587,1.1558021306991577,1.1546010971069336,1.1556684970855713,0,2.0
1178.0,2026-04-06 13:00:00,2026-04-06,13:00:00,1.1556684970855713,1.156336784362793,1.155401587486267,1.156336784362793,0,2.0
1179.0,2026-04-06 14:00:00,2026-04-06,14:00:00,1.1566041707992554,1.157273530960083,1.1546010971069336,1.1546010971069336,0,2.0
1180.0,2026-04-06 15:00:00,2026-04-06,15:00:00,1.1544678211212158,1.1547343730926514,1.1539349555969238,1.1547343730926514,0,2.0
1181.0,2026-04-06 16:00:00,2026-04-06,16:00:00,1.1548677682876587,1.1551345586776733,1.1546010971069336,1.1548677682876587,0,2.0
1182.0,2026-04-06 17:00:00,2026-04-06,17:00:00,1.1546010971069336,1.155001163482666,1.1538017988204956,1.1544678211212158,0,2.0
1183.0,2026-04-06 18:00:00,2026-04-06,18:00:00,1.154334545135498,1.1555349826812744,1.154334545135498,1.1548677682876587,0,2.0
1184.0,2026-04-06 19:00:00,2026-04-06,19:00:00,1.1547343730926514,1.155001163482666,1.1544678211212158,1.1546010971069336,0,2.0
1185.0,2026-04-06 20:00:00,2026-04-06,20:00:00,1.1546010971069336,1.1547343730926514,1.1544678211212158,1.1544678211212158,0,2.0
1186.0,2026-04-06 21:00:00,2026-04-06,21:00:00,1.1544678211212158,1.1551345586776733,1.1542012691497803,1.1546010971069336,0,2.0
1187.0,2026-04-06 22:00:00,2026-04-06,22:00:00,1.1547343730926514,1.1548677682876587,1.1546010971069336,1.1546010971069336,0,2.0
1188.0,2026-04-06 23:00:00,2026-04-06,23:00:00,1.1546010971069336,1.1547343730926514,1.154334545135498,1.1544678211212158,0,2.0
1189.0,2026-04-07 00:00:00,2026-04-07,00:00:00,1.1544678211212158,1.1546010971069336,1.154068112373352,1.154068112373352,0,2.0
1190.0,2026-04-07 01:00:00,2026-04-07,01:00:00,1.1539349555969238,1.154334545135498,1.1531364917755127,1.1532695293426514,0,2.0
1191.0,2026-04-07 02:00:00,2026-04-07,02:00:00,1.1532695293426514,1.1535356044769287,1.1528706550598145,1.1532695293426514,0,2.0
1192.0,2026-04-07 03:00:00,2026-04-07,03:00:00,1.1532695293426514,1.1538017988204956,1.1532695293426514,1.1538017988204956,0,2.0
1193.0,2026-04-07 04:00:00,2026-04-07,04:00:00,1.1538017988204956,1.1542012691497803,1.1536686420440674,1.1542012691497803,0,2.0
1194.0,2026-04-07 05:00:00,2026-04-07,05:00:00,1.1542012691497803,1.154334545135498,1.15340256690979,1.1538017988204956,0,2.0
1195.0,2026-04-07 06:00:00,2026-04-07,06:00:00,1.1539349555969238,1.1548677682876587,1.1536686420440674,1.1547343730926514,0,2.0
1196.0,2026-04-07 07:00:00,2026-04-07,07:00:00,1.1547343730926514,1.1548677682876587,1.154068112373352,1.1546010971069336,0,2.0
1197.0,2026-04-07 08:00:00,2026-04-07,08:00:00,1.1546010971069336,1.1578094959259033,1.1546010971069336,1.1578094959259033,0,2.0
1198.0,2026-04-07 09:00:00,2026-04-07,09:00:00,1.1578094959259033,1.1578094959259033,1.1566041707992554,1.1566041707992554,0,2.0
1199.0,2026-04-07 10:00:00,2026-04-07,10:00:00,1.1566041707992554,1.1566041707992554,1.1551345586776733,1.1556684970855713,0,2.0
1200.0,2026-04-07 11:00:00,2026-04-07,11:00:00,1.1556684970855713,1.1564704179763794,1.1552680730819702,1.156203031539917,0,2.0
1201.0,2026-04-07 12:00:00,2026-04-07,12:00:00,1.156336784362793,1.1570056676864624,1.1558021306991577,1.1564704179763794,0,2.0
1202.0,2026-04-07 13:00:00,2026-04-07,13:00:00,1.156336784362793,1.1568717956542969,1.1560693979263306,1.156738042831421,0,2.0
1203.0,2026-04-07 14:00:00,2026-04-07,14:00:00,1.156738042831421,1.1582117080688477,1.156203031539917,1.1575413942337036,0,2.0
1204.0,2026-04-07 15:00:00,2026-04-07,15:00:00,1.1574074029922485,1.1579434871673584,1.1570056676864624,1.1575413942337036,0,2.0
1205.0,2026-04-07 16:00:00,2026-04-07,16:00:00,1.1574074029922485,1.1582117080688477,1.157273530960083,1.1574074029922485,0,2.0
1206.0,2026-04-07 17:00:00,2026-04-07,17:00:00,1.1575413942337036,1.1582117080688477,1.1570056676864624,1.158077597618103,0,2.0
1207.0,2026-04-07 18:00:00,2026-04-07,18:00:00,1.1582117080688477,1.1586142778396606,1.1575413942337036,1.1578094959259033,0,2.0
1208.0,2026-04-07 19:00:00,2026-04-07,19:00:00,1.1578094959259033,1.160496711730957,1.1576753854751587,1.1598236560821533,0,2.0
1209.0,2026-04-07 20:00:00,2026-04-07,20:00:00,1.15968918800354,1.1607661247253418,1.15968918800354,1.1599582433700562,0,2.0
1210.0,2026-04-07 21:00:00,2026-04-07,21:00:00,1.1595547199249268,1.1607661247253418,1.1595547199249268,1.1602274179458618,0,2.0
1211.0,2026-04-07 22:00:00,2026-04-07,22:00:00,1.1606314182281494,1.1667250394821167,1.1606314182281494,1.1667250394821167,0,2.0
1212.0,2026-04-07 23:00:00,2026-04-07,23:00:00,1.1671334505081177,1.1693171262741089,1.1667250394821167,1.1689070463180542,0,2.0
1213.0,2026-04-08 00:00:00,2026-04-08,00:00:00,1.1690436601638794,1.169864296913147,1.1669973134994507,1.1675423383712769,0,2.0
1214.0,2026-04-08 01:00:00,2026-04-08,01:00:00,1.1675423383712769,1.1690436601638794,1.1675423383712769,1.1678149700164795,0,2.0
1215.0,2026-04-08 02:00:00,2026-04-08,02:00:00,1.1680878400802612,1.1684973239898682,1.1672697067260742,1.1676785945892334,0,2.0
1216.0,2026-04-08 03:00:00,2026-04-08,03:00:00,1.1678149700164795,1.1678149700164795,1.1671334505081177,1.1675423383712769,0,2.0
1217.0,2026-04-08 04:00:00,2026-04-08,04:00:00,1.1674060821533203,1.1683608293533325,1.1674060821533203,1.1678149700164795,0,2.0
1218.0,2026-04-08 05:00:00,2026-04-08,05:00:00,1.1679514646530151,1.1710972785949707,1.1678149700164795,1.1695905923843384,0,2.0
1219.0,2026-04-08 06:00:00,2026-04-08,06:00:00,1.1695905923843384,1.1710972785949707,1.1689070463180542,1.1700011491775513,0,2.0
1220.0,2026-04-08 07:00:00,2026-04-08,07:00:00,1.169864296913147,1.1702749729156494,1.1683608293533325,1.169864296913147,0,2.0
1221.0,2026-04-08 08:00:00,2026-04-08,08:00:00,1.169864296913147,1.1700011491775513,1.1675423383712769,1.1684973239898682,0,2.0
1222.0,2026-04-08 09:00:00,2026-04-08,09:00:00,1.1684973239898682,1.1691803932189941,1.1682243347167969,1.1683608293533325,0,2.0
1223.0,2026-04-08 10:00:00,2026-04-08,10:00:00,1.1682243347167969,1.1695905923843384,1.1682243347167969,1.1694538593292236,0,2.0
1224.0,2026-04-08 11:00:00,2026-04-08,11:00:00,1.1691803932189941,1.1710972785949707,1.1690436601638794,1.1704120635986328,0,2.0
1225.0,2026-04-08 12:00:00,2026-04-08,12:00:00,1.1704120635986328,1.17205810546875,1.1697274446487427,1.171783447265625,0,2.0
1226.0,2026-04-08 13:00:00,2026-04-08,13:00:00,1.1716461181640625,1.1724703311920166,1.1691803932189941,1.1695905923843384,0,2.0
1227.0,2026-04-08 14:00:00,2026-04-08,14:00:00,1.169864296913147,1.170548915863037,1.1694538593292236,1.169864296913147,0,2.0
1228.0,2026-04-08 15:00:00,2026-04-08,15:00:00,1.1697274446487427,1.1700011491775513,1.1689070463180542,1.1691803932189941,0,2.0
1229.0,2026-04-08 16:00:00,2026-04-08,16:00:00,1.1689070463180542,1.1690436601638794,1.1682243347167969,1.1684973239898682,0,2.0
1230.0,2026-04-08 17:00:00,2026-04-08,17:00:00,1.1684973239898682,1.1689070463180542,1.1674060821533203,1.1678149700164795,0,2.0
1231.0,2026-04-08 18:00:00,2026-04-08,18:00:00,1.1675423383712769,1.1683608293533325,1.1655012369155884,1.1655012369155884,0,2.0
1232.0,2026-04-08 19:00:00,2026-04-08,19:00:00,1.164958119392395,1.1674060821533203,1.164958119392395,1.1674060821533203,0,2.0
1233.0,2026-04-08 20:00:00,2026-04-08,20:00:00,1.1671334505081177,1.1671334505081177,1.1664528846740723,1.1665889024734497,0,2.0
1234.0,2026-04-08 21:00:00,2026-04-08,21:00:00,1.1667250394821167,1.1671334505081177,1.1659088134765625,1.1668611764907837,0,2.0
1235.0,2026-04-08 22:00:00,2026-04-08,22:00:00,1.1669973134994507,1.1669973134994507,1.1664528846740723,1.1665889024734497,0,2.0
1236.0,2026-04-08 23:00:00,2026-04-08,23:00:00,1.1664528846740723,1.1665889024734497,1.1661807298660278,1.1661807298660278,0,2.0
1237.0,2026-04-09 00:00:00,2026-04-09,00:00:00,1.1661807298660278,1.1663167476654053,1.1657729148864746,1.1661807298660278,0,2.0
1238.0,2026-04-09 01:00:00,2026-04-09,01:00:00,1.1661807298660278,1.1665889024734497,1.1653653383255005,1.1665889024734497,0,2.0
1239.0,2026-04-09 02:00:00,2026-04-09,02:00:00,1.1667250394821167,1.1669973134994507,1.1663167476654053,1.1668611764907837,0,2.0
1240.0,2026-04-09 03:00:00,2026-04-09,03:00:00,1.1668611764907837,1.1669973134994507,1.1664528846740723,1.1665889024734497,0,2.0
1241.0,2026-04-09 04:00:00,2026-04-09,04:00:00,1.1667250394821167,1.1674060821533203,1.1665889024734497,1.1669973134994507,0,2.0
1242.0,2026-04-09 05:00:00,2026-04-09,05:00:00,1.1669973134994507,1.1671334505081177,1.1663167476654053,1.1664528846740723,0,2.0
1243.0,2026-04-09 06:00:00,2026-04-09,06:00:00,1.1664528846740723,1.1665889024734497,1.1657729148864746,1.1665889024734497,0,2.0
1244.0,2026-04-09 07:00:00,2026-04-09,07:00:00,1.1668611764907837,1.1671334505081177,1.16604483127594,1.1665889024734497,0,2.0
1245.0,2026-04-09 08:00:00,2026-04-09,08:00:00,1.1665889024734497,1.1678149700164795,1.1663167476654053,1.1675423383712769,0,2.0
1246.0,2026-04-09 09:00:00,2026-04-09,09:00:00,1.1675423383712769,1.1682243347167969,1.1672697067260742,1.1678149700164795,0,2.0
1247.0,2026-04-09 10:00:00,2026-04-09,10:00:00,1.1678149700164795,1.1682243347167969,1.1678149700164795,1.1678149700164795,0,2.0
1248.0,2026-04-09 11:00:00,2026-04-09,11:00:00,1.1674060821533203,1.1693171262741089,1.1674060821533203,1.1691803932189941,0,2.0
1249.0,2026-04-09 12:00:00,2026-04-09,12:00:00,1.1691803932189941,1.1691803932189941,1.1683608293533325,1.1689070463180542,0,2.0
1250.0,2026-04-09 13:00:00,2026-04-09,13:00:00,1.1689070463180542,1.169864296913147,1.1686338186264038,1.1686338186264038,0,2.0
1251.0,2026-04-09 14:00:00,2026-04-09,14:00:00,1.1683608293533325,1.1691803932189941,1.1678149700164795,1.168770432472229,0,2.0
1252.0,2026-04-09 15:00:00,2026-04-09,15:00:00,1.168770432472229,1.1709601879119873,1.1680878400802612,1.170823097229004,0,2.0
1253.0,2026-04-09 16:00:00,2026-04-09,16:00:00,1.170823097229004,1.171783447265625,1.170823097229004,1.1713716983795166,0,2.0
1254.0,2026-04-09 17:00:00,2026-04-09,17:00:00,1.1715089082717896,1.1726078987121582,1.1713716983795166,1.171783447265625,0,2.0
1255.0,2026-04-09 18:00:00,2026-04-09,18:00:00,1.171783447265625,1.171783447265625,1.1701380014419556,1.1704120635986328,0,2.0
1256.0,2026-04-09 19:00:00,2026-04-09,19:00:00,1.1702749729156494,1.1712344884872437,1.1701380014419556,1.1704120635986328,0,2.0
1257.0,2026-04-09 20:00:00,2026-04-09,20:00:00,1.1702749729156494,1.1704120635986328,1.169864296913147,1.1702749729156494,0,2.0
1258.0,2026-04-09 21:00:00,2026-04-09,21:00:00,1.1702749729156494,1.1706860065460205,1.1695905923843384,1.1704120635986328,0,2.0
1259.0,2026-04-09 22:00:00,2026-04-09,22:00:00,1.1704120635986328,1.170548915863037,1.1695905923843384,1.1697274446487427,0,2.0
1260.0,2026-04-09 23:00:00,2026-04-09,23:00:00,1.1697274446487427,1.1700011491775513,1.1694538593292236,1.1694538593292236,0,2.0
1261.0,2026-04-10 00:00:00,2026-04-10,00:00:00,1.1694538593292236,1.1694538593292236,1.1689070463180542,1.1690436601638794,0,2.0
1262.0,2026-04-10 01:00:00,2026-04-10,01:00:00,1.1690436601638794,1.169864296913147,1.1690436601638794,1.1695905923843384,0,2.0
1263.0,2026-04-10 02:00:00,2026-04-10,02:00:00,1.1697274446487427,1.1697274446487427,1.1690436601638794,1.1694538593292236,0,2.0
1264.0,2026-04-10 03:00:00,2026-04-10,03:00:00,1.1694538593292236,1.1700011491775513,1.1693171262741089,1.169864296913147,0,2.0
1265.0,2026-04-10 04:00:00,2026-04-10,04:00:00,1.169864296913147,1.1700011491775513,1.1694538593292236,1.1695905923843384,0,2.0
1266.0,2026-04-10 05:00:00,2026-04-10,05:00:00,1.1695905923843384,1.1695905923843384,1.1691803932189941,1.1694538593292236,0,2.0
1267.0,2026-04-10 06:00:00,2026-04-10,06:00:00,1.1693171262741089,1.1695905923843384,1.168770432472229,1.168770432472229,0,2.0
1268.0,2026-04-10 07:00:00,2026-04-10,07:00:00,1.1689070463180542,1.1693171262741089,1.1682243347167969,1.1682243347167969,0,2.0
1269.0,2026-04-10 08:00:00,2026-04-10,08:00:00,1.1683608293533325,1.1693171262741089,1.1680878400802612,1.1689070463180542,0,2.0
1270.0,2026-04-10 09:00:00,2026-04-10,09:00:00,1.1690436601638794,1.1713716983795166,1.1689070463180542,1.1712344884872437,0,2.0
1271.0,2026-04-10 10:00:00,2026-04-10,10:00:00,1.1713716983795166,1.1719207763671875,1.1709601879119873,1.1716461181640625,0,2.0
1272.0,2026-04-10 11:00:00,2026-04-10,11:00:00,1.1716461181640625,1.172195553779602,1.1715089082717896,1.171783447265625,0,2.0
1273.0,2026-04-10 12:00:00,2026-04-10,12:00:00,1.171783447265625,1.1728830337524414,1.1713716983795166,1.172195553779602,0,2.0
1274.0,2026-04-10 13:00:00,2026-04-10,13:00:00,1.172195553779602,1.17384672164917,1.172195553779602,1.1730204820632935,0,2.0
1275.0,2026-04-10 14:00:00,2026-04-10,14:00:00,1.1730204820632935,1.1741223335266113,1.1726078987121582,1.1731581687927246,0,2.0
1276.0,2026-04-10 15:00:00,2026-04-10,15:00:00,1.1731581687927246,1.1741223335266113,1.1726078987121582,1.1726078987121582,0,2.0
1277.0,2026-04-10 16:00:00,2026-04-10,16:00:00,1.1724703311920166,1.1728830337524414,1.1716461181640625,1.1724703311920166,0,2.0
1278.0,2026-04-10 17:00:00,2026-04-10,17:00:00,1.172333002090454,1.1728830337524414,1.172333002090454,1.1727453470230103,0,2.0
1279.0,2026-04-10 18:00:00,2026-04-10,18:00:00,1.1726078987121582,1.17384672164917,1.172333002090454,1.173433542251587,0,2.0
1280.0,2026-04-10 19:00:00,2026-04-10,19:00:00,1.173433542251587,1.1735711097717285,1.1731581687927246,1.1731581687927246,0,2.0
1281.0,2026-04-10 20:00:00,2026-04-10,20:00:00,1.1730204820632935,1.173433542251587,1.1727453470230103,1.1727453470230103,0,2.0
1282.0,2026-04-10 21:00:00,2026-04-10,21:00:00,1.1728830337524414,1.1728830337524414,1.1728830337524414,1.1728830337524414,0,2.0
1283.0,2026-04-12 23:00:00,2026-04-12,23:00:00,1.1675423383712769,1.1678149700164795,1.1667250394821167,1.1676785945892334,0,2.0
1284.0,2026-04-13 00:00:00,2026-04-13,00:00:00,1.1679514646530151,1.1689070463180542,1.1674060821533203,1.1689070463180542,0,2.0
1285.0,2026-04-13 01:00:00,2026-04-13,01:00:00,1.1691803932189941,1.1691803932189941,1.1683608293533325,1.1690436601638794,0,2.0
1286.0,2026-04-13 02:00:00,2026-04-13,02:00:00,1.1690436601638794,1.1693171262741089,1.1689070463180542,1.1691803932189941,0,2.0
1287.0,2026-04-13 03:00:00,2026-04-13,03:00:00,1.1691803932189941,1.1691803932189941,1.1689070463180542,1.1691803932189941,0,2.0
1288.0,2026-04-13 04:00:00,2026-04-13,04:00:00,1.1691803932189941,1.1693171262741089,1.1689070463180542,1.1689070463180542,0,2.0
1289.0,2026-04-13 05:00:00,2026-04-13,05:00:00,1.1690436601638794,1.1691803932189941,1.168770432472229,1.1691803932189941,0,2.0
1290.0,2026-04-13 06:00:00,2026-04-13,06:00:00,1.1691803932189941,1.1697274446487427,1.1682243347167969,1.1689070463180542,0,2.0
1291.0,2026-04-13 07:00:00,2026-04-13,07:00:00,1.1690436601638794,1.1702749729156494,1.1690436601638794,1.1701380014419556,0,2.0
1292.0,2026-04-13 08:00:00,2026-04-13,08:00:00,1.1700011491775513,1.1700011491775513,1.168770432472229,1.1689070463180542,0,2.0
1293.0,2026-04-13 09:00:00,2026-04-13,09:00:00,1.1690436601638794,1.1694538593292236,1.168770432472229,1.1690436601638794,0,2.0
1294.0,2026-04-13 10:00:00,2026-04-13,10:00:00,1.1689070463180542,1.169864296913147,1.1686338186264038,1.1695905923843384,0,2.0
1295.0,2026-04-13 11:00:00,2026-04-13,11:00:00,1.169864296913147,1.1702749729156494,1.1686338186264038,1.1686338186264038,0,2.0
1296.0,2026-04-13 12:00:00,2026-04-13,12:00:00,1.1684973239898682,1.1701380014419556,1.1684973239898682,1.1701380014419556,0,2.0
1297.0,2026-04-13 13:00:00,2026-04-13,13:00:00,1.1702749729156494,1.1715089082717896,1.1700011491775513,1.1706860065460205,0,2.0
1298.0,2026-04-13 14:00:00,2026-04-13,14:00:00,1.1709601879119873,1.172195553779602,1.170548915863037,1.1715089082717896,0,2.0
1299.0,2026-04-13 15:00:00,2026-04-13,15:00:00,1.1713716983795166,1.1715089082717896,1.170548915863037,1.1712344884872437,0,2.0
1300.0,2026-04-13 16:00:00,2026-04-13,16:00:00,1.1713716983795166,1.1731581687927246,1.1710972785949707,1.1728830337524414,0,2.0
1301.0,2026-04-13 17:00:00,2026-04-13,17:00:00,1.1728830337524414,1.1741223335266113,1.1728830337524414,1.1737089157104492,0,2.0
1302.0,2026-04-13 18:00:00,2026-04-13,18:00:00,1.1737089157104492,1.1764705181121826,1.1737089157104492,1.1764705181121826,0,2.0
1303.0,2026-04-13 19:00:00,2026-04-13,19:00:00,1.176885962486267,1.176885962486267,1.1757789850234985,1.1764705181121826,0,2.0
1304.0,2026-04-13 20:00:00,2026-04-13,20:00:00,1.1764705181121826,1.1766090393066406,1.1760554313659668,1.1761938333511353,0,2.0
1305.0,2026-04-13 21:00:00,2026-04-13,21:00:00,1.1761938333511353,1.1764705181121826,1.1759172677993774,1.1760554313659668,0,2.0
1306.0,2026-04-13 22:00:00,2026-04-13,22:00:00,1.1763322353363037,1.176747441291809,1.1763322353363037,1.1763322353363037,0,2.0
1307.0,2026-04-13 23:00:00,2026-04-13,23:00:00,1.1764705181121826,1.177024483680725,1.1764705181121826,1.177024483680725,0,2.0
1308.0,2026-04-14 00:00:00,2026-04-14,00:00:00,1.177024483680725,1.177024483680725,1.1766090393066406,1.176885962486267,0,2.0
1309.0,2026-04-14 01:00:00,2026-04-14,01:00:00,1.177024483680725,1.177024483680725,1.1763322353363037,1.1763322353363037,0,2.0
1310.0,2026-04-14 02:00:00,2026-04-14,02:00:00,1.1763322353363037,1.1766090393066406,1.1760554313659668,1.1764705181121826,0,2.0
1311.0,2026-04-14 03:00:00,2026-04-14,03:00:00,1.1764705181121826,1.177163004875183,1.1763322353363037,1.177163004875183,0,2.0
1312.0,2026-04-14 04:00:00,2026-04-14,04:00:00,1.177024483680725,1.1773016452789307,1.176885962486267,1.177163004875183,0,2.0
1313.0,2026-04-14 05:00:00,2026-04-14,05:00:00,1.177024483680725,1.1773016452789307,1.1763322353363037,1.176747441291809,0,2.0
1314.0,2026-04-14 06:00:00,2026-04-14,06:00:00,1.176885962486267,1.1781338453292847,1.1761938333511353,1.1781338453292847,0,2.0
1315.0,2026-04-14 07:00:00,2026-04-14,07:00:00,1.1781338453292847,1.1796625852584839,1.1781338453292847,1.1784114837646484,0,2.0
1316.0,2026-04-14 08:00:00,2026-04-14,08:00:00,1.1782727241516113,1.1786893606185913,1.1778563261032104,1.178550362586975,0,2.0
1317.0,2026-04-14 09:00:00,2026-04-14,09:00:00,1.1786893606185913,1.1795234680175781,1.178550362586975,1.1789672374725342,0,2.0
1318.0,2026-04-14 10:00:00,2026-04-14,10:00:00,1.1792453527450562,1.1802195310592651,1.1792453527450562,1.1800801753997803,0,2.0
1319.0,2026-04-14 11:00:00,2026-04-14,11:00:00,1.179940938949585,1.1807769536972046,1.179940938949585,1.1807769536972046,0,2.0
1320.0,2026-04-14 12:00:00,2026-04-14,12:00:00,1.1800801753997803,1.1807769536972046,1.1796625852584839,1.1807769536972046,0,2.0
1321.0,2026-04-14 13:00:00,2026-04-14,13:00:00,1.1807769536972046,1.1810559034347534,1.1798018217086792,1.1802195310592651,0,2.0
1322.0,2026-04-14 14:00:00,2026-04-14,14:00:00,1.18035888671875,1.1813349723815918,1.1798018217086792,1.1813349723815918,0,2.0
1323.0,2026-04-14 15:00:00,2026-04-14,15:00:00,1.1811953783035278,1.1811953783035278,1.1791062355041504,1.1793843507766724,0,2.0
1324.0,2026-04-14 16:00:00,2026-04-14,16:00:00,1.1793843507766724,1.179940938949585,1.1792453527450562,1.1798018217086792,0,2.0
1325.0,2026-04-14 17:00:00,2026-04-14,17:00:00,1.1798018217086792,1.1802195310592651,1.1795234680175781,1.179940938949585,0,2.0
1326.0,2026-04-14 18:00:00,2026-04-14,18:00:00,1.1800801753997803,1.1800801753997803,1.1793843507766724,1.1796625852584839,0,2.0
1327.0,2026-04-14 19:00:00,2026-04-14,19:00:00,1.1795234680175781,1.1798018217086792,1.1793843507766724,1.1795234680175781,0,2.0
1328.0,2026-04-14 20:00:00,2026-04-14,20:00:00,1.1795234680175781,1.179940938949585,1.1795234680175781,1.179940938949585,0,2.0
1329.0,2026-04-14 21:00:00,2026-04-14,21:00:00,1.179940938949585,1.1802195310592651,1.1791062355041504,1.1793843507766724,0,2.0
1330.0,2026-04-14 22:00:00,2026-04-14,22:00:00,1.1796625852584839,1.1802195310592651,1.1796625852584839,1.1798018217086792,0,2.0
1331.0,2026-04-14 23:00:00,2026-04-14,23:00:00,1.179940938949585,1.18035888671875,1.1798018217086792,1.1802195310592651,0,2.0
1332.0,2026-04-15 00:00:00,2026-04-15,00:00:00,1.1802195310592651,1.1802195310592651,1.1793843507766724,1.1798018217086792,0,2.0
1333.0,2026-04-15 01:00:00,2026-04-15,01:00:00,1.1798018217086792,1.179940938949585,1.1793843507766724,1.1795234680175781,0,2.0
1334.0,2026-04-15 02:00:00,2026-04-15,02:00:00,1.1793843507766724,1.1793843507766724,1.1782727241516113,1.1786893606185913,0,2.0
1335.0,2026-04-15 03:00:00,2026-04-15,03:00:00,1.1786893606185913,1.1792453527450562,1.1784114837646484,1.1791062355041504,0,2.0
1336.0,2026-04-15 04:00:00,2026-04-15,04:00:00,1.1791062355041504,1.1793843507766724,1.1789672374725342,1.1792453527450562,0,2.0
1337.0,2026-04-15 05:00:00,2026-04-15,05:00:00,1.1792453527450562,1.1800801753997803,1.1792453527450562,1.1795234680175781,0,2.0
1338.0,2026-04-15 06:00:00,2026-04-15,06:00:00,1.1796625852584839,1.1802195310592651,1.178828239440918,1.1789672374725342,0,2.0
1339.0,2026-04-15 07:00:00,2026-04-15,07:00:00,1.178828239440918,1.1793843507766724,1.1786893606185913,1.178828239440918,0,2.0
1340.0,2026-04-15 08:00:00,2026-04-15,08:00:00,1.1789672374725342,1.1798018217086792,1.1789672374725342,1.1793843507766724,0,2.0
1341.0,2026-04-15 09:00:00,2026-04-15,09:00:00,1.1792453527450562,1.1795234680175781,1.177994966506958,1.178550362586975,0,2.0
1342.0,2026-04-15 10:00:00,2026-04-15,10:00:00,1.178550362586975,1.1789672374725342,1.1777175664901733,1.1781338453292847,0,2.0
1343.0,2026-04-15 11:00:00,2026-04-15,11:00:00,1.177994966506958,1.1786893606185913,1.1777175664901733,1.178550362586975,0,2.0
1344.0,2026-04-15 12:00:00,2026-04-15,12:00:00,1.1786893606185913,1.1793843507766724,1.1781338453292847,1.1792453527450562,0,2.0
1345.0,2026-04-15 13:00:00,2026-04-15,13:00:00,1.1792453527450562,1.179940938949585,1.178828239440918,1.1792453527450562,0,2.0
1346.0,2026-04-15 14:00:00,2026-04-15,14:00:00,1.1792453527450562,1.18035888671875,1.1789672374725342,1.1800801753997803,0,2.0
1347.0,2026-04-15 15:00:00,2026-04-15,15:00:00,1.1800801753997803,1.1810559034347534,1.179940938949585,1.18035888671875,0,2.0
1348.0,2026-04-15 16:00:00,2026-04-15,16:00:00,1.1802195310592651,1.1806375980377197,1.1800801753997803,1.1804981231689453,0,2.0
1349.0,2026-04-15 17:00:00,2026-04-15,17:00:00,1.1804981231689453,1.1804981231689453,1.1796625852584839,1.179940938949585,0,2.0
1350.0,2026-04-15 18:00:00,2026-04-15,18:00:00,1.1798018217086792,1.1804981231689453,1.1798018217086792,1.18035888671875,0,2.0
1351.0,2026-04-15 19:00:00,2026-04-15,19:00:00,1.18035888671875,1.1807769536972046,1.1802195310592651,1.1804981231689453,0,2.0
1352.0,2026-04-15 20:00:00,2026-04-15,20:00:00,1.18035888671875,1.18035888671875,1.179940938949585,1.1802195310592651,0,2.0
1353.0,2026-04-15 21:00:00,2026-04-15,21:00:00,1.1802195310592651,1.1806375980377197,1.179940938949585,1.1800801753997803,0,2.0
1354.0,2026-04-15 22:00:00,2026-04-15,22:00:00,1.1804981231689453,1.1806375980377197,1.1804981231689453,1.1806375980377197,0,2.0
1355.0,2026-04-15 23:00:00,2026-04-15,23:00:00,1.1806375980377197,1.1811953783035278,1.1806375980377197,1.1810559034347534,0,2.0
1356.0,2026-04-16 00:00:00,2026-04-16,00:00:00,1.1810559034347534,1.1810559034347534,1.1806375980377197,1.1810559034347534,0,2.0
1357.0,2026-04-16 01:00:00,2026-04-16,01:00:00,1.1810559034347534,1.1811953783035278,1.1800801753997803,1.1804981231689453,0,2.0
1358.0,2026-04-16 02:00:00,2026-04-16,02:00:00,1.1806375980377197,1.1820330619812012,1.1806375980377197,1.1820330619812012,0,2.0
1359.0,2026-04-16 03:00:00,2026-04-16,03:00:00,1.1820330619812012,1.182732105255127,1.1816140413284302,1.1816140413284302,0,2.0
1360.0,2026-04-16 04:00:00,2026-04-16,04:00:00,1.1816140413284302,1.1816140413284302,1.1811953783035278,1.1813349723815918,0,2.0
1361.0,2026-04-16 05:00:00,2026-04-16,05:00:00,1.1813349723815918,1.1813349723815918,1.1807769536972046,1.1807769536972046,0,2.0
1362.0,2026-04-16 06:00:00,2026-04-16,06:00:00,1.1809163093566895,1.1809163093566895,1.1796625852584839,1.1806375980377197,0,2.0
1363.0,2026-04-16 07:00:00,2026-04-16,07:00:00,1.1807769536972046,1.1807769536972046,1.1795234680175781,1.1796625852584839,0,2.0
1364.0,2026-04-16 08:00:00,2026-04-16,08:00:00,1.1795234680175781,1.1796625852584839,1.1781338453292847,1.1789672374725342,0,2.0
1365.0,2026-04-16 09:00:00,2026-04-16,09:00:00,1.178828239440918,1.1791062355041504,1.1781338453292847,1.1782727241516113,0,2.0
1366.0,2026-04-16 10:00:00,2026-04-16,10:00:00,1.1782727241516113,1.1784114837646484,1.1777175664901733,1.1782727241516113,0,2.0
1367.0,2026-04-16 11:00:00,2026-04-16,11:00:00,1.1784114837646484,1.1791062355041504,1.1784114837646484,1.178828239440918,0,2.0
1368.0,2026-04-16 12:00:00,2026-04-16,12:00:00,1.1786893606185913,1.1786893606185913,1.1778563261032104,1.178550362586975,0,2.0
1369.0,2026-04-16 13:00:00,2026-04-16,13:00:00,1.178550362586975,1.1786893606185913,1.177163004875183,1.1773016452789307,0,2.0
1370.0,2026-04-16 14:00:00,2026-04-16,14:00:00,1.1775789260864258,1.1784114837646484,1.1773016452789307,1.1775789260864258,0,2.0
1371.0,2026-04-16 15:00:00,2026-04-16,15:00:00,1.1775789260864258,1.1784114837646484,1.1774401664733887,1.1784114837646484,0,2.0
1372.0,2026-04-16 16:00:00,2026-04-16,16:00:00,1.178550362586975,1.1791062355041504,1.1774401664733887,1.1778563261032104,0,2.0
1373.0,2026-04-16 17:00:00,2026-04-16,17:00:00,1.1778563261032104,1.1778563261032104,1.177163004875183,1.1775789260864258,0,2.0
1374.0,2026-04-16 18:00:00,2026-04-16,18:00:00,1.1777175664901733,1.1784114837646484,1.1777175664901733,1.1782727241516113,0,2.0
1375.0,2026-04-16 19:00:00,2026-04-16,19:00:00,1.1784114837646484,1.178828239440918,1.1784114837646484,1.178550362586975,0,2.0
1376.0,2026-04-16 20:00:00,2026-04-16,20:00:00,1.178550362586975,1.1786893606185913,1.1782727241516113,1.178550362586975,0,2.0
1377.0,2026-04-16 21:00:00,2026-04-16,21:00:00,1.1786893606185913,1.1786893606185913,1.1777175664901733,1.1786893606185913,0,2.0
1378.0,2026-04-16 22:00:00,2026-04-16,22:00:00,1.1784114837646484,1.1791062355041504,1.1784114837646484,1.178828239440918,0,2.0
1379.0,2026-04-16 23:00:00,2026-04-16,23:00:00,1.178828239440918,1.1789672374725342,1.1784114837646484,1.1784114837646484,0,2.0
1380.0,2026-04-17 00:00:00,2026-04-17,00:00:00,1.1784114837646484,1.1786893606185913,1.1781338453292847,1.1782727241516113,0,2.0
1381.0,2026-04-17 01:00:00,2026-04-17,01:00:00,1.1782727241516113,1.1782727241516113,1.1778563261032104,1.177994966506958,0,2.0
1382.0,2026-04-17 02:00:00,2026-04-17,02:00:00,1.177994966506958,1.1781338453292847,1.1777175664901733,1.1781338453292847,0,2.0
1383.0,2026-04-17 03:00:00,2026-04-17,03:00:00,1.1781338453292847,1.178828239440918,1.1778563261032104,1.1786893606185913,0,2.0
1384.0,2026-04-17 04:00:00,2026-04-17,04:00:00,1.1786893606185913,1.178828239440918,1.178550362586975,1.1786893606185913,0,2.0
1385.0,2026-04-17 05:00:00,2026-04-17,05:00:00,1.178550362586975,1.178828239440918,1.1784114837646484,1.178550362586975,0,2.0
1386.0,2026-04-17 06:00:00,2026-04-17,06:00:00,1.1782727241516113,1.178550362586975,1.1777175664901733,1.1778563261032104,0,2.0
1387.0,2026-04-17 07:00:00,2026-04-17,07:00:00,1.177994966506958,1.178550362586975,1.1778563261032104,1.178550362586975,0,2.0
1388.0,2026-04-17 08:00:00,2026-04-17,08:00:00,1.1786893606185913,1.1798018217086792,1.1784114837646484,1.1798018217086792,0,2.0
1389.0,2026-04-17 09:00:00,2026-04-17,09:00:00,1.1798018217086792,1.1802195310592651,1.1795234680175781,1.1798018217086792,0,2.0
1390.0,2026-04-17 10:00:00,2026-04-17,10:00:00,1.1796625852584839,1.179940938949585,1.1795234680175781,1.1798018217086792,0,2.0
1391.0,2026-04-17 11:00:00,2026-04-17,11:00:00,1.1798018217086792,1.1802195310592651,1.1795234680175781,1.1798018217086792,0,2.0
1392.0,2026-04-17 12:00:00,2026-04-17,12:00:00,1.1798018217086792,1.1838523149490356,1.1798018217086792,1.183712124824524,0,2.0
1393.0,2026-04-17 13:00:00,2026-04-17,13:00:00,1.1839923858642578,1.1852554082870483,1.1828720569610596,1.183712124824524,0,2.0
1394.0,2026-04-17 14:00:00,2026-04-17,14:00:00,1.183712124824524,1.1838523149490356,1.1816140413284302,1.1818934679031372,0,2.0
1395.0,2026-04-17 15:00:00,2026-04-17,15:00:00,1.1816140413284302,1.1817537546157837,1.18035888671875,1.18035888671875,0,2.0
1396.0,2026-04-17 16:00:00,2026-04-17,16:00:00,1.18035888671875,1.1807769536972046,1.1796625852584839,1.1802195310592651,0,2.0
1397.0,2026-04-17 17:00:00,2026-04-17,17:00:00,1.1800801753997803,1.1800801753997803,1.1789672374725342,1.1798018217086792,0,2.0
1398.0,2026-04-17 18:00:00,2026-04-17,18:00:00,1.179940938949585,1.179940938949585,1.177994966506958,1.1782727241516113,0,2.0
1399.0,2026-04-17 19:00:00,2026-04-17,19:00:00,1.1782727241516113,1.1786893606185913,1.177163004875183,1.177163004875183,0,2.0
1400.0,2026-04-17 20:00:00,2026-04-17,20:00:00,1.1773016452789307,1.1774401664733887,1.1766090393066406,1.176747441291809,0,2.0
1401.0,2026-04-17 21:00:00,2026-04-17,21:00:00,1.176747441291809,1.176747441291809,1.176747441291809,1.176747441291809,0,2.0
1402.0,2026-04-19 23:00:00,2026-04-19,23:00:00,1.1743981838226318,1.1748120784759521,1.1739845275878906,1.1742602586746216,0,2.0
1403.0,2026-04-20 00:00:00,2026-04-20,00:00:00,1.1741223335266113,1.1760554313659668,1.1741223335266113,1.1757789850234985,0,2.0
1404.0,2026-04-20 01:00:00,2026-04-20,01:00:00,1.1759172677993774,1.1763322353363037,1.1755025386810303,1.1760554313659668,0,2.0
1405.0,2026-04-20 02:00:00,2026-04-20,02:00:00,1.1760554313659668,1.1764705181121826,1.1757789850234985,1.1760554313659668,0,2.0
1406.0,2026-04-20 03:00:00,2026-04-20,03:00:00,1.1760554313659668,1.1764705181121826,1.1757789850234985,1.1763322353363037,0,2.0
1407.0,2026-04-20 04:00:00,2026-04-20,04:00:00,1.1763322353363037,1.1764705181121826,1.1760554313659668,1.1763322353363037,0,2.0
1408.0,2026-04-20 05:00:00,2026-04-20,05:00:00,1.1763322353363037,1.1764705181121826,1.1750881671905518,1.1756407022476196,0,2.0
1409.0,2026-04-20 06:00:00,2026-04-20,06:00:00,1.1757789850234985,1.1757789850234985,1.1755025386810303,1.1755025386810303,0,2.0
1410.0,2026-04-20 09:00:00,2026-04-20,09:00:00,1.1763322353363037,1.176885962486267,1.1763322353363037,1.176885962486267,0,2.0
1411.0,2026-04-20 10:00:00,2026-04-20,10:00:00,1.176885962486267,1.1774401664733887,1.1766090393066406,1.1774401664733887,0,2.0
1412.0,2026-04-20 11:00:00,2026-04-20,11:00:00,1.1774401664733887,1.1778563261032104,1.177024483680725,1.177163004875183,0,2.0
1413.0,2026-04-20 12:00:00,2026-04-20,12:00:00,1.176885962486267,1.177024483680725,1.1760554313659668,1.176747441291809,0,2.0
1414.0,2026-04-20 13:00:00,2026-04-20,13:00:00,1.1766090393066406,1.178550362586975,1.1764705181121826,1.1778563261032104,0,2.0
1415.0,2026-04-20 14:00:00,2026-04-20,14:00:00,1.1775789260864258,1.1781338453292847,1.177024483680725,1.1775789260864258,0,2.0
1416.0,2026-04-20 15:00:00,2026-04-20,15:00:00,1.1777175664901733,1.1792453527450562,1.1773016452789307,1.178828239440918,0,2.0
1417.0,2026-04-20 16:00:00,2026-04-20,16:00:00,1.1789672374725342,1.1791062355041504,1.178550362586975,1.178828239440918,0,2.0
1418.0,2026-04-20 17:00:00,2026-04-20,17:00:00,1.1789672374725342,1.1792453527450562,1.178550362586975,1.1786893606185913,0,2.0
1419.0,2026-04-20 18:00:00,2026-04-20,18:00:00,1.178828239440918,1.1792453527450562,1.1784114837646484,1.1784114837646484,0,2.0
1420.0,2026-04-20 19:00:00,2026-04-20,19:00:00,1.178550362586975,1.1792453527450562,1.178550362586975,1.1789672374725342,0,2.0
1421.0,2026-04-20 20:00:00,2026-04-20,20:00:00,1.178828239440918,1.1792453527450562,1.178828239440918,1.1791062355041504,0,2.0
