id,timestamp,date,time,open,high,low,close,volume,spread
1,2025-01-28 16:00:00,2025-01-28,16:00:00,1.043648,1.04447,1.0419,1.042523,0,2
2,2025-01-28 20:00:00,2025-01-28,20:00:00,1.042533,1.04447,1.04136,1.04201,0,2
3,2025-01-29 00:00:00,2025-01-29,00:00:00,1.042013,1.04416,1.0417,1.042628,0,2
4,2025-01-29 04:00:00,2025-01-29,04:00:00,1.042612,1.04387,1.04222,1.04317,0,2
5,2025-01-29 08:00:00,2025-01-29,08:00:00,1.04316,1.04349,1.04229,1.043048,0,2
6,2025-01-29 12:00:00,2025-01-29,12:00:00,1.043052,1.04431,1.04254,1.043867,0,2
7,2025-01-29 16:00:00,2025-01-29,16:00:00,1.043858,1.04441,1.04128,1.04243,0,2
8,2025-01-29 20:00:00,2025-01-29,20:00:00,1.04242,1.04251,1.03933,1.040415,0,2
9,2025-01-30 00:00:00,2025-01-30,00:00:00,1.04043,1.04275,1.03821,1.041603,0,2
10,2025-01-30 04:00:00,2025-01-30,04:00:00,1.041567,1.04294,1.03878,1.04106,0,2
11,2025-01-30 08:00:00,2025-01-30,08:00:00,1.04104,1.04295,1.04086,1.04262,0,2
12,2025-01-30 12:00:00,2025-01-30,12:00:00,1.04261,1.04281,1.04174,1.04191,0,2
13,2025-01-30 16:00:00,2025-01-30,16:00:00,1.04188,1.04304,1.04092,1.04217,0,2
14,2025-01-30 20:00:00,2025-01-30,20:00:00,1.04217,1.04242,1.03901,1.040325,0,2
15,2025-01-31 00:00:00,2025-01-31,00:00:00,1.040355,1.04684,1.04012,1.041972,0,2
16,2025-01-31 04:00:00,2025-01-31,04:00:00,1.041962,1.04328,1.03858,1.040777,0,2
17,2025-01-31 08:00:00,2025-01-31,08:00:00,1.040763,1.04146,1.03844,1.03869,0,2
18,2025-01-31 12:00:00,2025-01-31,12:00:00,1.03865,1.03955,1.03763,1.038758,0,2
19,2025-01-31 16:00:00,2025-01-31,16:00:00,1.038733,1.04133,1.03803,1.038438,0,2
20,2025-01-31 20:00:00,2025-01-31,20:00:00,1.03842,1.03862,1.03651,1.03828,0,2
21,2025-02-01 00:00:00,2025-02-01,00:00:00,1.038282,1.0408,1.03601,1.03998,0,2
22,2025-02-01 04:00:00,2025-02-01,04:00:00,1.03998,1.04349,1.03613,1.037367,0,2
23,2025-02-01 08:00:00,2025-02-01,08:00:00,1.037367,1.03881,1.03494,1.03612,0,2
24,2025-02-03 08:00:00,2025-02-03,08:00:00,1.02493,1.02717,1.02096,1.023188,0,2
25,2025-02-03 12:00:00,2025-02-03,12:00:00,1.02317,1.02529,1.02118,1.022677,0,2
26,2025-02-03 16:00:00,2025-02-03,16:00:00,1.02269,1.02522,1.02124,1.024402,0,2
27,2025-02-03 20:00:00,2025-02-03,20:00:00,1.024367,1.02797,1.02254,1.02573,0,2
28,2025-02-04 00:00:00,2025-02-04,00:00:00,1.025753,1.03368,1.02423,1.0276,0,2
29,2025-02-04 04:00:00,2025-02-04,04:00:00,1.027623,1.03055,1.02689,1.03,0,2
30,2025-02-04 08:00:00,2025-02-04,08:00:00,1.029537,1.03563,1.02925,1.03181,0,2
31,2025-02-04 12:00:00,2025-02-04,12:00:00,1.03179,1.03245,1.03056,1.030642,0,2
32,2025-02-04 16:00:00,2025-02-04,16:00:00,1.030607,1.0336,1.02717,1.03348,0,2
33,2025-02-04 20:00:00,2025-02-04,20:00:00,1.03344,1.03498,1.03201,1.032538,0,2
34,2025-02-05 00:00:00,2025-02-05,00:00:00,1.032528,1.03877,1.03234,1.037847,0,2
35,2025-02-05 04:00:00,2025-02-05,04:00:00,1.037837,1.03866,1.03652,1.0386,0,2
36,2025-02-05 08:00:00,2025-02-05,08:00:00,1.03857,1.03881,1.03695,1.03789,0,2
37,2025-02-05 12:00:00,2025-02-05,12:00:00,1.0379,1.03871,1.03722,1.037867,0,2
38,2025-02-05 16:00:00,2025-02-05,16:00:00,1.037878,1.04104,1.0373,1.040472,0,2
39,2025-02-05 20:00:00,2025-02-05,20:00:00,1.040398,1.0431,1.04014,1.04196,0,2
40,2025-02-06 00:00:00,2025-02-06,00:00:00,1.0419,1.04446,1.04013,1.04181,0,2
41,2025-02-06 04:00:00,2025-02-06,04:00:00,1.04182,1.04246,1.04005,1.040538,0,2
42,2025-02-06 08:00:00,2025-02-06,08:00:00,1.040482,1.04097,1.03944,1.039757,0,2
43,2025-02-06 12:00:00,2025-02-06,12:00:00,1.039767,1.04059,1.0385,1.038698,0,2
44,2025-02-06 16:00:00,2025-02-06,16:00:00,1.038718,1.0393,1.03558,1.03652,0,2
45,2025-02-06 20:00:00,2025-02-06,20:00:00,1.03652,1.03682,1.03522,1.036153,0,2
46,2025-02-07 00:00:00,2025-02-07,00:00:00,1.03618,1.03769,1.03532,1.036697,0,2
47,2025-02-07 04:00:00,2025-02-07,04:00:00,1.036703,1.0397,1.03656,1.038873,0,2
48,2025-02-07 08:00:00,2025-02-07,08:00:00,1.038838,1.03914,1.0377,1.037783,0,2
49,2025-02-07 12:00:00,2025-02-07,12:00:00,1.037802,1.03872,1.03741,1.03812,0,2
50,2025-02-07 16:00:00,2025-02-07,16:00:00,1.03811,1.04004,1.03724,1.03985,0,2
51,2025-02-07 20:00:00,2025-02-07,20:00:00,1.03978,1.03998,1.03681,1.03744,0,2
52,2025-02-08 00:00:00,2025-02-08,00:00:00,1.03744,1.0416,1.03204,1.032798,0,2
53,2025-02-08 04:00:00,2025-02-08,04:00:00,1.032793,1.03627,1.03044,1.03279,0,2
54,2025-02-08 08:00:00,2025-02-08,08:00:00,1.03281,1.0334,1.03227,1.03276,0,2
55,2025-02-10 08:00:00,2025-02-10,08:00:00,1.0296,1.03189,1.02865,1.03102,0,2
56,2025-02-10 12:00:00,2025-02-10,12:00:00,1.031035,1.03163,1.02983,1.03133,0,2
57,2025-02-10 16:00:00,2025-02-10,16:00:00,1.03136,1.03259,1.03064,1.03223,0,2
58,2025-02-10 20:00:00,2025-02-10,20:00:00,1.03221,1.0337,1.03082,1.03137,0,2
59,2025-02-11 00:00:00,2025-02-11,00:00:00,1.0314,1.03268,1.03039,1.031153,0,2
60,2025-02-11 04:00:00,2025-02-11,04:00:00,1.031168,1.03165,1.03047,1.03071,0,2
61,2025-02-11 08:00:00,2025-02-11,08:00:00,1.03067,1.03136,1.02978,1.03042,0,2
62,2025-02-11 12:00:00,2025-02-11,12:00:00,1.03046,1.03051,1.02918,1.03042,0,2
63,2025-02-11 16:00:00,2025-02-11,16:00:00,1.03042,1.03202,1.02997,1.03182,0,2
64,2025-02-11 20:00:00,2025-02-11,20:00:00,1.03182,1.03291,1.03124,1.03221,0,2
65,2025-02-12 00:00:00,2025-02-12,00:00:00,1.03221,1.03518,1.03163,1.0346,0,2
66,2025-02-12 04:00:00,2025-02-12,04:00:00,1.03456,1.0382,1.03418,1.036318,0,2
67,2025-02-12 08:00:00,2025-02-12,08:00:00,1.0363,1.03683,1.03562,1.035753,0,2
68,2025-02-12 12:00:00,2025-02-12,12:00:00,1.035747,1.03682,1.03537,1.0356,0,2
69,2025-02-12 16:00:00,2025-02-12,16:00:00,1.03564,1.03806,1.03547,1.03714,0,2
70,2025-02-12 20:00:00,2025-02-12,20:00:00,1.03713,1.03862,1.03645,1.037323,0,2
71,2025-02-13 00:00:00,2025-02-13,00:00:00,1.0373,1.03965,1.03167,1.039143,0,2
72,2025-02-13 04:00:00,2025-02-13,04:00:00,1.039153,1.04302,1.03844,1.039203,0,2
73,2025-02-13 08:00:00,2025-02-13,08:00:00,1.0392,1.04009,1.03797,1.038965,0,2
74,2025-02-13 12:00:00,2025-02-13,12:00:00,1.03898,1.04359,1.03871,1.043,0,2
75,2025-02-13 16:00:00,2025-02-13,16:00:00,1.043483,1.04406,1.04101,1.04131,0,2
76,2025-02-13 20:00:00,2025-02-13,20:00:00,1.041362,1.04295,1.03855,1.03896,0,2
77,2025-02-14 00:00:00,2025-02-14,00:00:00,1.03899,1.04458,1.03753,1.042763,0,2
78,2025-02-14 04:00:00,2025-02-14,04:00:00,1.042747,1.04663,1.03725,1.046193,0,2
79,2025-02-14 08:00:00,2025-02-14,08:00:00,1.046183,1.04714,1.0456,1.046095,0,2
80,2025-02-14 12:00:00,2025-02-14,12:00:00,1.046105,1.04674,1.04536,1.046,0,2
81,2025-02-14 16:00:00,2025-02-14,16:00:00,1.04551,1.04868,1.04468,1.04765,0,2
82,2025-02-14 20:00:00,2025-02-14,20:00:00,1.04767,1.04882,1.04566,1.0472,0,2
83,2025-02-15 00:00:00,2025-02-15,00:00:00,1.04718,1.05146,1.0471,1.04976,0,2
84,2025-02-15 04:00:00,2025-02-15,04:00:00,1.04977,1.05093,1.04909,1.04922,0,2
85,2025-02-15 08:00:00,2025-02-15,08:00:00,1.04924,1.04953,1.04867,1.04912,0,2
86,2025-02-17 08:00:00,2025-02-17,08:00:00,1.048635,1.04957,1.04834,1.04923,0,2
87,2025-02-17 12:00:00,2025-02-17,12:00:00,1.04927,1.05069,1.0489,1.04956,0,2
88,2025-02-17 16:00:00,2025-02-17,16:00:00,1.04957,1.04986,1.04707,1.047443,0,2
89,2025-02-17 20:00:00,2025-02-17,20:00:00,1.04744,1.04898,1.04682,1.04721,0,2
90,2025-02-18 00:00:00,2025-02-18,00:00:00,1.04724,1.04846,1.04667,1.04787,0,2
91,2025-02-18 04:00:00,2025-02-18,04:00:00,1.0479,1.04851,1.04778,1.04835,0,2
92,2025-02-18 08:00:00,2025-02-18,08:00:00,1.04836,1.04879,1.04724,1.04751,0,2
93,2025-02-18 12:00:00,2025-02-18,12:00:00,1.04749,1.0476,1.04551,1.04572,0,2
94,2025-02-18 16:00:00,2025-02-18,16:00:00,1.04572,1.04699,1.0452,1.04571,0,2
95,2025-02-18 20:00:00,2025-02-18,20:00:00,1.04569,1.04689,1.04527,1.04554,0,2
96,2025-02-19 00:00:00,2025-02-19,00:00:00,1.04554,1.047,1.04413,1.04566,0,2
97,2025-02-19 04:00:00,2025-02-19,04:00:00,1.04567,1.04571,1.04349,1.04478,0,2
98,2025-02-19 08:00:00,2025-02-19,08:00:00,1.04476,1.04557,1.04374,1.044582,0,2
99,2025-02-19 12:00:00,2025-02-19,12:00:00,1.044598,1.04536,1.04408,1.04524,0,2
100,2025-02-19 16:00:00,2025-02-19,16:00:00,1.04524,1.04618,1.04384,1.04408,0,2
101,2025-02-19 20:00:00,2025-02-19,20:00:00,1.04405,1.0444,1.04186,1.04283,0,2
102,2025-02-20 00:00:00,2025-02-20,00:00:00,1.04283,1.04418,1.04039,1.04048,0,2
103,2025-02-20 04:00:00,2025-02-20,04:00:00,1.04047,1.04329,1.04007,1.04253,0,2
104,2025-02-20 08:00:00,2025-02-20,08:00:00,1.04253,1.04306,1.04183,1.04293,0,2
105,2025-02-20 12:00:00,2025-02-20,12:00:00,1.0429,1.04379,1.04185,1.04303,0,2
106,2025-02-20 16:00:00,2025-02-20,16:00:00,1.04304,1.04424,1.04234,1.04337,0,2
107,2025-02-20 20:00:00,2025-02-20,20:00:00,1.04333,1.04468,1.04285,1.04358,0,2
108,2025-02-21 00:00:00,2025-02-21,00:00:00,1.04359,1.04787,1.04348,1.04747,0,2
109,2025-02-21 04:00:00,2025-02-21,04:00:00,1.04749,1.05039,1.04709,1.050288,0,2
110,2025-02-21 08:00:00,2025-02-21,08:00:00,1.050277,1.05062,1.04889,1.0491,0,2
111,2025-02-21 12:00:00,2025-02-21,12:00:00,1.049018,1.05054,1.04843,1.04992,0,2
112,2025-02-21 16:00:00,2025-02-21,16:00:00,1.04992,1.05011,1.04677,1.04767,0,2
113,2025-02-21 20:00:00,2025-02-21,20:00:00,1.0477,1.04816,1.04592,1.04622,0,2
114,2025-02-22 00:00:00,2025-02-22,00:00:00,1.04619,1.04933,1.0449,1.04547,0,2
115,2025-02-22 04:00:00,2025-02-22,04:00:00,1.04549,1.04683,1.04506,1.04608,0,2
116,2025-02-22 08:00:00,2025-02-22,08:00:00,1.04608,1.04684,1.04554,1.04609,0,2
117,2025-02-24 08:00:00,2025-02-24,08:00:00,1.04661,1.0508,1.04629,1.050402,0,2
118,2025-02-24 12:00:00,2025-02-24,12:00:00,1.050438,1.05287,1.05021,1.05157,0,2
119,2025-02-24 16:00:00,2025-02-24,16:00:00,1.051552,1.05202,1.04691,1.048018,0,2
120,2025-02-24 20:00:00,2025-02-24,20:00:00,1.04799,1.04852,1.046,1.0469,0,2
121,2025-02-25 00:00:00,2025-02-25,00:00:00,1.04691,1.04809,1.04525,1.04778,0,2
122,2025-02-25 04:00:00,2025-02-25,04:00:00,1.04779,1.04862,1.04642,1.046503,0,2
123,2025-02-25 08:00:00,2025-02-25,08:00:00,1.046533,1.04721,1.04594,1.04633,0,2
124,2025-02-25 12:00:00,2025-02-25,12:00:00,1.04635,1.04777,1.04604,1.04733,0,2
125,2025-02-25 16:00:00,2025-02-25,16:00:00,1.0473,1.04806,1.04559,1.04703,0,2
126,2025-02-25 20:00:00,2025-02-25,20:00:00,1.04703,1.05005,1.0465,1.049368,0,2
127,2025-02-26 00:00:00,2025-02-26,00:00:00,1.04939,1.05197,1.04916,1.0497,0,2
128,2025-02-26 04:00:00,2025-02-26,04:00:00,1.04977,1.05196,1.04837,1.05164,0,2
129,2025-02-26 08:00:00,2025-02-26,08:00:00,1.051597,1.05254,1.05089,1.052298,0,2
130,2025-02-26 12:00:00,2025-02-26,12:00:00,1.052258,1.05242,1.04966,1.04974,0,2
131,2025-02-26 16:00:00,2025-02-26,16:00:00,1.049717,1.05121,1.04868,1.050242,0,2
132,2025-02-26 20:00:00,2025-02-26,20:00:00,1.05028,1.05036,1.04746,1.04764,0,2
133,2025-02-27 00:00:00,2025-02-27,00:00:00,1.047667,1.0516,1.04761,1.051382,0,2
134,2025-02-27 04:00:00,2025-02-27,04:00:00,1.051373,1.05294,1.04805,1.04862,0,2
135,2025-02-27 08:00:00,2025-02-27,08:00:00,1.048608,1.0493,1.04764,1.047718,0,2
136,2025-02-27 12:00:00,2025-02-27,12:00:00,1.04775,1.04837,1.04589,1.046293,0,2
137,2025-02-27 16:00:00,2025-02-27,16:00:00,1.046307,1.04806,1.04613,1.0478,0,2
138,2025-02-27 20:00:00,2025-02-27,20:00:00,1.04787,1.04878,1.04727,1.047662,0,2
139,2025-02-28 00:00:00,2025-02-28,00:00:00,1.047653,1.04924,1.0403,1.041397,0,2
140,2025-02-28 04:00:00,2025-02-28,04:00:00,1.041393,1.04186,1.04001,1.040547,0,2
141,2025-02-28 08:00:00,2025-02-28,08:00:00,1.040537,1.0406,1.03872,1.0402,0,2
142,2025-02-28 12:00:00,2025-02-28,12:00:00,1.0402,1.04047,1.03802,1.03867,0,2
143,2025-02-28 16:00:00,2025-02-28,16:00:00,1.03868,1.04049,1.03825,1.040093,0,2
144,2025-02-28 20:00:00,2025-02-28,20:00:00,1.040198,1.04085,1.03922,1.040703,0,2
145,2025-03-01 00:00:00,2025-03-01,00:00:00,1.04072,1.04205,1.0393,1.04019,0,2
146,2025-03-01 04:00:00,2025-03-01,04:00:00,1.040177,1.04104,1.03596,1.037497,0,2
147,2025-03-01 08:00:00,2025-03-01,08:00:00,1.037492,1.03795,1.03682,1.03773,0,2
148,2025-03-03 08:00:00,2025-03-03,08:00:00,1.040505,1.04218,1.03978,1.040952,0,2
149,2025-03-03 12:00:00,2025-03-03,12:00:00,1.040963,1.0424,1.04072,1.041797,0,2
150,2025-03-03 16:00:00,2025-03-03,16:00:00,1.04177,1.04199,1.03881,1.04007,0,2
151,2025-03-03 20:00:00,2025-03-03,20:00:00,1.040132,1.04766,1.04004,1.04705,0,2
152,2025-03-04 00:00:00,2025-03-04,00:00:00,1.04706,1.05044,1.04592,1.04962,0,2
153,2025-03-04 04:00:00,2025-03-04,04:00:00,1.04961,1.05048,1.0466,1.048212,0,2
154,2025-03-04 08:00:00,2025-03-04,08:00:00,1.048198,1.04933,1.04761,1.04882,0,2
155,2025-03-04 12:00:00,2025-03-04,12:00:00,1.04882,1.04966,1.04709,1.04781,0,2
156,2025-03-04 16:00:00,2025-03-04,16:00:00,1.0478,1.05245,1.04708,1.0519,0,2
157,2025-03-04 20:00:00,2025-03-04,20:00:00,1.05189,1.05575,1.05022,1.05533,0,2
158,2025-03-05 00:00:00,2025-03-05,00:00:00,1.05533,1.05603,1.04961,1.05337,0,2
159,2025-03-05 04:00:00,2025-03-05,04:00:00,1.05339,1.06242,1.05302,1.060935,0,2
160,2025-03-05 08:00:00,2025-03-05,08:00:00,1.060887,1.06378,1.06079,1.06211,0,2
161,2025-03-05 12:00:00,2025-03-05,12:00:00,1.06209,1.06281,1.06016,1.0619,0,2
162,2025-03-05 16:00:00,2025-03-05,16:00:00,1.06193,1.07001,1.06185,1.069657,0,2
163,2025-03-05 20:00:00,2025-03-05,20:00:00,1.069832,1.07225,1.06762,1.06957,0,2
164,2025-03-06 00:00:00,2025-03-06,00:00:00,1.06959,1.07876,1.0685,1.076707,0,2
165,2025-03-06 04:00:00,2025-03-06,04:00:00,1.076707,1.0797,1.0762,1.079287,0,2
166,2025-03-06 08:00:00,2025-03-06,08:00:00,1.07923,1.08033,1.07845,1.079462,0,2
167,2025-03-06 12:00:00,2025-03-06,12:00:00,1.0795,1.08206,1.07836,1.08037,0,2
168,2025-03-06 16:00:00,2025-03-06,16:00:00,1.08036,1.08227,1.07915,1.08014,0,2
169,2025-03-06 20:00:00,2025-03-06,20:00:00,1.080107,1.08079,1.07799,1.08004,0,2
170,2025-03-07 00:00:00,2025-03-07,00:00:00,1.08003,1.08548,1.07893,1.08177,0,2
171,2025-03-07 04:00:00,2025-03-07,04:00:00,1.08173,1.08227,1.0765,1.07865,0,2
172,2025-03-07 08:00:00,2025-03-07,08:00:00,1.07868,1.07968,1.07748,1.07878,0,2
173,2025-03-07 12:00:00,2025-03-07,12:00:00,1.07879,1.08152,1.0781,1.081317,0,2
174,2025-03-07 16:00:00,2025-03-07,16:00:00,1.081322,1.08566,1.08073,1.08509,0,2
175,2025-03-07 20:00:00,2025-03-07,20:00:00,1.08509,1.08717,1.08409,1.085562,0,2
176,2025-03-08 00:00:00,2025-03-08,00:00:00,1.085468,1.08895,1.0835,1.085822,0,2
177,2025-03-08 04:00:00,2025-03-08,04:00:00,1.085867,1.08649,1.08253,1.08472,0,2
178,2025-03-08 08:00:00,2025-03-08,08:00:00,1.084737,1.08517,1.08289,1.08333,0,2
179,2025-03-10 08:00:00,2025-03-10,08:00:00,1.08551,1.08677,1.08441,1.086428,0,2
180,2025-03-10 12:00:00,2025-03-10,12:00:00,1.086437,1.08717,1.083,1.08309,0,2
181,2025-03-10 16:00:00,2025-03-10,16:00:00,1.083083,1.08452,1.0805,1.081,0,2
182,2025-03-10 20:00:00,2025-03-10,20:00:00,1.081002,1.08753,1.08081,1.084413,0,2
183,2025-03-11 00:00:00,2025-03-11,00:00:00,1.084437,1.08513,1.08206,1.08304,0,2
184,2025-03-11 04:00:00,2025-03-11,04:00:00,1.08303,1.08462,1.08173,1.083427,0,2
185,2025-03-11 08:00:00,2025-03-11,08:00:00,1.08339,1.0854,1.08251,1.085157,0,2
186,2025-03-11 12:00:00,2025-03-11,12:00:00,1.085167,1.08619,1.08434,1.085452,0,2
187,2025-03-11 16:00:00,2025-03-11,16:00:00,1.085447,1.09197,1.08354,1.091722,0,2
188,2025-03-11 20:00:00,2025-03-11,20:00:00,1.091712,1.09212,1.0881,1.09183,0,2
189,2025-03-12 00:00:00,2025-03-12,00:00:00,1.09181,1.09311,1.08949,1.09253,0,2
190,2025-03-12 04:00:00,2025-03-12,04:00:00,1.09254,1.09479,1.09097,1.09191,0,2
191,2025-03-12 08:00:00,2025-03-12,08:00:00,1.091935,1.09247,1.09054,1.09089,0,2
192,2025-03-12 12:00:00,2025-03-12,12:00:00,1.0909,1.09157,1.08957,1.0899,0,2
193,2025-03-12 16:00:00,2025-03-12,16:00:00,1.08991,1.09222,1.08872,1.092067,0,2
194,2025-03-12 20:00:00,2025-03-12,20:00:00,1.092153,1.09354,1.08758,1.08778,0,2
195,2025-03-13 00:00:00,2025-03-13,00:00:00,1.08784,1.09283,1.08755,1.090585,0,2
196,2025-03-13 04:00:00,2025-03-13,04:00:00,1.090575,1.09147,1.08789,1.088728,0,2
197,2025-03-13 08:00:00,2025-03-13,08:00:00,1.08879,1.08951,1.08823,1.089142,0,2
198,2025-03-13 12:00:00,2025-03-13,12:00:00,1.089152,1.08976,1.08814,1.08936,0,2
199,2025-03-13 16:00:00,2025-03-13,16:00:00,1.08935,1.08938,1.08589,1.08735,0,2
200,2025-03-13 20:00:00,2025-03-13,20:00:00,1.08733,1.08857,1.0826,1.083473,0,2
201,2025-03-14 00:00:00,2025-03-14,00:00:00,1.08348,1.08788,1.08221,1.087275,0,2
202,2025-03-14 04:00:00,2025-03-14,04:00:00,1.08729,1.0874,1.0846,1.08524,0,2
203,2025-03-14 08:00:00,2025-03-14,08:00:00,1.085245,1.08591,1.08441,1.084932,0,2
204,2025-03-14 12:00:00,2025-03-14,12:00:00,1.084938,1.08498,1.0834,1.084118,0,2
205,2025-03-14 16:00:00,2025-03-14,16:00:00,1.084108,1.08572,1.08303,1.08539,0,2
206,2025-03-14 20:00:00,2025-03-14,20:00:00,1.0854,1.09132,1.08467,1.08948,0,2
207,2025-03-15 00:00:00,2025-03-15,00:00:00,1.08948,1.08985,1.08653,1.08833,0,2
208,2025-03-15 04:00:00,2025-03-15,04:00:00,1.08831,1.08885,1.0873,1.0879,0,2
209,2025-03-17 08:00:00,2025-03-17,08:00:00,1.08799,1.08861,1.08741,1.087973,0,2
210,2025-03-17 12:00:00,2025-03-17,12:00:00,1.087962,1.08944,1.08741,1.08821,0,2
211,2025-03-17 16:00:00,2025-03-17,16:00:00,1.08823,1.08874,1.08684,1.08837,0,2
212,2025-03-17 20:00:00,2025-03-17,20:00:00,1.08838,1.09123,1.08768,1.09018,0,2
213,2025-03-18 00:00:00,2025-03-18,00:00:00,1.09021,1.09303,1.08967,1.092128,0,2
214,2025-03-18 04:00:00,2025-03-18,04:00:00,1.092137,1.09284,1.09113,1.092278,0,2
215,2025-03-18 08:00:00,2025-03-18,08:00:00,1.09229,1.09265,1.09146,1.09162,0,2
216,2025-03-18 12:00:00,2025-03-18,12:00:00,1.0916,1.09196,1.09061,1.091108,0,2
217,2025-03-18 16:00:00,2025-03-18,16:00:00,1.091112,1.0955,1.09034,1.09518,0,2
218,2025-03-18 20:00:00,2025-03-18,20:00:00,1.095163,1.09537,1.08922,1.0911,0,2
219,2025-03-19 00:00:00,2025-03-19,00:00:00,1.091163,1.09404,1.08964,1.093873,0,2
220,2025-03-19 04:00:00,2025-03-19,04:00:00,1.09387,1.09522,1.09384,1.094462,0,2
221,2025-03-19 08:00:00,2025-03-19,08:00:00,1.09452,1.09497,1.09315,1.093527,0,2
222,2025-03-19 12:00:00,2025-03-19,12:00:00,1.093492,1.09455,1.0928,1.093008,0,2
223,2025-03-19 16:00:00,2025-03-19,16:00:00,1.093002,1.09367,1.08728,1.090728,0,2
224,2025-03-19 20:00:00,2025-03-19,20:00:00,1.090733,1.0918,1.08912,1.09011,0,2
225,2025-03-20 00:00:00,2025-03-20,00:00:00,1.09012,1.09043,1.08752,1.08854,0,2
226,2025-03-20 04:00:00,2025-03-20,04:00:00,1.08852,1.09138,1.08603,1.09028,0,2
227,2025-03-20 08:00:00,2025-03-20,08:00:00,1.09028,1.09171,1.08992,1.09123,0,2
228,2025-03-20 12:00:00,2025-03-20,12:00:00,1.09124,1.09178,1.09001,1.09034,0,2
229,2025-03-20 16:00:00,2025-03-20,16:00:00,1.09034,1.09038,1.08626,1.08657,0,2
230,2025-03-20 20:00:00,2025-03-20,20:00:00,1.08654,1.0869,1.08307,1.08339,0,2
231,2025-03-21 00:00:00,2025-03-21,00:00:00,1.08339,1.08527,1.08145,1.08489,0,2
232,2025-03-21 04:00:00,2025-03-21,04:00:00,1.08488,1.08596,1.08389,1.08515,0,2
233,2025-03-21 08:00:00,2025-03-21,08:00:00,1.08499,1.08595,1.08451,1.08533,0,2
234,2025-03-21 12:00:00,2025-03-21,12:00:00,1.0853,1.08561,1.08272,1.083038,0,2
235,2025-03-21 16:00:00,2025-03-21,16:00:00,1.08302,1.08461,1.08196,1.08358,0,2
236,2025-03-21 20:00:00,2025-03-21,20:00:00,1.08359,1.08618,1.08244,1.08322,0,2
237,2025-03-22 00:00:00,2025-03-22,00:00:00,1.08321,1.08365,1.07961,1.08183,0,2
238,2025-03-22 04:00:00,2025-03-22,04:00:00,1.08182,1.08273,1.08051,1.08144,0,2
239,2025-03-24 08:00:00,2025-03-24,08:00:00,1.08204,1.08405,1.08169,1.08374,0,2
240,2025-03-24 12:00:00,2025-03-24,12:00:00,1.08373,1.08379,1.08168,1.0823,0,2
241,2025-03-24 16:00:00,2025-03-24,16:00:00,1.08228,1.08589,1.0818,1.084328,0,2
242,2025-03-24 20:00:00,2025-03-24,20:00:00,1.084347,1.08554,1.08214,1.08298,0,2
243,2025-03-25 00:00:00,2025-03-25,00:00:00,1.08299,1.08312,1.07813,1.07924,0,2
244,2025-03-25 04:00:00,2025-03-25,04:00:00,1.07921,1.08136,1.07835,1.080093,0,2
245,2025-03-25 08:00:00,2025-03-25,08:00:00,1.080105,1.08071,1.07923,1.08004,0,2
246,2025-03-25 12:00:00,2025-03-25,12:00:00,1.08003,1.08093,1.0794,1.0803,0,2
247,2025-03-25 16:00:00,2025-03-25,16:00:00,1.08035,1.08075,1.07767,1.07908,0,2
248,2025-03-25 20:00:00,2025-03-25,20:00:00,1.07906,1.08306,1.07873,1.08254,0,2
249,2025-03-26 00:00:00,2025-03-26,00:00:00,1.082523,1.08282,1.07968,1.08066,0,2
250,2025-03-26 04:00:00,2025-03-26,04:00:00,1.08069,1.08173,1.07886,1.07916,0,2
251,2025-03-26 08:00:00,2025-03-26,08:00:00,1.07918,1.08027,1.07834,1.078448,0,2
252,2025-03-26 12:00:00,2025-03-26,12:00:00,1.078442,1.07976,1.07777,1.078423,0,2
253,2025-03-26 16:00:00,2025-03-26,16:00:00,1.078412,1.08001,1.07777,1.07993,0,2
254,2025-03-26 20:00:00,2025-03-26,20:00:00,1.079908,1.08031,1.07816,1.07842,0,2
255,2025-03-27 00:00:00,2025-03-27,00:00:00,1.07845,1.07958,1.07668,1.07877,0,2
256,2025-03-27 04:00:00,2025-03-27,04:00:00,1.07878,1.07898,1.07435,1.075373,0,2
257,2025-03-27 08:00:00,2025-03-27,08:00:00,1.075385,1.07609,1.07326,1.07556,0,2
258,2025-03-27 12:00:00,2025-03-27,12:00:00,1.07557,1.07874,1.07549,1.07804,0,2
259,2025-03-27 16:00:00,2025-03-27,16:00:00,1.07804,1.07829,1.0754,1.07759,0,2
260,2025-03-27 20:00:00,2025-03-27,20:00:00,1.077577,1.08,1.0761,1.07871,0,2
261,2025-03-28 00:00:00,2025-03-28,00:00:00,1.078725,1.08216,1.07761,1.07987,0,2
262,2025-03-28 04:00:00,2025-03-28,04:00:00,1.07991,1.08092,1.0788,1.080153,0,2
263,2025-03-28 08:00:00,2025-03-28,08:00:00,1.07998,1.08036,1.0788,1.079482,0,2
264,2025-03-28 12:00:00,2025-03-28,12:00:00,1.079493,1.07994,1.07842,1.07886,0,2
265,2025-03-28 16:00:00,2025-03-28,16:00:00,1.078873,1.08003,1.07745,1.07784,0,2
266,2025-03-28 20:00:00,2025-03-28,20:00:00,1.07786,1.07923,1.07635,1.078855,0,2
267,2025-03-29 00:00:00,2025-03-29,00:00:00,1.07889,1.08451,1.07845,1.08217,0,2
268,2025-03-29 04:00:00,2025-03-29,04:00:00,1.08218,1.08366,1.08118,1.08283,0,2
269,2025-03-29 08:00:00,2025-03-29,08:00:00,1.08268,1.08298,1.08238,1.08268,0,2
270,2025-03-31 08:00:00,2025-03-31,08:00:00,1.08169,1.08418,1.08041,1.08412,0,2
271,2025-03-31 12:00:00,2025-03-31,12:00:00,1.084155,1.08463,1.08285,1.08341,0,2
272,2025-03-31 16:00:00,2025-03-31,16:00:00,1.08341,1.08497,1.08114,1.08274,0,2
273,2025-03-31 20:00:00,2025-03-31,20:00:00,1.08274,1.0831,1.08007,1.08035,0,2
274,2025-04-01 00:00:00,2025-04-01,00:00:00,1.080375,1.08219,1.07839,1.08118,0,2
275,2025-04-01 04:00:00,2025-04-01,04:00:00,1.08121,1.08203,1.08069,1.08154,0,2
276,2025-04-01 08:00:00,2025-04-01,08:00:00,1.08192,1.08271,1.08138,1.082535,0,2
277,2025-04-01 12:00:00,2025-04-01,12:00:00,1.082515,1.08304,1.08166,1.082515,0,2
278,2025-04-01 16:00:00,2025-04-01,16:00:00,1.082525,1.08258,1.07986,1.081765,0,2
279,2025-04-01 20:00:00,2025-04-01,20:00:00,1.081755,1.08296,1.07781,1.07872,0,2
280,2025-04-02 00:00:00,2025-04-02,00:00:00,1.07873,1.08129,1.07789,1.07996,0,2
281,2025-04-02 04:00:00,2025-04-02,04:00:00,1.07998,1.0805,1.0785,1.07934,0,2
282,2025-04-02 08:00:00,2025-04-02,08:00:00,1.07918,1.08088,1.07857,1.079035,0,2
283,2025-04-02 12:00:00,2025-04-02,12:00:00,1.079045,1.08022,1.07868,1.07928,0,2
284,2025-04-02 16:00:00,2025-04-02,16:00:00,1.07927,1.080497,1.078516,1.080147,0,2
285,2025-04-02 20:00:00,2025-04-02,20:00:00,1.08003,1.082251,1.079098,1.082134,0,2
286,2025-04-03 00:00:00,2025-04-03,00:00:00,1.082017,1.087548,1.081783,1.085541,0,2
287,2025-04-03 04:00:00,2025-04-03,04:00:00,1.085423,1.091465,1.081549,1.085541,0,2
288,2025-04-03 08:00:00,2025-04-03,08:00:00,1.085541,1.091346,1.081081,1.089325,0,2
289,2025-04-03 12:00:00,2025-04-03,12:00:00,1.089206,1.092657,1.089206,1.091107,0,2
290,2025-04-03 16:00:00,2025-04-03,16:00:00,1.090988,1.10217,1.090988,1.10096,0,2
291,2025-04-03 20:00:00,2025-04-03,20:00:00,1.1012,1.11383,1.10084,1.10852,0,2
292,2025-04-04 00:00:00,2025-04-04,00:00:00,1.10803,1.11359,1.10375,1.10461,0,2
293,2025-04-04 04:00:00,2025-04-04,04:00:00,1.10412,1.10558,1.10193,1.10546,0,2
294,2025-04-04 08:00:00,2025-04-04,08:00:00,1.10436,1.10742,1.104,1.10632,0,2
295,2025-04-04 12:00:00,2025-04-04,12:00:00,1.10644,1.11,1.10607,1.10902,0,2
296,2025-04-04 16:00:00,2025-04-04,16:00:00,1.10902,1.11099,1.098418,1.10011,0,2
297,2025-04-04 20:00:00,2025-04-04,20:00:00,1.099868,1.10914,1.097454,1.10169,0,2
298,2025-04-05 00:00:00,2025-04-05,00:00:00,1.10241,1.10473,1.096491,1.097213,0,2
299,2025-04-05 04:00:00,2025-04-05,04:00:00,1.097574,1.097695,1.092896,1.096491,0,2
300,2025-04-05 08:00:00,2025-04-05,08:00:00,1.096251,1.096251,1.096251,1.096251,0,2
301,2025-04-07 08:00:00,2025-04-07,08:00:00,1.098539,1.10023,1.09517,1.096852,0,2
302,2025-04-07 12:00:00,2025-04-07,12:00:00,1.096611,1.10193,1.092538,1.10193,0,2
303,2025-04-07 16:00:00,2025-04-07,16:00:00,1.10181,1.10485,1.09529,1.096611,0,2
304,2025-04-07 20:00:00,2025-04-07,20:00:00,1.096852,1.099264,1.093972,1.094212,0,2
305,2025-04-08 00:00:00,2025-04-08,00:00:00,1.094811,1.097213,1.090631,1.094451,0,2
306,2025-04-08 04:00:00,2025-04-08,04:00:00,1.093972,1.09517,1.090513,1.091584,0,2
307,2025-04-08 08:00:00,2025-04-08,08:00:00,1.091703,1.096371,1.091107,1.096371,0,2
308,2025-04-08 12:00:00,2025-04-08,12:00:00,1.096491,1.098298,1.09589,1.097093,0,2
309,2025-04-08 16:00:00,2025-04-08,16:00:00,1.096732,1.099384,1.091465,1.092299,0,2
310,2025-04-08 20:00:00,2025-04-08,20:00:00,1.09218,1.097093,1.091703,1.093972,0,2
311,2025-04-09 00:00:00,2025-04-09,00:00:00,1.093733,1.09505,1.089562,1.093613,0,2
312,2025-04-09 04:00:00,2025-04-09,04:00:00,1.093494,1.098056,1.093494,1.09589,0,2
313,2025-04-09 08:00:00,2025-04-09,08:00:00,1.096011,1.10424,1.096011,1.10254,0,2
314,2025-04-09 12:00:00,2025-04-09,12:00:00,1.10229,1.10717,1.10144,1.10644,0,2
315,2025-04-09 16:00:00,2025-04-09,16:00:00,1.10644,1.10914,1.10023,1.10461,0,2
316,2025-04-09 20:00:00,2025-04-09,20:00:00,1.10461,1.10963,1.1029,1.10473,0,2
317,2025-04-10 00:00:00,2025-04-10,00:00:00,1.10363,1.10705,1.09517,1.097815,0,2
318,2025-04-10 04:00:00,2025-04-10,04:00:00,1.097695,1.098418,1.092419,1.09541,0,2
319,2025-04-10 08:00:00,2025-04-10,08:00:00,1.09565,1.099022,1.094571,1.097574,0,2
320,2025-04-10 12:00:00,2025-04-10,12:00:00,1.097815,1.099747,1.096491,1.09878,0,2
321,2025-04-10 16:00:00,2025-04-10,16:00:00,1.098901,1.10607,1.096732,1.10607,0,2
322,2025-04-10 20:00:00,2025-04-10,20:00:00,1.10619,1.11359,1.10595,1.11309,0,2
323,2025-04-11 00:00:00,2025-04-11,00:00:00,1.11309,1.12271,1.11284,1.12133,0,2
324,2025-04-11 04:00:00,2025-04-11,04:00:00,1.12158,1.12435,1.11632,1.12045,0,2
325,2025-04-11 08:00:00,2025-04-11,08:00:00,1.12045,1.13611,1.1202,1.13097,0,2
326,2025-04-11 12:00:00,2025-04-11,12:00:00,1.13122,1.13559,1.12752,1.12867,0,2
327,2025-04-11 16:00:00,2025-04-11,16:00:00,1.12854,1.14732,1.12524,1.13895,0,2
328,2025-04-11 20:00:00,2025-04-11,20:00:00,1.13675,1.14155,1.1325,1.13649,0,2
329,2025-04-12 00:00:00,2025-04-12,00:00:00,1.13559,1.13843,1.12829,1.12905,0,2
330,2025-04-12 04:00:00,2025-04-12,04:00:00,1.12931,1.13662,1.12931,1.13636,0,2
331,2025-04-12 08:00:00,2025-04-12,08:00:00,1.13379,1.13379,1.13379,1.13379,0,2
332,2025-04-14 08:00:00,2025-04-14,08:00:00,1.13417,1.14116,1.13302,1.13882,0,2
333,2025-04-14 12:00:00,2025-04-14,12:00:00,1.13882,1.14038,1.13585,1.13882,0,2
334,2025-04-14 16:00:00,2025-04-14,16:00:00,1.13869,1.14247,1.13804,1.13921,0,2
335,2025-04-14 20:00:00,2025-04-14,20:00:00,1.13908,1.14077,1.13007,1.13314,0,2
336,2025-04-15 00:00:00,2025-04-15,00:00:00,1.13314,1.13843,1.1325,1.13417,0,2
337,2025-04-15 04:00:00,2025-04-15,04:00:00,1.1343,1.13727,1.1343,1.13623,0,2
338,2025-04-15 08:00:00,2025-04-15,08:00:00,1.13623,1.13675,1.13186,1.13276,0,2
339,2025-04-15 12:00:00,2025-04-15,12:00:00,1.13289,1.13701,1.13289,1.13533,0,2
340,2025-04-15 16:00:00,2025-04-15,16:00:00,1.1352,1.13792,1.13263,1.13443,0,2
341,2025-04-15 20:00:00,2025-04-15,20:00:00,1.13417,1.13507,1.13109,1.13186,0,2
342,2025-04-16 00:00:00,2025-04-16,00:00:00,1.13199,1.13314,1.12689,1.12752,0,2
343,2025-04-16 04:00:00,2025-04-16,04:00:00,1.1274,1.12931,1.12714,1.12854,0,2
344,2025-04-16 08:00:00,2025-04-16,08:00:00,1.1288,1.1334,1.1288,1.13276,0,2
345,2025-04-16 12:00:00,2025-04-16,12:00:00,1.13276,1.13843,1.13237,1.13843,0,2
346,2025-04-16 16:00:00,2025-04-16,16:00:00,1.1383,1.13947,1.13456,1.13611,0,2
347,2025-04-16 20:00:00,2025-04-16,20:00:00,1.13649,1.13766,1.13469,1.13688,0,2
348,2025-04-17 00:00:00,2025-04-17,00:00:00,1.13701,1.13921,1.13598,1.13792,0,2
349,2025-04-17 04:00:00,2025-04-17,04:00:00,1.13753,1.14155,1.13688,1.14012,0,2
350,2025-04-17 08:00:00,2025-04-17,08:00:00,1.14025,1.14116,1.13611,1.13688,0,2
351,2025-04-17 12:00:00,2025-04-17,12:00:00,1.13701,1.1383,1.13482,1.13546,0,2
352,2025-04-17 16:00:00,2025-04-17,16:00:00,1.13559,1.13889,1.13482,1.13723,0,2
353,2025-04-17 20:00:00,2025-04-17,20:00:00,1.13728,1.13783,1.13349,1.13608,0,2
354,2025-04-18 00:00:00,2025-04-18,00:00:00,1.13614,1.13861,1.1338,1.13513,0,2
355,2025-04-18 04:00:00,2025-04-18,04:00:00,1.13523,1.13771,1.13428,1.13628,0,2
356,2025-04-18 08:00:00,2025-04-18,08:00:00,1.13703,1.13894,1.1358,1.13718,0,2
357,2025-04-18 12:00:00,2025-04-18,12:00:00,1.13721,1.13811,1.13654,1.13703,0,2
358,2025-04-18 16:00:00,2025-04-18,16:00:00,1.13723,1.13783,1.13555,1.13692,0,2
359,2025-04-18 20:00:00,2025-04-18,20:00:00,1.13701,1.1389,1.13681,1.13789,0,2
360,2025-04-19 00:00:00,2025-04-19,00:00:00,1.13801,1.13996,1.13784,1.13923,0,2
361,2025-04-19 04:00:00,2025-04-19,04:00:00,1.13924,1.13992,1.13864,1.13935,0,2
362,2025-04-21 08:00:00,2025-04-21,08:00:00,1.14337,1.14866,1.14324,1.14769,0,2
363,2025-04-21 12:00:00,2025-04-21,12:00:00,1.14768,1.1535,1.14717,1.15335,0,2
364,2025-04-21 16:00:00,2025-04-21,16:00:00,1.15311,1.15739,1.15047,1.15474,0,2
365,2025-04-21 20:00:00,2025-04-21,20:00:00,1.15471,1.15504,1.15012,1.15191,0,2
366,2025-04-22 00:00:00,2025-04-22,00:00:00,1.15189,1.15252,1.14813,1.15144,0,2
367,2025-04-22 04:00:00,2025-04-22,04:00:00,1.15136,1.15273,1.15046,1.15123,0,2
368,2025-04-22 08:00:00,2025-04-22,08:00:00,1.15204,1.15257,1.14817,1.14945,0,2
369,2025-04-22 12:00:00,2025-04-22,12:00:00,1.14947,1.15478,1.14936,1.15423,0,2
370,2025-04-22 16:00:00,2025-04-22,16:00:00,1.15423,1.15463,1.1483,1.14925,0,2
371,2025-04-22 20:00:00,2025-04-22,20:00:00,1.14906,1.1501,1.14565,1.14755,0,2
372,2025-04-23 00:00:00,2025-04-23,00:00:00,1.14741,1.14925,1.14307,1.14511,0,2
373,2025-04-23 04:00:00,2025-04-23,04:00:00,1.14504,1.14508,1.1362,1.1362,0,2
374,2025-04-23 08:00:00,2025-04-23,08:00:00,1.13671,1.14159,1.13072,1.14068,0,2
375,2025-04-23 12:00:00,2025-04-23,12:00:00,1.14071,1.14112,1.13705,1.13769,0,2
376,2025-04-23 16:00:00,2025-04-23,16:00:00,1.13769,1.14404,1.13746,1.14193,0,2
377,2025-04-23 20:00:00,2025-04-23,20:00:00,1.14183,1.14204,1.13371,1.13379,0,2
378,2025-04-24 00:00:00,2025-04-24,00:00:00,1.13353,1.1384,1.13247,1.13298,0,2
379,2025-04-24 04:00:00,2025-04-24,04:00:00,1.13295,1.13323,1.13104,1.13176,0,2
380,2025-04-24 08:00:00,2025-04-24,08:00:00,1.13363,1.13581,1.13214,1.13498,0,2
381,2025-04-24 12:00:00,2025-04-24,12:00:00,1.13502,1.13576,1.13305,1.13363,0,2
382,2025-04-24 16:00:00,2025-04-24,16:00:00,1.13364,1.13937,1.13357,1.13844,0,2
383,2025-04-24 20:00:00,2025-04-24,20:00:00,1.13845,1.13948,1.13586,1.1377,0,2
384,2025-04-25 00:00:00,2025-04-25,00:00:00,1.13762,1.13877,1.1348,1.13689,0,2
385,2025-04-25 04:00:00,2025-04-25,04:00:00,1.13695,1.13984,1.13636,1.13871,0,2
386,2025-04-25 08:00:00,2025-04-25,08:00:00,1.1386,1.13932,1.13424,1.1344,0,2
387,2025-04-25 12:00:00,2025-04-25,12:00:00,1.13438,1.136,1.13154,1.13302,0,2
388,2025-04-25 16:00:00,2025-04-25,16:00:00,1.13312,1.13691,1.13213,1.13465,0,2
389,2025-04-25 20:00:00,2025-04-25,20:00:00,1.13478,1.1367,1.13327,1.13537,0,2
390,2025-04-26 00:00:00,2025-04-26,00:00:00,1.13537,1.13893,1.13507,1.13777,0,2
391,2025-04-26 04:00:00,2025-04-26,04:00:00,1.13768,1.13814,1.13566,1.13652,0,2
392,2025-04-28 08:00:00,2025-04-28,08:00:00,1.13501,1.1367,1.13408,1.13514,0,2
393,2025-04-28 12:00:00,2025-04-28,12:00:00,1.13512,1.13812,1.13431,1.13742,0,2
394,2025-04-28 16:00:00,2025-04-28,16:00:00,1.1374,1.13751,1.13289,1.13439,0,2
395,2025-04-29 12:00:00,2025-04-29,12:00:00,1.13904,1.13936,1.1374,1.13868,0,2
396,2025-04-29 16:00:00,2025-04-29,16:00:00,1.13864,1.14126,1.13801,1.13807,0,2
397,2025-04-29 20:00:00,2025-04-29,20:00:00,1.13807,1.14177,1.13698,1.13966,0,2
398,2025-04-30 00:00:00,2025-04-30,00:00:00,1.13938,1.14193,1.13786,1.13854,0,2
399,2025-04-30 04:00:00,2025-04-30,04:00:00,1.13854,1.13953,1.13755,1.13844,0,2
400,2025-04-30 08:00:00,2025-04-30,08:00:00,1.1388,1.13964,1.13567,1.13594,0,2
401,2025-04-30 12:00:00,2025-04-30,12:00:00,1.13587,1.1385,1.13545,1.1383,0,2
402,2025-04-30 16:00:00,2025-04-30,16:00:00,1.13826,1.14,1.13602,1.13625,0,2
403,2025-04-30 20:00:00,2025-04-30,20:00:00,1.13626,1.13893,1.13557,1.13692,0,2
404,2025-05-01 00:00:00,2025-05-01,00:00:00,1.13695,1.13795,1.13229,1.13459,0,2
405,2025-05-01 04:00:00,2025-05-01,04:00:00,1.1346,1.13588,1.13169,1.13279,0,2
406,2025-05-01 08:00:00,2025-05-01,08:00:00,1.13314,1.13351,1.13025,1.13079,0,2
407,2025-05-01 12:00:00,2025-05-01,12:00:00,1.13084,1.1319,1.12876,1.13013,0,2
408,2025-05-01 16:00:00,2025-05-01,16:00:00,1.12997,1.13314,1.12875,1.13138,0,2
409,2025-05-01 20:00:00,2025-05-01,20:00:00,1.13143,1.13416,1.13079,1.13224,0,2
410,2025-05-02 00:00:00,2025-05-02,00:00:00,1.13164,1.13197,1.12657,1.1283,0,2
411,2025-05-02 04:00:00,2025-05-02,04:00:00,1.12822,1.12948,1.1275,1.12879,0,2
412,2025-05-02 08:00:00,2025-05-02,08:00:00,1.12915,1.13001,1.1274,1.12956,0,2
413,2025-05-02 12:00:00,2025-05-02,12:00:00,1.12957,1.13159,1.12924,1.13084,0,2
414,2025-05-02 16:00:00,2025-05-02,16:00:00,1.13078,1.13555,1.13058,1.13512,0,2
415,2025-05-02 20:00:00,2025-05-02,20:00:00,1.13505,1.13802,1.13039,1.13728,0,2
416,2025-05-03 00:00:00,2025-05-03,00:00:00,1.13725,1.13815,1.12984,1.13042,0,2
417,2025-05-03 04:00:00,2025-05-03,04:00:00,1.13044,1.13094,1.12897,1.12936,0,2
418,2025-05-05 08:00:00,2025-05-05,08:00:00,1.13061,1.13404,1.13019,1.13346,0,2
419,2025-05-05 12:00:00,2025-05-05,12:00:00,1.13352,1.13478,1.13281,1.13335,0,2
420,2025-05-05 16:00:00,2025-05-05,16:00:00,1.13334,1.13445,1.13112,1.13396,0,2
421,2025-05-05 20:00:00,2025-05-05,20:00:00,1.13413,1.1365,1.13329,1.13525,0,2
422,2025-05-06 00:00:00,2025-05-06,00:00:00,1.13462,1.13531,1.12971,1.12986,0,2
423,2025-05-06 04:00:00,2025-05-06,04:00:00,1.12997,1.13222,1.12965,1.13168,0,2
424,2025-05-06 08:00:00,2025-05-06,08:00:00,1.13166,1.13214,1.12798,1.12936,0,2
425,2025-05-06 12:00:00,2025-05-06,12:00:00,1.12937,1.13278,1.12927,1.13179,0,2
426,2025-05-06 16:00:00,2025-05-06,16:00:00,1.13184,1.13497,1.13052,1.1311,0,2
427,2025-05-06 20:00:00,2025-05-06,20:00:00,1.13119,1.13578,1.13093,1.13528,0,2
428,2025-05-07 00:00:00,2025-05-07,00:00:00,1.13533,1.1371,1.13306,1.1364,0,2
429,2025-05-07 04:00:00,2025-05-07,04:00:00,1.13644,1.13817,1.13547,1.13734,0,2
430,2025-05-07 08:00:00,2025-05-07,08:00:00,1.1375,1.13787,1.13249,1.1344,0,2
431,2025-05-07 12:00:00,2025-05-07,12:00:00,1.13447,1.13676,1.13354,1.13659,0,2
432,2025-05-07 16:00:00,2025-05-07,16:00:00,1.13654,1.13785,1.1347,1.13573,0,2
433,2025-05-07 20:00:00,2025-05-07,20:00:00,1.13568,1.13731,1.13529,1.13669,0,2
434,2025-05-08 00:00:00,2025-05-08,00:00:00,1.13668,1.13713,1.13348,1.13422,0,2
435,2025-05-08 04:00:00,2025-05-08,04:00:00,1.13415,1.13656,1.12913,1.13142,0,2
436,2025-05-08 08:00:00,2025-05-08,08:00:00,1.13126,1.13332,1.12995,1.13318,0,2
437,2025-05-08 12:00:00,2025-05-08,12:00:00,1.13317,1.13368,1.12966,1.1304,0,2
438,2025-05-08 16:00:00,2025-05-08,16:00:00,1.13038,1.13081,1.12697,1.12849,0,2
439,2025-05-08 20:00:00,2025-05-08,20:00:00,1.12847,1.13207,1.12747,1.13065,0,2
440,2025-05-09 00:00:00,2025-05-09,00:00:00,1.13064,1.1317,1.12122,1.12269,0,2
441,2025-05-09 04:00:00,2025-05-09,04:00:00,1.12268,1.12316,1.12116,1.12275,0,2
442,2025-05-09 08:00:00,2025-05-09,08:00:00,1.12272,1.12336,1.12106,1.12122,0,2
443,2025-05-09 12:00:00,2025-05-09,12:00:00,1.12121,1.12371,1.11964,1.12357,0,2
444,2025-05-09 16:00:00,2025-05-09,16:00:00,1.12357,1.12602,1.12318,1.12462,0,2
445,2025-05-09 20:00:00,2025-05-09,20:00:00,1.12463,1.12689,1.12421,1.12586,0,2
446,2025-05-10 00:00:00,2025-05-10,00:00:00,1.12582,1.12933,1.12527,1.1262,0,2
447,2025-05-10 04:00:00,2025-05-10,04:00:00,1.1262,1.12664,1.12449,1.1245,0,2
448,2025-05-12 08:00:00,2025-05-12,08:00:00,1.12252,1.12434,1.12224,1.12261,0,2
449,2025-05-12 12:00:00,2025-05-12,12:00:00,1.1226,1.12387,1.12135,1.12222,0,2
450,2025-05-12 16:00:00,2025-05-12,16:00:00,1.12223,1.12361,1.10818,1.11192,0,2
451,2025-05-12 20:00:00,2025-05-12,20:00:00,1.11187,1.11349,1.10716,1.11203,0,2
452,2025-05-13 00:00:00,2025-05-13,00:00:00,1.11186,1.1135,1.10721,1.10791,0,2
453,2025-05-13 04:00:00,2025-05-13,04:00:00,1.10796,1.10971,1.1065,1.10909,0,2
454,2025-05-13 08:00:00,2025-05-13,08:00:00,1.10899,1.11095,1.1086,1.11067,0,2
455,2025-05-13 12:00:00,2025-05-13,12:00:00,1.11065,1.11202,1.10987,1.11111,0,2
456,2025-05-13 16:00:00,2025-05-13,16:00:00,1.11115,1.11249,1.11011,1.11071,0,2
457,2025-05-13 20:00:00,2025-05-13,20:00:00,1.11065,1.1149,1.10967,1.11351,0,2
458,2025-05-14 00:00:00,2025-05-14,00:00:00,1.11354,1.11834,1.11297,1.11772,0,2
459,2025-05-14 04:00:00,2025-05-14,04:00:00,1.11769,1.11954,1.11749,1.11865,0,2
460,2025-05-14 08:00:00,2025-05-14,08:00:00,1.11863,1.11983,1.1182,1.11885,0,2
461,2025-05-14 12:00:00,2025-05-14,12:00:00,1.11886,1.12016,1.11823,1.11862,0,2
462,2025-05-14 16:00:00,2025-05-14,16:00:00,1.11863,1.12663,1.118,1.12521,0,2
463,2025-05-14 20:00:00,2025-05-14,20:00:00,1.12523,1.12533,1.12094,1.12221,0,2
464,2025-05-15 00:00:00,2025-05-15,00:00:00,1.12199,1.12239,1.11754,1.11889,0,2
465,2025-05-15 04:00:00,2025-05-15,04:00:00,1.11894,1.11902,1.11643,1.1177,0,2
466,2025-05-15 08:00:00,2025-05-15,08:00:00,1.11818,1.12001,1.11758,1.11935,0,2
467,2025-05-15 12:00:00,2025-05-15,12:00:00,1.11936,1.12019,1.11852,1.11932,0,2
468,2025-05-15 16:00:00,2025-05-15,16:00:00,1.11933,1.12289,1.11891,1.12023,0,2
469,2025-05-15 20:00:00,2025-05-15,20:00:00,1.12025,1.12243,1.11789,1.12008,0,2
470,2025-05-16 00:00:00,2025-05-16,00:00:00,1.12009,1.12112,1.11702,1.11723,0,2
471,2025-05-16 04:00:00,2025-05-16,04:00:00,1.11712,1.1194,1.11708,1.11901,0,2
472,2025-05-16 08:00:00,2025-05-16,08:00:00,1.11905,1.12091,1.11842,1.12033,0,2
473,2025-05-16 12:00:00,2025-05-16,12:00:00,1.12028,1.12191,1.11959,1.12177,0,2
474,2025-05-16 16:00:00,2025-05-16,16:00:00,1.12158,1.122,1.11914,1.11942,0,2
475,2025-05-16 20:00:00,2025-05-16,20:00:00,1.11945,1.12088,1.11877,1.12002,0,2
476,2025-05-17 00:00:00,2025-05-17,00:00:00,1.12005,1.12031,1.11307,1.1145,0,2
477,2025-05-17 04:00:00,2025-05-17,04:00:00,1.11451,1.11652,1.11429,1.11611,0,2
478,2025-05-19 08:00:00,2025-05-19,08:00:00,1.11904,1.11996,1.11728,1.11763,0,2
479,2025-05-19 12:00:00,2025-05-19,12:00:00,1.11763,1.1189,1.11722,1.1185,0,2
480,2025-05-19 16:00:00,2025-05-19,16:00:00,1.11848,1.12798,1.11816,1.12782,0,2
481,2025-05-19 20:00:00,2025-05-19,20:00:00,1.12801,1.12889,1.12469,1.12504,0,2
482,2025-05-20 00:00:00,2025-05-20,00:00:00,1.12516,1.12599,1.12238,1.12298,0,2
483,2025-05-20 04:00:00,2025-05-20,04:00:00,1.12304,1.12469,1.12243,1.12436,0,2
484,2025-05-20 08:00:00,2025-05-20,08:00:00,1.12421,1.1251,1.12177,1.12384,0,2
485,2025-05-20 12:00:00,2025-05-20,12:00:00,1.1239,1.12589,1.12258,1.12546,0,2
486,2025-05-20 16:00:00,2025-05-20,16:00:00,1.12547,1.12784,1.12471,1.12554,0,2
487,2025-05-20 20:00:00,2025-05-20,20:00:00,1.12554,1.1258,1.12233,1.12451,0,2
488,2025-05-21 00:00:00,2025-05-21,00:00:00,1.12459,1.12781,1.1245,1.12739,0,2
489,2025-05-21 04:00:00,2025-05-21,04:00:00,1.12742,1.12869,1.12711,1.12816,0,2
490,2025-05-21 08:00:00,2025-05-21,08:00:00,1.12824,1.13033,1.12779,1.12992,0,2
491,2025-05-21 12:00:00,2025-05-21,12:00:00,1.12982,1.13409,1.1297,1.1333,0,2
492,2025-05-21 16:00:00,2025-05-21,16:00:00,1.13322,1.13537,1.13119,1.13342,0,2
493,2025-05-21 20:00:00,2025-05-21,20:00:00,1.13349,1.13624,1.13171,1.13377,0,2
494,2025-05-22 00:00:00,2025-05-22,00:00:00,1.13368,1.13629,1.13321,1.13482,0,2
495,2025-05-22 04:00:00,2025-05-22,04:00:00,1.1348,1.13487,1.13156,1.13298,0,2
496,2025-05-22 08:00:00,2025-05-22,08:00:00,1.13294,1.1344,1.13105,1.13378,0,2
497,2025-05-22 12:00:00,2025-05-22,12:00:00,1.13376,1.13454,1.13245,1.13335,0,2
498,2025-05-22 16:00:00,2025-05-22,16:00:00,1.13337,1.13424,1.12907,1.12934,0,2
499,2025-05-22 20:00:00,2025-05-22,20:00:00,1.12945,1.13153,1.12816,1.12831,0,2
500,2025-05-23 00:00:00,2025-05-23,00:00:00,1.12832,1.12982,1.12553,1.12679,0,2
501,2025-05-23 04:00:00,2025-05-23,04:00:00,1.12683,1.12862,1.12671,1.1282,0,2
502,2025-05-23 08:00:00,2025-05-23,08:00:00,1.12813,1.13194,1.1278,1.13144,0,2
503,2025-05-23 12:00:00,2025-05-23,12:00:00,1.13145,1.13262,1.13077,1.13233,0,2
504,2025-05-23 16:00:00,2025-05-23,16:00:00,1.13224,1.13544,1.1309,1.13491,0,2
505,2025-05-23 20:00:00,2025-05-23,20:00:00,1.13495,1.13767,1.12971,1.13149,0,2
506,2025-05-24 00:00:00,2025-05-24,00:00:00,1.13148,1.13675,1.13103,1.13608,0,2
507,2025-05-24 04:00:00,2025-05-24,04:00:00,1.13605,1.13698,1.1351,1.13603,0,2
508,2025-05-26 08:00:00,2025-05-26,08:00:00,1.13748,1.1416,1.13696,1.14127,0,2
509,2025-05-26 12:00:00,2025-05-26,12:00:00,1.14121,1.14193,1.14005,1.14172,0,2
510,2025-05-26 16:00:00,2025-05-26,16:00:00,1.14169,1.14185,1.13755,1.13791,0,2
511,2025-05-26 20:00:00,2025-05-26,20:00:00,1.13792,1.13873,1.13687,1.13817,0,2
512,2025-05-27 00:00:00,2025-05-27,00:00:00,1.1382,1.13861,1.13757,1.1381,0,2
513,2025-05-27 04:00:00,2025-05-27,04:00:00,1.13803,1.13904,1.13788,1.13852,0,2
514,2025-05-27 08:00:00,2025-05-27,08:00:00,1.13851,1.14078,1.13818,1.13953,0,2
515,2025-05-27 12:00:00,2025-05-27,12:00:00,1.13954,1.14036,1.13664,1.13783,0,2
516,2025-05-27 16:00:00,2025-05-27,16:00:00,1.13786,1.13933,1.13376,1.13485,0,2
517,2025-05-27 20:00:00,2025-05-27,20:00:00,1.13484,1.1376,1.13401,1.1358,0,2
518,2025-05-28 00:00:00,2025-05-28,00:00:00,1.13583,1.13617,1.13225,1.13329,0,2
519,2025-05-28 04:00:00,2025-05-28,04:00:00,1.13326,1.13393,1.13233,1.13329,0,2
520,2025-05-28 08:00:00,2025-05-28,08:00:00,1.13319,1.13455,1.13155,1.1318,0,2
521,2025-05-28 12:00:00,2025-05-28,12:00:00,1.13173,1.1326,1.12951,1.13142,0,2
522,2025-05-28 16:00:00,2025-05-28,16:00:00,1.13142,1.1341,1.13028,1.1333,0,2
523,2025-05-28 20:00:00,2025-05-28,20:00:00,1.13337,1.13412,1.12966,1.13063,0,2
524,2025-05-29 00:00:00,2025-05-29,00:00:00,1.13087,1.13251,1.12834,1.12919,0,2
525,2025-05-29 04:00:00,2025-05-29,04:00:00,1.12915,1.12986,1.12841,1.1295,0,2
526,2025-05-29 08:00:00,2025-05-29,08:00:00,1.12948,1.12988,1.12101,1.12519,0,2
527,2025-05-29 12:00:00,2025-05-29,12:00:00,1.12519,1.12577,1.12303,1.12437,0,2
528,2025-05-29 16:00:00,2025-05-29,16:00:00,1.12439,1.12845,1.1242,1.12775,0,2
529,2025-05-29 20:00:00,2025-05-29,20:00:00,1.1278,1.13605,1.12679,1.13517,0,2
530,2025-05-30 00:00:00,2025-05-30,00:00:00,1.13516,1.13847,1.13426,1.13774,0,2
531,2025-05-30 04:00:00,2025-05-30,04:00:00,1.13773,1.13848,1.13598,1.13678,0,2
532,2025-05-30 08:00:00,2025-05-30,08:00:00,1.13657,1.13902,1.1352,1.13549,0,2
533,2025-05-30 12:00:00,2025-05-30,12:00:00,1.1355,1.13595,1.13427,1.13509,0,2
534,2025-05-30 16:00:00,2025-05-30,16:00:00,1.13515,1.13524,1.13231,1.13255,0,2
535,2025-05-30 20:00:00,2025-05-30,20:00:00,1.13256,1.13588,1.13123,1.1318,0,2
536,2025-05-31 00:00:00,2025-05-31,00:00:00,1.13179,1.13675,1.13133,1.13574,0,2
537,2025-05-31 04:00:00,2025-05-31,04:00:00,1.13573,1.13653,1.13445,1.13457,0,2
538,2025-06-02 08:00:00,2025-06-02,08:00:00,1.13556,1.13827,1.13506,1.13704,0,2
539,2025-06-02 12:00:00,2025-06-02,12:00:00,1.13705,1.13809,1.13541,1.13795,0,2
540,2025-06-02 16:00:00,2025-06-02,16:00:00,1.13796,1.14373,1.13781,1.1424,0,2
541,2025-06-02 20:00:00,2025-06-02,20:00:00,1.14238,1.14293,1.14041,1.14195,0,2
542,2025-06-03 00:00:00,2025-06-03,00:00:00,1.14221,1.14507,1.14115,1.14227,0,2
543,2025-06-03 04:00:00,2025-06-03,04:00:00,1.14221,1.14467,1.14186,1.14402,0,2
544,2025-06-03 08:00:00,2025-06-03,08:00:00,1.14401,1.1455,1.14265,1.14277,0,2
545,2025-06-03 12:00:00,2025-06-03,12:00:00,1.14282,1.14309,1.14119,1.14221,0,2
546,2025-06-03 16:00:00,2025-06-03,16:00:00,1.14226,1.14324,1.14014,1.14123,0,2
547,2025-06-03 20:00:00,2025-06-03,20:00:00,1.14119,1.14129,1.13767,1.13881,0,2
548,2025-06-04 00:00:00,2025-06-04,00:00:00,1.13879,1.13936,1.13639,1.13788,0,2
549,2025-06-04 04:00:00,2025-06-04,04:00:00,1.1378,1.13825,1.13674,1.13777,0,2
550,2025-06-04 08:00:00,2025-06-04,08:00:00,1.13776,1.13936,1.13685,1.13859,0,2
551,2025-06-04 12:00:00,2025-06-04,12:00:00,1.13857,1.13883,1.13556,1.13642,0,2
552,2025-06-04 16:00:00,2025-06-04,16:00:00,1.13626,1.14043,1.13571,1.13829,0,2
553,2025-06-04 20:00:00,2025-06-04,20:00:00,1.1383,1.14141,1.13746,1.13999,0,2
554,2025-06-05 00:00:00,2025-06-05,00:00:00,1.14021,1.1435,1.13991,1.14247,0,2
555,2025-06-05 04:00:00,2025-06-05,04:00:00,1.1425,1.14283,1.14094,1.14164,0,2
556,2025-06-05 08:00:00,2025-06-05,08:00:00,1.14167,1.14352,1.14131,1.14167,0,2
557,2025-06-05 12:00:00,2025-06-05,12:00:00,1.14166,1.14231,1.14042,1.14064,0,2
558,2025-06-05 16:00:00,2025-06-05,16:00:00,1.14065,1.14255,1.14048,1.14187,0,2
559,2025-06-05 20:00:00,2025-06-05,20:00:00,1.14181,1.14955,1.1413,1.1481,0,2
560,2025-06-06 00:00:00,2025-06-06,00:00:00,1.1481,1.14826,1.14312,1.14433,0,2
561,2025-06-06 04:00:00,2025-06-06,04:00:00,1.14433,1.14528,1.14309,1.14436,0,2
562,2025-06-06 08:00:00,2025-06-06,08:00:00,1.14435,1.14576,1.14401,1.14427,0,2
563,2025-06-06 12:00:00,2025-06-06,12:00:00,1.14427,1.14442,1.14303,1.14356,0,2
564,2025-06-06 16:00:00,2025-06-06,16:00:00,1.14356,1.14422,1.14106,1.14193,0,2
565,2025-06-06 20:00:00,2025-06-06,20:00:00,1.14198,1.14299,1.13715,1.13917,0,2
566,2025-06-07 00:00:00,2025-06-07,00:00:00,1.13906,1.14169,1.13805,1.13932,0,2
567,2025-06-07 04:00:00,2025-06-07,04:00:00,1.13933,1.14023,1.13911,1.13957,0,2
568,2025-06-09 08:00:00,2025-06-09,08:00:00,1.14068,1.14178,1.13926,1.14152,0,2
569,2025-06-09 12:00:00,2025-06-09,12:00:00,1.14153,1.14257,1.14107,1.14219,0,2
570,2025-06-09 16:00:00,2025-06-09,16:00:00,1.14223,1.14396,1.14174,1.14265,0,2
571,2025-06-09 20:00:00,2025-06-09,20:00:00,1.14263,1.14294,1.13864,1.1402,0,2
572,2025-06-10 00:00:00,2025-06-10,00:00:00,1.14019,1.14265,1.13933,1.14221,0,2
573,2025-06-10 04:00:00,2025-06-10,04:00:00,1.14219,1.14313,1.14145,1.1421,0,2
574,2025-06-10 08:00:00,2025-06-10,08:00:00,1.14211,1.14361,1.13951,1.13977,0,2
575,2025-06-10 12:00:00,2025-06-10,12:00:00,1.13966,1.1414,1.13859,1.14053,0,2
576,2025-06-10 16:00:00,2025-06-10,16:00:00,1.14055,1.14189,1.13728,1.14168,0,2
577,2025-06-10 20:00:00,2025-06-10,20:00:00,1.14172,1.1448,1.1411,1.1443,0,2
578,2025-06-11 00:00:00,2025-06-11,00:00:00,1.14428,1.14452,1.14154,1.1423,0,2
579,2025-06-11 04:00:00,2025-06-11,04:00:00,1.14229,1.1437,1.14162,1.1426,0,2
580,2025-06-11 08:00:00,2025-06-11,08:00:00,1.14265,1.144,1.14061,1.14085,0,2
581,2025-06-11 12:00:00,2025-06-11,12:00:00,1.14087,1.14235,1.14069,1.14223,0,2
582,2025-06-11 16:00:00,2025-06-11,16:00:00,1.14222,1.14462,1.14052,1.14347,0,2
583,2025-06-11 20:00:00,2025-06-11,20:00:00,1.14355,1.14898,1.14263,1.14706,0,2
584,2025-06-12 00:00:00,2025-06-12,00:00:00,1.14704,1.14995,1.14669,1.14969,0,2
585,2025-06-12 04:00:00,2025-06-12,04:00:00,1.14974,1.15,1.14791,1.14885,0,2
586,2025-06-12 08:00:00,2025-06-12,08:00:00,1.14886,1.15295,1.14853,1.15189,0,2
587,2025-06-12 12:00:00,2025-06-12,12:00:00,1.15187,1.15327,1.15063,1.15282,0,2
588,2025-06-12 16:00:00,2025-06-12,16:00:00,1.15279,1.15895,1.15057,1.15716,0,2
589,2025-06-12 20:00:00,2025-06-12,20:00:00,1.15722,1.16328,1.15665,1.15849,0,2
590,2025-06-13 00:00:00,2025-06-13,00:00:00,1.15851,1.15904,1.15633,1.15756,0,2
591,2025-06-13 04:00:00,2025-06-13,04:00:00,1.15752,1.15919,1.15698,1.15895,0,2
592,2025-06-13 08:00:00,2025-06-13,08:00:00,1.15897,1.1615,1.15369,1.15487,0,2
593,2025-06-13 12:00:00,2025-06-13,12:00:00,1.15485,1.15592,1.15116,1.15304,0,2
594,2025-06-13 16:00:00,2025-06-13,16:00:00,1.153,1.15606,1.15184,1.15231,0,2
595,2025-06-13 20:00:00,2025-06-13,20:00:00,1.15235,1.15299,1.14887,1.1525,0,2
596,2025-06-14 00:00:00,2025-06-14,00:00:00,1.15235,1.15701,1.15205,1.15483,0,2
597,2025-06-14 04:00:00,2025-06-14,04:00:00,1.15493,1.15523,1.15332,1.15396,0,2
598,2025-06-14 08:00:00,2025-06-14,08:00:00,1.15471,1.15471,1.15471,1.15471,0,2
599,2025-06-16 08:00:00,2025-06-16,08:00:00,1.15412,1.15474,1.15272,1.15322,0,2
600,2025-06-16 12:00:00,2025-06-16,12:00:00,1.15325,1.15628,1.15232,1.1557,0,2
601,2025-06-16 16:00:00,2025-06-16,16:00:00,1.15571,1.1587,1.15396,1.15844,0,2
602,2025-06-16 20:00:00,2025-06-16,20:00:00,1.15843,1.16055,1.15693,1.16021,0,2
603,2025-06-17 00:00:00,2025-06-17,00:00:00,1.16014,1.16153,1.15722,1.15779,0,2
604,2025-06-17 04:00:00,2025-06-17,04:00:00,1.15779,1.1582,1.15543,1.15635,0,2
605,2025-06-17 08:00:00,2025-06-17,08:00:00,1.15633,1.15692,1.1542,1.15543,0,2
606,2025-06-17 12:00:00,2025-06-17,12:00:00,1.15542,1.15677,1.15454,1.15579,0,2
607,2025-06-17 16:00:00,2025-06-17,16:00:00,1.15579,1.15729,1.15451,1.15559,0,2
608,2025-06-17 20:00:00,2025-06-17,20:00:00,1.15568,1.15831,1.15474,1.15589,0,2
609,2025-06-18 00:00:00,2025-06-18,00:00:00,1.1559,1.15613,1.14779,1.14867,0,2
610,2025-06-18 04:00:00,2025-06-18,04:00:00,1.14857,1.14923,1.14743,1.14821,0,2
611,2025-06-18 08:00:00,2025-06-18,08:00:00,1.14821,1.15013,1.14743,1.1497,0,2
612,2025-06-18 12:00:00,2025-06-18,12:00:00,1.14969,1.15084,1.14928,1.15044,0,2
613,2025-06-18 16:00:00,2025-06-18,16:00:00,1.15041,1.1524,1.14967,1.15036,0,2
614,2025-06-18 20:00:00,2025-06-18,20:00:00,1.15037,1.15174,1.14888,1.14904,0,2
615,2025-06-19 00:00:00,2025-06-19,00:00:00,1.14886,1.15309,1.1484,1.14983,0,2
616,2025-06-19 04:00:00,2025-06-19,04:00:00,1.14983,1.15301,1.14604,1.14781,0,2
617,2025-06-19 08:00:00,2025-06-19,08:00:00,1.14884,1.14891,1.14514,1.14531,0,2
618,2025-06-19 12:00:00,2025-06-19,12:00:00,1.14532,1.14697,1.14503,1.14566,0,2
619,2025-06-19 16:00:00,2025-06-19,16:00:00,1.14563,1.14804,1.14461,1.14756,0,2
620,2025-06-19 20:00:00,2025-06-19,20:00:00,1.14754,1.14878,1.14674,1.14729,0,2
621,2025-06-20 00:00:00,2025-06-20,00:00:00,1.14727,1.14835,1.14543,1.14791,0,2
622,2025-06-20 04:00:00,2025-06-20,04:00:00,1.1479,1.15008,1.14769,1.14946,0,2
623,2025-06-20 08:00:00,2025-06-20,08:00:00,1.1498,1.15243,1.14914,1.15135,0,2
624,2025-06-20 12:00:00,2025-06-20,12:00:00,1.15133,1.15331,1.15108,1.1529,0,2
625,2025-06-20 16:00:00,2025-06-20,16:00:00,1.15274,1.15302,1.15098,1.15265,0,2
626,2025-06-20 20:00:00,2025-06-20,20:00:00,1.15274,1.15355,1.15057,1.15189,0,2
627,2025-06-21 00:00:00,2025-06-21,00:00:00,1.15184,1.15443,1.14948,1.15325,0,2
628,2025-06-21 04:00:00,2025-06-21,04:00:00,1.15319,1.15376,1.1513,1.15233,0,2
629,2025-06-21 08:00:00,2025-06-21,08:00:00,1.15233,1.15233,1.15233,1.15233,0,2
630,2025-06-23 08:00:00,2025-06-23,08:00:00,1.14901,1.15076,1.14719,1.14919,0,2
631,2025-06-23 12:00:00,2025-06-23,12:00:00,1.14922,1.1515,1.14851,1.15122,0,2
632,2025-06-23 16:00:00,2025-06-23,16:00:00,1.15135,1.15215,1.14533,1.14735,0,2
633,2025-06-23 20:00:00,2025-06-23,20:00:00,1.14721,1.14945,1.14569,1.14898,0,2
634,2025-06-24 00:00:00,2025-06-24,00:00:00,1.14899,1.15739,1.14892,1.15694,0,2
635,2025-06-24 04:00:00,2025-06-24,04:00:00,1.15694,1.15827,1.15658,1.15771,0,2
636,2025-06-24 08:00:00,2025-06-24,08:00:00,1.1575,1.16093,1.1571,1.15908,0,2
637,2025-06-24 12:00:00,2025-06-24,12:00:00,1.15909,1.16147,1.15864,1.16109,0,2
638,2025-06-24 16:00:00,2025-06-24,16:00:00,1.1611,1.16228,1.15796,1.16104,0,2
639,2025-06-24 20:00:00,2025-06-24,20:00:00,1.16094,1.16156,1.15818,1.15907,0,2
640,2025-06-25 00:00:00,2025-06-25,00:00:00,1.15925,1.16422,1.15902,1.16256,0,2
641,2025-06-25 04:00:00,2025-06-25,04:00:00,1.16262,1.16296,1.16025,1.16157,0,2
642,2025-06-25 08:00:00,2025-06-25,08:00:00,1.1609,1.16319,1.1604,1.16284,0,2
643,2025-06-25 12:00:00,2025-06-25,12:00:00,1.1629,1.163,1.16091,1.16193,0,2
644,2025-06-25 16:00:00,2025-06-25,16:00:00,1.16189,1.16229,1.15897,1.16004,0,2
645,2025-06-25 20:00:00,2025-06-25,20:00:00,1.16007,1.16139,1.159,1.16008,0,2
646,2025-06-26 00:00:00,2025-06-26,00:00:00,1.16006,1.16443,1.15999,1.16422,0,2
647,2025-06-26 04:00:00,2025-06-26,04:00:00,1.16424,1.16656,1.16414,1.16576,0,2
648,2025-06-26 08:00:00,2025-06-26,08:00:00,1.16569,1.1689,1.16544,1.16862,0,2
649,2025-06-26 12:00:00,2025-06-26,12:00:00,1.16863,1.17135,1.1675,1.16845,0,2
650,2025-06-26 16:00:00,2025-06-26,16:00:00,1.1685,1.17453,1.16711,1.17252,0,2
651,2025-06-26 20:00:00,2025-06-26,20:00:00,1.1725,1.17311,1.16896,1.17187,0,2
652,2025-06-27 00:00:00,2025-06-27,00:00:00,1.17173,1.17404,1.16895,1.17243,0,2
653,2025-06-27 04:00:00,2025-06-27,04:00:00,1.17246,1.17293,1.16884,1.16997,0,2
654,2025-06-27 08:00:00,2025-06-27,08:00:00,1.16999,1.17048,1.16808,1.17012,0,2
655,2025-06-27 12:00:00,2025-06-27,12:00:00,1.17013,1.17098,1.16843,1.16887,0,2
656,2025-06-27 16:00:00,2025-06-27,16:00:00,1.16885,1.17275,1.16831,1.17096,0,2
657,2025-06-27 20:00:00,2025-06-27,20:00:00,1.17095,1.17541,1.17008,1.17291,0,2
658,2025-06-28 00:00:00,2025-06-28,00:00:00,1.17274,1.1739,1.16953,1.17025,0,2
659,2025-06-28 04:00:00,2025-06-28,04:00:00,1.17023,1.17207,1.16877,1.17057,0,2
660,2025-06-28 08:00:00,2025-06-28,08:00:00,1.17165,1.17165,1.17165,1.17165,0,2
661,2025-06-30 08:00:00,2025-06-30,08:00:00,1.17311,1.17392,1.17151,1.17205,0,2
662,2025-06-30 12:00:00,2025-06-30,12:00:00,1.17206,1.17385,1.17114,1.17251,0,2
663,2025-06-30 16:00:00,2025-06-30,16:00:00,1.17266,1.17509,1.17135,1.17203,0,2
664,2025-06-30 20:00:00,2025-06-30,20:00:00,1.172,1.17319,1.1707,1.17181,0,2
665,2025-07-01 00:00:00,2025-07-01,00:00:00,1.17216,1.17721,1.17107,1.17656,0,2
666,2025-07-01 04:00:00,2025-07-01,04:00:00,1.17657,1.1789,1.17644,1.17822,0,2
667,2025-07-01 08:00:00,2025-07-01,08:00:00,1.17824,1.18089,1.17707,1.17809,0,2
668,2025-07-01 12:00:00,2025-07-01,12:00:00,1.17807,1.17948,1.17779,1.17861,0,2
669,2025-07-01 16:00:00,2025-07-01,16:00:00,1.17858,1.18306,1.17673,1.18138,0,2
670,2025-07-01 20:00:00,2025-07-01,20:00:00,1.18141,1.18236,1.17924,1.18033,0,2
671,2025-07-02 00:00:00,2025-07-02,00:00:00,1.18037,1.18063,1.17613,1.17829,0,2
672,2025-07-02 04:00:00,2025-07-02,04:00:00,1.17831,1.18079,1.17744,1.18037,0,2
673,2025-07-02 08:00:00,2025-07-02,08:00:00,1.18033,1.18103,1.17922,1.17942,0,2
674,2025-07-02 12:00:00,2025-07-02,12:00:00,1.17945,1.1803,1.17843,1.1787,0,2
675,2025-07-02 16:00:00,2025-07-02,16:00:00,1.17879,1.17942,1.1767,1.177,0,2
676,2025-07-02 20:00:00,2025-07-02,20:00:00,1.17706,1.17886,1.17464,1.17597,0,2
677,2025-07-03 00:00:00,2025-07-03,00:00:00,1.17603,1.18005,1.175,1.17955,0,2
678,2025-07-03 04:00:00,2025-07-03,04:00:00,1.17949,1.18043,1.1787,1.17962,0,2
679,2025-07-03 08:00:00,2025-07-03,08:00:00,1.1796,1.18102,1.1795,1.18043,0,2
680,2025-07-03 12:00:00,2025-07-03,12:00:00,1.18041,1.1805,1.17865,1.17961,0,2
681,2025-07-03 16:00:00,2025-07-03,16:00:00,1.17961,1.18107,1.17884,1.17927,0,2
682,2025-07-03 20:00:00,2025-07-03,20:00:00,1.17928,1.18003,1.17169,1.17734,0,2
683,2025-07-04 00:00:00,2025-07-04,00:00:00,1.17735,1.17908,1.17397,1.17539,0,2
684,2025-07-04 04:00:00,2025-07-04,04:00:00,1.17545,1.17624,1.17443,1.17571,0,2
685,2025-07-04 08:00:00,2025-07-04,08:00:00,1.1757,1.17719,1.17523,1.17594,0,2
686,2025-07-04 12:00:00,2025-07-04,12:00:00,1.17593,1.17857,1.17588,1.17843,0,2
687,2025-07-04 16:00:00,2025-07-04,16:00:00,1.17841,1.17852,1.17672,1.17783,0,2
688,2025-07-04 20:00:00,2025-07-04,20:00:00,1.1778,1.17823,1.17638,1.17796,0,2
689,2025-07-05 00:00:00,2025-07-05,00:00:00,1.17794,1.17877,1.17719,1.17759,0,2
690,2025-07-05 04:00:00,2025-07-05,04:00:00,1.17759,1.17859,1.17667,1.17702,0,2
691,2025-07-05 08:00:00,2025-07-05,08:00:00,1.17702,1.17702,1.17702,1.17702,0,2
692,2025-07-07 08:00:00,2025-07-07,08:00:00,1.17806,1.17902,1.17703,1.17717,0,2
693,2025-07-07 12:00:00,2025-07-07,12:00:00,1.17721,1.17753,1.17635,1.17714,0,2
694,2025-07-07 16:00:00,2025-07-07,16:00:00,1.17713,1.17733,1.17222,1.1734,0,2
695,2025-07-07 20:00:00,2025-07-07,20:00:00,1.17339,1.17408,1.1718,1.17349,0,2
696,2025-07-08 00:00:00,2025-07-08,00:00:00,1.17349,1.17454,1.16869,1.17068,0,2
697,2025-07-08 04:00:00,2025-07-08,04:00:00,1.17065,1.17237,1.17001,1.17081,0,2
698,2025-07-08 08:00:00,2025-07-08,08:00:00,1.17085,1.17476,1.17081,1.17381,0,2
699,2025-07-08 12:00:00,2025-07-08,12:00:00,1.17381,1.17499,1.17338,1.17347,0,2
700,2025-07-08 16:00:00,2025-07-08,16:00:00,1.17348,1.17651,1.17319,1.1742,0,2
701,2025-07-08 20:00:00,2025-07-08,20:00:00,1.17422,1.17422,1.16937,1.17051,0,2
702,2025-07-09 00:00:00,2025-07-09,00:00:00,1.17041,1.17257,1.16827,1.17242,0,2
703,2025-07-09 04:00:00,2025-07-09,04:00:00,1.17244,1.17295,1.17171,1.1719,0,2
704,2025-07-09 08:00:00,2025-07-09,08:00:00,1.17184,1.17291,1.17168,1.17204,0,2
705,2025-07-09 12:00:00,2025-07-09,12:00:00,1.17216,1.17253,1.17015,1.17165,0,2
706,2025-07-09 16:00:00,2025-07-09,16:00:00,1.17165,1.17284,1.17024,1.17135,0,2
707,2025-07-09 20:00:00,2025-07-09,20:00:00,1.17133,1.17222,1.16895,1.17033,0,2
708,2025-07-10 00:00:00,2025-07-10,00:00:00,1.17042,1.17244,1.17007,1.17086,0,2
709,2025-07-10 04:00:00,2025-07-10,04:00:00,1.17081,1.17235,1.17051,1.17214,0,2
710,2025-07-10 08:00:00,2025-07-10,08:00:00,1.17214,1.17495,1.17214,1.17408,0,2
711,2025-07-10 12:00:00,2025-07-10,12:00:00,1.17409,1.17445,1.17304,1.17391,0,2
712,2025-07-10 16:00:00,2025-07-10,16:00:00,1.17388,1.17433,1.17261,1.17309,0,2
713,2025-07-10 20:00:00,2025-07-10,20:00:00,1.17312,1.17339,1.16866,1.16927,0,2
714,2025-07-11 00:00:00,2025-07-11,00:00:00,1.16928,1.16937,1.16704,1.1689,0,2
715,2025-07-11 04:00:00,2025-07-11,04:00:00,1.16889,1.17062,1.16877,1.17037,0,2
716,2025-07-11 08:00:00,2025-07-11,08:00:00,1.1704,1.17074,1.16647,1.16758,0,2
717,2025-07-11 12:00:00,2025-07-11,12:00:00,1.16759,1.16848,1.16693,1.1679,0,2
718,2025-07-11 16:00:00,2025-07-11,16:00:00,1.16786,1.16959,1.16704,1.1695,0,2
719,2025-07-11 20:00:00,2025-07-11,20:00:00,1.1695,1.17144,1.16825,1.169,0,2
720,2025-07-12 00:00:00,2025-07-12,00:00:00,1.16887,1.17044,1.16752,1.16936,0,2
721,2025-07-12 04:00:00,2025-07-12,04:00:00,1.16937,1.16963,1.16784,1.16843,0,2
722,2025-07-12 08:00:00,2025-07-12,08:00:00,1.1688,1.1688,1.1688,1.1688,0,2
723,2025-07-14 08:00:00,2025-07-14,08:00:00,1.16648,1.16985,1.16633,1.1685,0,2
724,2025-07-14 12:00:00,2025-07-14,12:00:00,1.16849,1.16903,1.1665,1.16694,0,2
725,2025-07-14 16:00:00,2025-07-14,16:00:00,1.16697,1.16921,1.16536,1.16917,0,2
726,2025-07-14 20:00:00,2025-07-14,20:00:00,1.1691,1.16969,1.16741,1.1683,0,2
727,2025-07-15 00:00:00,2025-07-15,00:00:00,1.16823,1.1696,1.16592,1.16627,0,2
728,2025-07-15 04:00:00,2025-07-15,04:00:00,1.16629,1.16731,1.16613,1.16636,0,2
729,2025-07-15 08:00:00,2025-07-15,08:00:00,1.16638,1.16774,1.16606,1.16692,0,2
730,2025-07-15 12:00:00,2025-07-15,12:00:00,1.16696,1.16864,1.16653,1.16858,0,2
731,2025-07-15 16:00:00,2025-07-15,16:00:00,1.16854,1.16927,1.16717,1.16854,0,2
732,2025-07-15 20:00:00,2025-07-15,20:00:00,1.1685,1.16912,1.16385,1.16419,0,2
733,2025-07-16 00:00:00,2025-07-16,00:00:00,1.16433,1.16451,1.15925,1.15972,0,2
734,2025-07-16 04:00:00,2025-07-16,04:00:00,1.15968,1.16056,1.15955,1.16013,0,2
735,2025-07-16 08:00:00,2025-07-16,08:00:00,1.16013,1.16161,1.15976,1.16134,0,2
736,2025-07-16 12:00:00,2025-07-16,12:00:00,1.16135,1.16208,1.16057,1.16203,0,2
737,2025-07-16 16:00:00,2025-07-16,16:00:00,1.16199,1.16288,1.16127,1.16145,0,2
738,2025-07-16 20:00:00,2025-07-16,20:00:00,1.16155,1.16214,1.15636,1.15723,0,2
739,2025-07-17 00:00:00,2025-07-17,00:00:00,1.15726,1.17227,1.15621,1.1642,0,2
740,2025-07-17 04:00:00,2025-07-17,04:00:00,1.16415,1.16442,1.16201,1.16353,0,2
741,2025-07-17 08:00:00,2025-07-17,08:00:00,1.16354,1.16423,1.16128,1.16278,0,2
742,2025-07-17 12:00:00,2025-07-17,12:00:00,1.16278,1.16281,1.16137,1.16173,0,2
743,2025-07-17 16:00:00,2025-07-17,16:00:00,1.16172,1.16183,1.15731,1.15907,0,2
744,2025-07-17 20:00:00,2025-07-17,20:00:00,1.15909,1.15986,1.15559,1.15865,0,2
745,2025-07-18 00:00:00,2025-07-18,00:00:00,1.15864,1.16028,1.15777,1.15846,0,2
746,2025-07-18 04:00:00,2025-07-18,04:00:00,1.15848,1.16022,1.15794,1.15965,0,2
747,2025-07-18 08:00:00,2025-07-18,08:00:00,1.15992,1.16347,1.15959,1.16289,0,2
748,2025-07-18 12:00:00,2025-07-18,12:00:00,1.16287,1.16318,1.16115,1.16172,0,2
749,2025-07-18 16:00:00,2025-07-18,16:00:00,1.16172,1.16461,1.16116,1.1634,0,2
750,2025-07-18 20:00:00,2025-07-18,20:00:00,1.16337,1.16682,1.1632,1.16663,0,2
751,2025-07-19 00:00:00,2025-07-19,00:00:00,1.1666,1.16731,1.16179,1.16267,0,2
752,2025-07-19 04:00:00,2025-07-19,04:00:00,1.16268,1.16282,1.16172,1.16207,0,2
753,2025-07-19 08:00:00,2025-07-19,08:00:00,1.16207,1.16207,1.16207,1.16207,0,2
754,2025-07-21 08:00:00,2025-07-21,08:00:00,1.16268,1.16369,1.16155,1.16177,0,2
755,2025-07-21 12:00:00,2025-07-21,12:00:00,1.16171,1.16362,1.16143,1.16334,0,2
756,2025-07-21 16:00:00,2025-07-21,16:00:00,1.16332,1.16528,1.16292,1.16453,0,2
757,2025-07-21 20:00:00,2025-07-21,20:00:00,1.16451,1.16735,1.16335,1.16651,0,2
758,2025-07-22 00:00:00,2025-07-22,00:00:00,1.16646,1.17168,1.16635,1.16904,0,2
759,2025-07-22 04:00:00,2025-07-22,04:00:00,1.16908,1.16995,1.16868,1.16924,0,2
760,2025-07-22 08:00:00,2025-07-22,08:00:00,1.16917,1.16981,1.16822,1.16878,0,2
761,2025-07-22 12:00:00,2025-07-22,12:00:00,1.1688,1.16961,1.16828,1.16882,0,2
762,2025-07-22 16:00:00,2025-07-22,16:00:00,1.16867,1.17068,1.16818,1.17055,0,2
763,2025-07-22 20:00:00,2025-07-22,20:00:00,1.17059,1.17091,1.16789,1.17042,0,2
764,2025-07-23 00:00:00,2025-07-23,00:00:00,1.17041,1.1761,1.1691,1.17458,0,2
765,2025-07-23 04:00:00,2025-07-23,04:00:00,1.17457,1.17546,1.17419,1.17484,0,2
766,2025-07-23 08:00:00,2025-07-23,08:00:00,1.17458,1.17559,1.17305,1.1737,0,2
767,2025-07-23 12:00:00,2025-07-23,12:00:00,1.17371,1.1746,1.17272,1.17304,0,2
768,2025-07-23 16:00:00,2025-07-23,16:00:00,1.17306,1.17525,1.17301,1.17358,0,2
769,2025-07-23 20:00:00,2025-07-23,20:00:00,1.17357,1.17364,1.17108,1.17261,0,2
770,2025-07-24 00:00:00,2025-07-24,00:00:00,1.17261,1.17661,1.17212,1.17597,0,2
771,2025-07-24 04:00:00,2025-07-24,04:00:00,1.17598,1.1775,1.17595,1.17683,0,2
772,2025-07-24 08:00:00,2025-07-24,08:00:00,1.17677,1.17793,1.17621,1.17747,0,2
773,2025-07-24 12:00:00,2025-07-24,12:00:00,1.1775,1.17799,1.17705,1.17709,0,2
774,2025-07-24 16:00:00,2025-07-24,16:00:00,1.17704,1.17727,1.17466,1.17523,0,2
775,2025-07-24 20:00:00,2025-07-24,20:00:00,1.17525,1.17768,1.17308,1.17718,0,2
776,2025-07-25 00:00:00,2025-07-25,00:00:00,1.17709,1.17885,1.17554,1.17697,0,2
777,2025-07-25 04:00:00,2025-07-25,04:00:00,1.17698,1.17709,1.17419,1.1746,0,2
778,2025-07-25 08:00:00,2025-07-25,08:00:00,1.17461,1.17586,1.17393,1.17428,0,2
779,2025-07-25 12:00:00,2025-07-25,12:00:00,1.1743,1.17489,1.17342,1.17467,0,2
780,2025-07-25 16:00:00,2025-07-25,16:00:00,1.17457,1.17608,1.1733,1.17349,0,2
781,2025-07-25 20:00:00,2025-07-25,20:00:00,1.17349,1.17372,1.17032,1.17216,0,2
782,2025-07-26 00:00:00,2025-07-26,00:00:00,1.17222,1.17393,1.17203,1.17364,0,2
783,2025-07-26 04:00:00,2025-07-26,04:00:00,1.17367,1.1747,1.17357,1.17409,0,2
784,2025-07-26 08:00:00,2025-07-26,08:00:00,1.17409,1.17409,1.17409,1.17409,0,2
785,2025-07-28 08:00:00,2025-07-28,08:00:00,1.17551,1.17701,1.17475,1.17522,0,2
786,2025-07-28 12:00:00,2025-07-28,12:00:00,1.17523,1.1758,1.17399,1.17407,0,2
787,2025-07-28 16:00:00,2025-07-28,16:00:00,1.17401,1.17444,1.16582,1.16668,0,2
788,2025-07-28 20:00:00,2025-07-28,20:00:00,1.16667,1.16717,1.16257,1.1634,0,2
789,2025-07-29 00:00:00,2025-07-29,00:00:00,1.16331,1.16476,1.15895,1.15921,0,2
790,2025-07-29 04:00:00,2025-07-29,04:00:00,1.15921,1.15959,1.15852,1.15887,0,2
791,2025-07-29 08:00:00,2025-07-29,08:00:00,1.15883,1.15982,1.15844,1.15909,0,2
792,2025-07-29 12:00:00,2025-07-29,12:00:00,1.15913,1.1599,1.15746,1.15785,0,2
793,2025-07-29 16:00:00,2025-07-29,16:00:00,1.15783,1.15859,1.15274,1.15766,0,2
794,2025-07-29 20:00:00,2025-07-29,20:00:00,1.15763,1.15882,1.15187,1.15453,0,2
795,2025-07-30 00:00:00,2025-07-30,00:00:00,1.15449,1.15612,1.15215,1.15468,0,2
796,2025-07-30 04:00:00,2025-07-30,04:00:00,1.15435,1.15574,1.15421,1.15471,0,2
797,2025-07-30 08:00:00,2025-07-30,08:00:00,1.1548,1.15725,1.15466,1.15641,0,2
798,2025-07-30 12:00:00,2025-07-30,12:00:00,1.15638,1.15705,1.15484,1.155,0,2
799,2025-07-30 16:00:00,2025-07-30,16:00:00,1.155,1.15685,1.15402,1.15516,0,2
800,2025-07-30 20:00:00,2025-07-30,20:00:00,1.1552,1.1555,1.14575,1.14695,0,2
801,2025-07-31 00:00:00,2025-07-31,00:00:00,1.14691,1.14851,1.14636,1.1481,0,2
802,2025-07-31 04:00:00,2025-07-31,04:00:00,1.14812,1.15039,1.13998,1.14082,0,2
803,2025-07-31 08:00:00,2025-07-31,08:00:00,1.14094,1.14385,1.14031,1.14312,0,2
804,2025-07-31 12:00:00,2025-07-31,12:00:00,1.14312,1.14433,1.14067,1.14366,0,2
805,2025-07-31 16:00:00,2025-07-31,16:00:00,1.14363,1.14614,1.14321,1.1433,0,2
806,2025-07-31 20:00:00,2025-07-31,20:00:00,1.1433,1.14516,1.14053,1.14107,0,2
807,2025-08-01 00:00:00,2025-08-01,00:00:00,1.14114,1.14502,1.14069,1.14201,0,2
808,2025-08-01 04:00:00,2025-08-01,04:00:00,1.14197,1.14335,1.1409,1.14175,0,2
809,2025-08-01 08:00:00,2025-08-01,08:00:00,1.14176,1.14292,1.14048,1.14071,0,2
810,2025-08-01 12:00:00,2025-08-01,12:00:00,1.1407,1.1435,1.14061,1.14306,0,2
811,2025-08-01 16:00:00,2025-08-01,16:00:00,1.14304,1.14382,1.13926,1.1401,0,2
812,2025-08-01 20:00:00,2025-08-01,20:00:00,1.14014,1.15838,1.13914,1.1563,0,2
813,2025-08-02 00:00:00,2025-08-02,00:00:00,1.15677,1.15888,1.15164,1.15266,0,2
814,2025-08-02 04:00:00,2025-08-02,04:00:00,1.15268,1.15977,1.15216,1.15904,0,2
815,2025-08-04 08:00:00,2025-08-04,08:00:00,1.15837,1.15905,1.15504,1.1571,0,2
816,2025-08-04 12:00:00,2025-08-04,12:00:00,1.15712,1.15866,1.15665,1.15701,0,2
817,2025-08-04 16:00:00,2025-08-04,16:00:00,1.15703,1.15836,1.15492,1.15647,0,2
818,2025-08-04 20:00:00,2025-08-04,20:00:00,1.15647,1.15893,1.15549,1.15755,0,2
819,2025-08-05 00:00:00,2025-08-05,00:00:00,1.15763,1.15875,1.15569,1.1572,0,2
820,2025-08-05 04:00:00,2025-08-05,04:00:00,1.15731,1.15778,1.1563,1.15701,0,2
821,2025-08-05 08:00:00,2025-08-05,08:00:00,1.15693,1.15888,1.15591,1.15645,0,2
822,2025-08-05 12:00:00,2025-08-05,12:00:00,1.15643,1.1565,1.15439,1.15471,0,2
823,2025-08-05 16:00:00,2025-08-05,16:00:00,1.15479,1.15631,1.15298,1.15422,0,2
824,2025-08-05 20:00:00,2025-08-05,20:00:00,1.15419,1.15546,1.15276,1.15349,0,2
825,2025-08-06 00:00:00,2025-08-06,00:00:00,1.15396,1.15862,1.15336,1.15781,0,2
826,2025-08-06 04:00:00,2025-08-06,04:00:00,1.1578,1.15798,1.15658,1.15741,0,2
827,2025-08-06 08:00:00,2025-08-06,08:00:00,1.15741,1.15855,1.1564,1.15671,0,2
828,2025-08-06 12:00:00,2025-08-06,12:00:00,1.15672,1.15861,1.1564,1.15785,0,2
829,2025-08-06 16:00:00,2025-08-06,16:00:00,1.15779,1.15889,1.157,1.15856,0,2
830,2025-08-06 20:00:00,2025-08-06,20:00:00,1.15846,1.16347,1.15842,1.16342,0,2
831,2025-08-07 00:00:00,2025-08-07,00:00:00,1.16361,1.16556,1.16223,1.1649,0,2
832,2025-08-07 04:00:00,2025-08-07,04:00:00,1.16494,1.16687,1.16478,1.16572,0,2
833,2025-08-07 08:00:00,2025-08-07,08:00:00,1.16572,1.16664,1.16496,1.16581,0,2
834,2025-08-07 12:00:00,2025-08-07,12:00:00,1.16577,1.16769,1.16534,1.16752,0,2
835,2025-08-07 16:00:00,2025-08-07,16:00:00,1.16754,1.16989,1.16682,1.16711,0,2
836,2025-08-07 20:00:00,2025-08-07,20:00:00,1.16709,1.16777,1.16339,1.1643,0,2
837,2025-08-08 00:00:00,2025-08-08,00:00:00,1.16429,1.16503,1.16128,1.16342,0,2
838,2025-08-08 04:00:00,2025-08-08,04:00:00,1.16335,1.16742,1.16189,1.16653,0,2
839,2025-08-08 08:00:00,2025-08-08,08:00:00,1.16657,1.168,1.16551,1.16578,0,2
840,2025-08-08 12:00:00,2025-08-08,12:00:00,1.1658,1.16658,1.1639,1.16408,0,2
841,2025-08-08 16:00:00,2025-08-08,16:00:00,1.16415,1.16649,1.1629,1.16419,0,2
842,2025-08-08 20:00:00,2025-08-08,20:00:00,1.16417,1.16555,1.1628,1.16496,0,2
843,2025-08-09 00:00:00,2025-08-09,00:00:00,1.16486,1.16682,1.16456,1.1659,0,2
844,2025-08-09 04:00:00,2025-08-09,04:00:00,1.16594,1.1663,1.16363,1.16401,0,2
845,2025-08-09 08:00:00,2025-08-09,08:00:00,1.16401,1.16401,1.16401,1.16401,0,2
846,2025-08-11 08:00:00,2025-08-11,08:00:00,1.16475,1.16597,1.16416,1.16593,0,2
847,2025-08-11 12:00:00,2025-08-11,12:00:00,1.16593,1.16763,1.16589,1.16694,0,2
848,2025-08-11 16:00:00,2025-08-11,16:00:00,1.16697,1.16744,1.16382,1.16409,0,2
849,2025-08-11 20:00:00,2025-08-11,20:00:00,1.16415,1.16482,1.16138,1.16191,0,2
850,2025-08-12 00:00:00,2025-08-12,00:00:00,1.16198,1.16216,1.15896,1.16111,0,2
851,2025-08-12 04:00:00,2025-08-12,04:00:00,1.16111,1.16209,1.16021,1.16159,0,2
852,2025-08-12 08:00:00,2025-08-12,08:00:00,1.16162,1.1626,1.16092,1.16194,0,2
853,2025-08-12 12:00:00,2025-08-12,12:00:00,1.16193,1.16296,1.16129,1.16146,0,2
854,2025-08-12 16:00:00,2025-08-12,16:00:00,1.16135,1.16244,1.16005,1.16066,0,2
855,2025-08-12 20:00:00,2025-08-12,20:00:00,1.16062,1.16685,1.15986,1.16521,0,2
856,2025-08-13 00:00:00,2025-08-13,00:00:00,1.16521,1.16975,1.16415,1.16733,0,2
857,2025-08-13 04:00:00,2025-08-13,04:00:00,1.16734,1.16809,1.16642,1.16745,0,2
858,2025-08-13 08:00:00,2025-08-13,08:00:00,1.16745,1.16869,1.16709,1.16775,0,2
859,2025-08-13 12:00:00,2025-08-13,12:00:00,1.16778,1.1688,1.16707,1.16778,0,2
860,2025-08-13 16:00:00,2025-08-13,16:00:00,1.16799,1.17311,1.16785,1.17298,0,2
861,2025-08-13 20:00:00,2025-08-13,20:00:00,1.17296,1.17307,1.16937,1.17047,0,2
862,2025-08-14 00:00:00,2025-08-14,00:00:00,1.17046,1.17238,1.17023,1.17048,0,2
863,2025-08-14 04:00:00,2025-08-14,04:00:00,1.17045,1.17112,1.16958,1.17061,0,2
864,2025-08-14 08:00:00,2025-08-14,08:00:00,1.17061,1.17163,1.17028,1.1713,0,2
865,2025-08-14 12:00:00,2025-08-14,12:00:00,1.17128,1.17133,1.16963,1.17017,0,2
866,2025-08-14 16:00:00,2025-08-14,16:00:00,1.17011,1.17074,1.16677,1.16821,0,2
867,2025-08-14 20:00:00,2025-08-14,20:00:00,1.16822,1.16974,1.16486,1.16505,0,2
868,2025-08-15 00:00:00,2025-08-15,00:00:00,1.16506,1.16667,1.16304,1.16374,0,2
869,2025-08-15 04:00:00,2025-08-15,04:00:00,1.16374,1.16548,1.16328,1.16518,0,2
870,2025-08-15 08:00:00,2025-08-15,08:00:00,1.16518,1.1659,1.16461,1.16535,0,2
871,2025-08-15 12:00:00,2025-08-15,12:00:00,1.16529,1.16716,1.16492,1.1671,0,2
872,2025-08-15 16:00:00,2025-08-15,16:00:00,1.1671,1.16904,1.16652,1.16878,0,2
873,2025-08-15 20:00:00,2025-08-15,20:00:00,1.1688,1.17083,1.16734,1.1702,0,2
874,2025-08-16 00:00:00,2025-08-16,00:00:00,1.17019,1.1716,1.16983,1.17047,0,2
875,2025-08-16 04:00:00,2025-08-16,04:00:00,1.17043,1.17089,1.16901,1.17013,0,2
876,2025-08-16 08:00:00,2025-08-16,08:00:00,1.17013,1.17013,1.17013,1.17013,0,2
877,2025-08-18 08:00:00,2025-08-18,08:00:00,1.17144,1.17149,1.16936,1.17035,0,2
878,2025-08-18 12:00:00,2025-08-18,12:00:00,1.17036,1.17111,1.16974,1.17067,0,2
879,2025-08-18 16:00:00,2025-08-18,16:00:00,1.17055,1.17088,1.1671,1.16801,0,2
880,2025-08-18 20:00:00,2025-08-18,20:00:00,1.16797,1.16889,1.16667,1.16771,0,2
881,2025-08-19 00:00:00,2025-08-19,00:00:00,1.16776,1.16847,1.16563,1.16631,0,2
882,2025-08-19 04:00:00,2025-08-19,04:00:00,1.16629,1.16713,1.16573,1.16625,0,2
883,2025-08-19 08:00:00,2025-08-19,08:00:00,1.16624,1.16757,1.16385,1.16512,0,2
884,2025-08-19 12:00:00,2025-08-19,12:00:00,1.1649,1.16664,1.16469,1.16549,0,2
885,2025-08-19 16:00:00,2025-08-19,16:00:00,1.16553,1.16852,1.1651,1.16795,0,2
886,2025-08-19 20:00:00,2025-08-19,20:00:00,1.168,1.16934,1.16683,1.16759,0,2
887,2025-08-20 00:00:00,2025-08-20,00:00:00,1.16757,1.16782,1.16526,1.16546,0,2
888,2025-08-20 04:00:00,2025-08-20,04:00:00,1.16548,1.16552,1.16417,1.16484,0,2
889,2025-08-20 08:00:00,2025-08-20,08:00:00,1.16479,1.1652,1.16271,1.16278,0,2
890,2025-08-20 12:00:00,2025-08-20,12:00:00,1.16275,1.16405,1.16215,1.16394,0,2
891,2025-08-20 16:00:00,2025-08-20,16:00:00,1.16392,1.16474,1.1623,1.16452,0,2
892,2025-08-20 20:00:00,2025-08-20,20:00:00,1.1645,1.16743,1.16401,1.16591,0,2
893,2025-08-21 00:00:00,2025-08-21,00:00:00,1.1659,1.16728,1.1646,1.16721,0,2
894,2025-08-21 04:00:00,2025-08-21,04:00:00,1.16712,1.16723,1.16469,1.1651,0,2
895,2025-08-21 08:00:00,2025-08-21,08:00:00,1.16513,1.16558,1.16409,1.16464,0,2
896,2025-08-21 12:00:00,2025-08-21,12:00:00,1.16463,1.16502,1.16413,1.16493,0,2
897,2025-08-21 16:00:00,2025-08-21,16:00:00,1.16494,1.16632,1.16249,1.16549,0,2
898,2025-08-21 20:00:00,2025-08-21,20:00:00,1.16542,1.16575,1.16153,1.1621,0,2
899,2025-08-22 00:00:00,2025-08-22,00:00:00,1.16216,1.16301,1.16006,1.16151,0,2
900,2025-08-22 04:00:00,2025-08-22,04:00:00,1.16151,1.16175,1.16022,1.16088,0,2
901,2025-08-22 08:00:00,2025-08-22,08:00:00,1.16082,1.16171,1.1604,1.16083,0,2
902,2025-08-22 12:00:00,2025-08-22,12:00:00,1.16083,1.16144,1.15823,1.15874,0,2
903,2025-08-22 16:00:00,2025-08-22,16:00:00,1.15871,1.16028,1.15829,1.15968,0,2
904,2025-08-22 20:00:00,2025-08-22,20:00:00,1.15967,1.16196,1.1593,1.15993,0,2
905,2025-08-23 00:00:00,2025-08-23,00:00:00,1.15999,1.17432,1.15978,1.17369,0,2
906,2025-08-23 04:00:00,2025-08-23,04:00:00,1.17365,1.17393,1.17151,1.17152,0,2
907,2025-08-23 08:00:00,2025-08-23,08:00:00,1.17152,1.17152,1.17152,1.17152,0,2
908,2025-08-25 08:00:00,2025-08-25,08:00:00,1.17135,1.1715,1.16931,1.16965,0,2
909,2025-08-25 12:00:00,2025-08-25,12:00:00,1.16965,1.17084,1.16935,1.17005,0,2
910,2025-08-25 16:00:00,2025-08-25,16:00:00,1.17007,1.17215,1.16892,1.16933,0,2
911,2025-08-25 20:00:00,2025-08-25,20:00:00,1.16934,1.17095,1.16851,1.17029,0,2
912,2025-08-26 00:00:00,2025-08-26,00:00:00,1.17034,1.17059,1.16408,1.16463,0,2
913,2025-08-26 04:00:00,2025-08-26,04:00:00,1.16469,1.16492,1.16029,1.16204,0,2
914,2025-08-26 08:00:00,2025-08-26,08:00:00,1.16203,1.1661,1.16097,1.1643,0,2
915,2025-08-26 12:00:00,2025-08-26,12:00:00,1.16422,1.16477,1.16236,1.16414,0,2
916,2025-08-26 16:00:00,2025-08-26,16:00:00,1.16413,1.16444,1.16027,1.16423,0,2
917,2025-08-26 20:00:00,2025-08-26,20:00:00,1.16424,1.16612,1.16368,1.16512,0,2
918,2025-08-27 00:00:00,2025-08-27,00:00:00,1.16508,1.16648,1.16376,1.16382,0,2
919,2025-08-27 04:00:00,2025-08-27,04:00:00,1.16381,1.16529,1.1633,1.1645,0,2
920,2025-08-27 08:00:00,2025-08-27,08:00:00,1.16447,1.1649,1.16308,1.16339,0,2
921,2025-08-27 12:00:00,2025-08-27,12:00:00,1.16342,1.16346,1.16122,1.16207,0,2
922,2025-08-27 16:00:00,2025-08-27,16:00:00,1.16206,1.16247,1.1575,1.15909,0,2
923,2025-08-27 20:00:00,2025-08-27,20:00:00,1.15907,1.1604,1.15744,1.15993,0,2
924,2025-08-28 00:00:00,2025-08-28,00:00:00,1.1598,1.16431,1.15818,1.16377,0,2
925,2025-08-28 04:00:00,2025-08-28,04:00:00,1.16375,1.16421,1.16274,1.16368,0,2
926,2025-08-28 08:00:00,2025-08-28,08:00:00,1.1637,1.16507,1.16337,1.16446,0,2
927,2025-08-28 12:00:00,2025-08-28,12:00:00,1.16451,1.16551,1.16357,1.16373,0,2
928,2025-08-28 16:00:00,2025-08-28,16:00:00,1.1637,1.16545,1.16283,1.16491,0,2
929,2025-08-28 20:00:00,2025-08-28,20:00:00,1.16484,1.16872,1.16475,1.16755,0,2
930,2025-08-29 00:00:00,2025-08-29,00:00:00,1.16728,1.16978,1.16611,1.16879,0,2
931,2025-08-29 04:00:00,2025-08-29,04:00:00,1.1688,1.16905,1.16743,1.16803,0,2
932,2025-08-29 08:00:00,2025-08-29,08:00:00,1.16802,1.16837,1.1656,1.16584,0,2
933,2025-08-29 12:00:00,2025-08-29,12:00:00,1.16591,1.16706,1.16585,1.16702,0,2
934,2025-08-29 16:00:00,2025-08-29,16:00:00,1.16695,1.1691,1.16608,1.16736,0,2
935,2025-08-29 20:00:00,2025-08-29,20:00:00,1.1673,1.16752,1.16505,1.16691,0,2
936,2025-08-30 00:00:00,2025-08-30,00:00:00,1.16705,1.1709,1.16691,1.16965,0,2
937,2025-08-30 04:00:00,2025-08-30,04:00:00,1.16965,1.17012,1.16791,1.1683,0,2
938,2025-08-30 08:00:00,2025-08-30,08:00:00,1.1683,1.1683,1.1683,1.1683,0,2
939,2025-09-01 08:00:00,2025-09-01,08:00:00,1.16884,1.1699,1.16862,1.16947,0,2
940,2025-09-01 12:00:00,2025-09-01,12:00:00,1.16952,1.17161,1.16947,1.17142,0,2
941,2025-09-01 16:00:00,2025-09-01,16:00:00,1.17137,1.17369,1.17129,1.17197,0,2
942,2025-09-01 20:00:00,2025-09-01,20:00:00,1.17196,1.17303,1.17047,1.17074,0,2
943,2025-09-02 00:00:00,2025-09-02,00:00:00,1.17079,1.17146,1.16963,1.17043,0,2
944,2025-09-02 04:00:00,2025-09-02,04:00:00,1.17043,1.17142,1.17033,1.17088,0,2
945,2025-09-02 08:00:00,2025-09-02,08:00:00,1.17082,1.17188,1.16995,1.17036,0,2
946,2025-09-02 12:00:00,2025-09-02,12:00:00,1.17036,1.17045,1.16871,1.16946,0,2
947,2025-09-02 16:00:00,2025-09-02,16:00:00,1.16949,1.17077,1.16237,1.16386,0,2
948,2025-09-02 20:00:00,2025-09-02,20:00:00,1.16382,1.16535,1.16103,1.16499,0,2
949,2025-09-03 00:00:00,2025-09-03,00:00:00,1.16507,1.16827,1.16413,1.16428,0,2
950,2025-09-03 04:00:00,2025-09-03,04:00:00,1.16423,1.16493,1.16295,1.16418,0,2
951,2025-09-03 08:00:00,2025-09-03,08:00:00,1.16417,1.16461,1.1626,1.16307,0,2
952,2025-09-03 12:00:00,2025-09-03,12:00:00,1.16311,1.16359,1.16217,1.16297,0,2
953,2025-09-03 16:00:00,2025-09-03,16:00:00,1.16303,1.16656,1.1608,1.1656,0,2
954,2025-09-03 20:00:00,2025-09-03,20:00:00,1.16564,1.16596,1.16385,1.16488,0,2
955,2025-09-04 00:00:00,2025-09-04,00:00:00,1.16499,1.16818,1.16458,1.16614,0,2
956,2025-09-04 04:00:00,2025-09-04,04:00:00,1.16607,1.1668,1.16554,1.16606,0,2
957,2025-09-04 08:00:00,2025-09-04,08:00:00,1.16594,1.167,1.16524,1.16587,0,2
958,2025-09-04 12:00:00,2025-09-04,12:00:00,1.16586,1.16593,1.16484,1.16551,0,2
959,2025-09-04 16:00:00,2025-09-04,16:00:00,1.16554,1.16614,1.16393,1.1643,0,2
960,2025-09-04 20:00:00,2025-09-04,20:00:00,1.16434,1.16604,1.16295,1.16507,0,2
961,2025-09-05 00:00:00,2025-09-05,00:00:00,1.16473,1.16517,1.16314,1.16376,0,2
962,2025-09-05 04:00:00,2025-09-05,04:00:00,1.16378,1.16545,1.16367,1.165,0,2
963,2025-09-05 08:00:00,2025-09-05,08:00:00,1.16493,1.16726,1.16459,1.16709,0,2
964,2025-09-05 12:00:00,2025-09-05,12:00:00,1.16706,1.16778,1.16644,1.16767,0,2
965,2025-09-05 16:00:00,2025-09-05,16:00:00,1.16768,1.16928,1.16658,1.1688,0,2
966,2025-09-05 20:00:00,2025-09-05,20:00:00,1.1688,1.17526,1.16778,1.17488,0,2
967,2025-09-06 00:00:00,2025-09-06,00:00:00,1.17493,1.17596,1.17225,1.17257,0,2
968,2025-09-06 04:00:00,2025-09-06,04:00:00,1.17261,1.17269,1.17108,1.17108,0,2
969,2025-09-06 08:00:00,2025-09-06,08:00:00,1.17108,1.17108,1.17108,1.17108,0,2
970,2025-09-08 08:00:00,2025-09-08,08:00:00,1.1706,1.17173,1.17049,1.17127,0,2
971,2025-09-08 12:00:00,2025-09-08,12:00:00,1.17129,1.17207,1.1706,1.1715,0,2
972,2025-09-08 16:00:00,2025-09-08,16:00:00,1.17152,1.17427,1.1712,1.17237,0,2
973,2025-09-08 20:00:00,2025-09-08,20:00:00,1.17235,1.1756,1.172,1.1751,0,2
974,2025-09-09 00:00:00,2025-09-09,00:00:00,1.17511,1.17543,1.17346,1.17389,0,2
975,2025-09-09 04:00:00,2025-09-09,04:00:00,1.17393,1.17658,1.1739,1.17616,0,2
976,2025-09-09 08:00:00,2025-09-09,08:00:00,1.17619,1.17782,1.17584,1.17746,0,2
977,2025-09-09 12:00:00,2025-09-09,12:00:00,1.1775,1.1781,1.1763,1.17785,0,2
978,2025-09-09 16:00:00,2025-09-09,16:00:00,1.17788,1.178,1.17436,1.17679,0,2
979,2025-09-09 20:00:00,2025-09-09,20:00:00,1.17679,1.17714,1.17272,1.17418,0,2
980,2025-09-10 00:00:00,2025-09-10,00:00:00,1.17426,1.17639,1.17084,1.17095,0,2
981,2025-09-10 04:00:00,2025-09-10,04:00:00,1.17096,1.17154,1.17038,1.17114,0,2
982,2025-09-10 08:00:00,2025-09-10,08:00:00,1.17114,1.17165,1.16945,1.17027,0,2
983,2025-09-10 12:00:00,2025-09-10,12:00:00,1.17027,1.17192,1.17027,1.17123,0,2
984,2025-09-10 16:00:00,2025-09-10,16:00:00,1.17123,1.1722,1.1691,1.17132,0,2
985,2025-09-10 20:00:00,2025-09-10,20:00:00,1.17133,1.1726,1.16912,1.17199,0,2
986,2025-09-11 00:00:00,2025-09-11,00:00:00,1.17197,1.17305,1.17016,1.17059,0,2
987,2025-09-11 04:00:00,2025-09-11,04:00:00,1.17057,1.17119,1.16934,1.16986,0,2
988,2025-09-11 08:00:00,2025-09-11,08:00:00,1.17002,1.17068,1.1693,1.16972,0,2
989,2025-09-11 12:00:00,2025-09-11,12:00:00,1.16968,1.17002,1.16891,1.16898,0,2
990,2025-09-11 16:00:00,2025-09-11,16:00:00,1.16896,1.16965,1.16774,1.16857,0,2
991,2025-09-11 20:00:00,2025-09-11,20:00:00,1.1686,1.17408,1.16601,1.17393,0,2
992,2025-09-12 00:00:00,2025-09-12,00:00:00,1.1739,1.17459,1.17256,1.17316,0,2
993,2025-09-12 04:00:00,2025-09-12,04:00:00,1.17314,1.17395,1.17307,1.17339,0,2
994,2025-09-12 08:00:00,2025-09-12,08:00:00,1.17344,1.17406,1.17253,1.17255,0,2
995,2025-09-12 12:00:00,2025-09-12,12:00:00,1.1726,1.17332,1.17209,1.1731,0,2
996,2025-09-12 16:00:00,2025-09-12,16:00:00,1.17313,1.17476,1.17126,1.17221,0,2
997,2025-09-12 20:00:00,2025-09-12,20:00:00,1.17223,1.17351,1.17014,1.17125,0,2
998,2025-09-13 00:00:00,2025-09-13,00:00:00,1.17121,1.17378,1.171,1.1732,0,2
999,2025-09-13 04:00:00,2025-09-13,04:00:00,1.17322,1.17417,1.17287,1.17328,0,2
1000,2025-09-13 08:00:00,2025-09-13,08:00:00,1.17328,1.17328,1.17328,1.17328,0,2
1001,2025-09-15 08:00:00,2025-09-15,08:00:00,1.17283,1.1731,1.17219,1.17275,0,2
1002,2025-09-15 12:00:00,2025-09-15,12:00:00,1.17274,1.17354,1.17247,1.17283,0,2
1003,2025-09-15 16:00:00,2025-09-15,16:00:00,1.17284,1.17516,1.17162,1.17462,0,2
1004,2025-09-15 20:00:00,2025-09-15,20:00:00,1.17466,1.1773,1.17466,1.17588,0,2
1005,2025-09-16 00:00:00,2025-09-16,00:00:00,1.17586,1.17744,1.17507,1.17709,0,2
1006,2025-09-16 04:00:00,2025-09-16,04:00:00,1.17708,1.17723,1.176,1.17642,0,2
1007,2025-09-16 08:00:00,2025-09-16,08:00:00,1.17648,1.17693,1.17574,1.17674,0,2
1008,2025-09-16 12:00:00,2025-09-16,12:00:00,1.17673,1.17867,1.17673,1.17781,0,2
1009,2025-09-16 16:00:00,2025-09-16,16:00:00,1.17781,1.18179,1.17779,1.18139,0,2
1010,2025-09-16 20:00:00,2025-09-16,20:00:00,1.18144,1.18271,1.1791,1.1824,0,2
1011,2025-09-17 00:00:00,2025-09-17,00:00:00,1.18239,1.18782,1.18212,1.1866,0,2
1012,2025-09-17 04:00:00,2025-09-17,04:00:00,1.18661,1.1871,1.18545,1.18628,0,2
1013,2025-09-17 08:00:00,2025-09-17,08:00:00,1.18647,1.1873,1.18521,1.1856,0,2
1014,2025-09-17 12:00:00,2025-09-17,12:00:00,1.18557,1.18596,1.18512,1.18578,0,2
1015,2025-09-17 16:00:00,2025-09-17,16:00:00,1.18589,1.18596,1.18381,1.18455,0,2
1016,2025-09-17 20:00:00,2025-09-17,20:00:00,1.18453,1.18528,1.18327,1.18499,0,2
1017,2025-09-18 00:00:00,2025-09-18,00:00:00,1.18502,1.1859,1.18424,1.1851,0,2
1018,2025-09-18 04:00:00,2025-09-18,04:00:00,1.18515,1.19183,1.18078,1.18134,0,2
1019,2025-09-18 08:00:00,2025-09-18,08:00:00,1.18152,1.18288,1.18076,1.18136,0,2
1020,2025-09-18 12:00:00,2025-09-18,12:00:00,1.18137,1.18227,1.1786,1.17907,0,2
1021,2025-09-18 16:00:00,2025-09-18,16:00:00,1.17908,1.18482,1.17806,1.1838,0,2
1022,2025-09-18 20:00:00,2025-09-18,20:00:00,1.18379,1.18401,1.17503,1.17671,0,2
1023,2025-09-19 00:00:00,2025-09-19,00:00:00,1.1766,1.17937,1.17629,1.17876,0,2
1024,2025-09-19 04:00:00,2025-09-19,04:00:00,1.17875,1.17911,1.17812,1.17867,0,2
1025,2025-09-19 08:00:00,2025-09-19,08:00:00,1.17856,1.17906,1.17744,1.17753,0,2
1026,2025-09-19 12:00:00,2025-09-19,12:00:00,1.1775,1.17924,1.17705,1.17731,0,2
1027,2025-09-19 16:00:00,2025-09-19,16:00:00,1.1773,1.17781,1.17513,1.17595,0,2
1028,2025-09-19 20:00:00,2025-09-19,20:00:00,1.17595,1.1765,1.17288,1.17582,0,2
1029,2025-09-20 00:00:00,2025-09-20,00:00:00,1.1758,1.17677,1.17372,1.17507,0,2
1030,2025-09-20 04:00:00,2025-09-20,04:00:00,1.17506,1.17512,1.17406,1.17442,0,2
1031,2025-09-20 08:00:00,2025-09-20,08:00:00,1.17442,1.17442,1.17442,1.17442,0,2
1032,2025-09-22 08:00:00,2025-09-22,08:00:00,1.17408,1.17415,1.17261,1.17323,0,2
1033,2025-09-22 12:00:00,2025-09-22,12:00:00,1.17325,1.17385,1.17264,1.17385,0,2
1034,2025-09-22 16:00:00,2025-09-22,16:00:00,1.17384,1.1776,1.17361,1.17759,0,2
1035,2025-09-22 20:00:00,2025-09-22,20:00:00,1.17759,1.17876,1.17687,1.17767,0,2
1036,2025-09-23 00:00:00,2025-09-23,00:00:00,1.17766,1.17968,1.17628,1.17966,0,2
1037,2025-09-23 04:00:00,2025-09-23,04:00:00,1.17962,1.18037,1.1789,1.1798,0,2
1038,2025-09-23 08:00:00,2025-09-23,08:00:00,1.17976,1.18198,1.17968,1.18147,0,2
1039,2025-09-23 12:00:00,2025-09-23,12:00:00,1.18147,1.18166,1.1795,1.17986,0,2
1040,2025-09-23 16:00:00,2025-09-23,16:00:00,1.17984,1.18122,1.17785,1.18022,0,2
1041,2025-09-23 20:00:00,2025-09-23,20:00:00,1.18024,1.18067,1.17844,1.17995,0,2
1042,2025-09-24 00:00:00,2025-09-24,00:00:00,1.17996,1.18177,1.17881,1.18119,0,2
1043,2025-09-24 04:00:00,2025-09-24,04:00:00,1.18115,1.18183,1.18069,1.18138,0,2
1044,2025-09-24 08:00:00,2025-09-24,08:00:00,1.18141,1.18188,1.17976,1.17999,0,2
1045,2025-09-24 12:00:00,2025-09-24,12:00:00,1.17999,1.18047,1.17923,1.17978,0,2
1046,2025-09-24 16:00:00,2025-09-24,16:00:00,1.17978,1.18028,1.17624,1.17676,0,2
1047,2025-09-24 20:00:00,2025-09-24,20:00:00,1.17674,1.17699,1.17303,1.17385,0,2
1048,2025-09-25 00:00:00,2025-09-25,00:00:00,1.17375,1.17462,1.17283,1.17376,0,2
1049,2025-09-25 04:00:00,2025-09-25,04:00:00,1.17373,1.17404,1.17321,1.17386,0,2
1050,2025-09-25 08:00:00,2025-09-25,08:00:00,1.17392,1.17494,1.17392,1.17444,0,2
1051,2025-09-25 12:00:00,2025-09-25,12:00:00,1.1745,1.17536,1.17405,1.1742,0,2
1052,2025-09-25 16:00:00,2025-09-25,16:00:00,1.17422,1.17523,1.17306,1.17449,0,2
1053,2025-09-25 20:00:00,2025-09-25,20:00:00,1.17451,1.17539,1.16831,1.16858,0,2
1054,2025-09-26 00:00:00,2025-09-26,00:00:00,1.16861,1.16945,1.16522,1.16575,0,2
1055,2025-09-26 04:00:00,2025-09-26,04:00:00,1.16577,1.16691,1.16454,1.16571,0,2
1056,2025-09-26 08:00:00,2025-09-26,08:00:00,1.16611,1.16735,1.16579,1.16677,0,2
1057,2025-09-26 12:00:00,2025-09-26,12:00:00,1.16679,1.1685,1.16673,1.1677,0,2
1058,2025-09-26 16:00:00,2025-09-26,16:00:00,1.16772,1.16878,1.16685,1.16784,0,2
1059,2025-09-26 20:00:00,2025-09-26,20:00:00,1.16779,1.1694,1.16618,1.16839,0,2
1060,2025-09-27 00:00:00,2025-09-27,00:00:00,1.16839,1.17046,1.16835,1.16998,0,2
1061,2025-09-27 04:00:00,2025-09-27,04:00:00,1.16997,1.17072,1.16959,1.17009,0,2
1062,2025-09-27 08:00:00,2025-09-27,08:00:00,1.17009,1.17009,1.17009,1.17009,0,2
1063,2025-09-29 08:00:00,2025-09-29,08:00:00,1.17042,1.17253,1.17038,1.1723,0,2
1064,2025-09-29 12:00:00,2025-09-29,12:00:00,1.17225,1.17332,1.17225,1.17285,0,2
1065,2025-09-29 16:00:00,2025-09-29,16:00:00,1.17281,1.1733,1.17081,1.17176,0,2
1066,2025-09-29 20:00:00,2025-09-29,20:00:00,1.17174,1.17544,1.17094,1.1741,0,2
1067,2025-09-30 00:00:00,2025-09-30,00:00:00,1.17401,1.17446,1.17214,1.17215,0,2
1068,2025-09-30 04:00:00,2025-09-30,04:00:00,1.17216,1.17329,1.17202,1.17257,0,2
1069,2025-09-30 08:00:00,2025-09-30,08:00:00,1.17261,1.17323,1.17126,1.17142,0,2
1070,2025-09-30 12:00:00,2025-09-30,12:00:00,1.17142,1.17371,1.17123,1.17335,0,2
1071,2025-09-30 16:00:00,2025-09-30,16:00:00,1.17335,1.17611,1.17311,1.17481,0,2
1072,2025-09-30 20:00:00,2025-09-30,20:00:00,1.17481,1.17514,1.17165,1.17305,0,2
1073,2025-10-01 00:00:00,2025-10-01,00:00:00,1.17302,1.17615,1.17235,1.17493,0,2
1074,2025-10-01 04:00:00,2025-10-01,04:00:00,1.17488,1.17494,1.1733,1.17338,0,2
1075,2025-10-01 08:00:00,2025-10-01,08:00:00,1.17342,1.17425,1.17296,1.1739,0,2
1076,2025-10-01 12:00:00,2025-10-01,12:00:00,1.17392,1.17668,1.17323,1.17524,0,2
1077,2025-10-01 16:00:00,2025-10-01,16:00:00,1.17525,1.17786,1.17308,1.17329,0,2
1078,2025-10-01 20:00:00,2025-10-01,20:00:00,1.17328,1.17685,1.17159,1.17542,0,2
1079,2025-10-02 00:00:00,2025-10-02,00:00:00,1.17538,1.17629,1.17155,1.17237,0,2
1080,2025-10-02 04:00:00,2025-10-02,04:00:00,1.17244,1.17419,1.17216,1.1732,0,2
1081,2025-10-02 08:00:00,2025-10-02,08:00:00,1.1732,1.17388,1.17237,1.17387,0,2
1082,2025-10-02 12:00:00,2025-10-02,12:00:00,1.17393,1.17418,1.17295,1.17355,0,2
1083,2025-10-02 16:00:00,2025-10-02,16:00:00,1.17357,1.17582,1.1734,1.17548,0,2
1084,2025-10-02 20:00:00,2025-10-02,20:00:00,1.17544,1.17582,1.17136,1.17222,0,2
1085,2025-10-03 00:00:00,2025-10-03,00:00:00,1.17212,1.17213,1.16833,1.17136,0,2
1086,2025-10-03 04:00:00,2025-10-03,04:00:00,1.17135,1.17266,1.1713,1.17162,0,2
1087,2025-10-03 08:00:00,2025-10-03,08:00:00,1.17165,1.17292,1.17163,1.17265,0,2
1088,2025-10-03 12:00:00,2025-10-03,12:00:00,1.1727,1.17279,1.17152,1.17169,0,2
1089,2025-10-03 16:00:00,2025-10-03,16:00:00,1.17168,1.17446,1.17163,1.17372,0,2
1090,2025-10-03 20:00:00,2025-10-03,20:00:00,1.17376,1.17444,1.17281,1.17381,0,2
1091,2025-10-04 00:00:00,2025-10-04,00:00:00,1.17475,1.17586,1.1732,1.17338,0,2
1092,2025-10-04 04:00:00,2025-10-04,04:00:00,1.17338,1.17444,1.17267,1.17384,0,2
1093,2025-10-04 08:00:00,2025-10-04,08:00:00,1.17423,1.17423,1.17423,1.17423,0,2
1094,2025-10-06 08:00:00,2025-10-06,08:00:00,1.17243,1.1726,1.17103,1.1716,0,2
1095,2025-10-06 12:00:00,2025-10-06,12:00:00,1.17172,1.17307,1.17101,1.17202,0,2
1096,2025-10-06 16:00:00,2025-10-06,16:00:00,1.17202,1.17252,1.16517,1.16677,0,2
1097,2025-10-06 20:00:00,2025-10-06,20:00:00,1.16672,1.16904,1.16526,1.16891,0,2
1098,2025-10-07 00:00:00,2025-10-07,00:00:00,1.16892,1.17206,1.16838,1.17121,0,2
1099,2025-10-07 04:00:00,2025-10-07,04:00:00,1.17119,1.17178,1.17084,1.17097,0,2
1100,2025-10-07 08:00:00,2025-10-07,08:00:00,1.17095,1.17206,1.17042,1.17086,0,2
1101,2025-10-07 12:00:00,2025-10-07,12:00:00,1.17086,1.17096,1.16945,1.16983,0,2
1102,2025-10-07 16:00:00,2025-10-07,16:00:00,1.16974,1.16997,1.16651,1.16659,0,2
1103,2025-10-07 20:00:00,2025-10-07,20:00:00,1.16655,1.16758,1.1654,1.16668,0,2
1104,2025-10-08 00:00:00,2025-10-08,00:00:00,1.16667,1.16811,1.16547,1.167,0,2
1105,2025-10-08 04:00:00,2025-10-08,04:00:00,1.16699,1.16792,1.16477,1.16567,0,2
1106,2025-10-08 08:00:00,2025-10-08,08:00:00,1.16564,1.16645,1.16457,1.16471,0,2
1107,2025-10-08 12:00:00,2025-10-08,12:00:00,1.16469,1.16469,1.1616,1.16192,0,2
1108,2025-10-08 16:00:00,2025-10-08,16:00:00,1.16191,1.16355,1.16071,1.16145,0,2
1109,2025-10-08 20:00:00,2025-10-08,20:00:00,1.16147,1.16378,1.16059,1.16325,0,2
1110,2025-10-09 00:00:00,2025-10-09,00:00:00,1.16325,1.16445,1.15985,1.16052,0,2
1111,2025-10-09 04:00:00,2025-10-09,04:00:00,1.16057,1.16322,1.15996,1.16268,0,2
1112,2025-10-09 08:00:00,2025-10-09,08:00:00,1.16234,1.16409,1.16234,1.1637,0,2
1113,2025-10-09 12:00:00,2025-10-09,12:00:00,1.16365,1.16475,1.16365,1.16456,0,2
1114,2025-10-09 16:00:00,2025-10-09,16:00:00,1.16453,1.1648,1.1603,1.16122,0,2
1115,2025-10-09 20:00:00,2025-10-09,20:00:00,1.16119,1.16272,1.1605,1.1615,0,2
1116,2025-10-10 00:00:00,2025-10-10,00:00:00,1.16152,1.16224,1.15471,1.1558,0,2
1117,2025-10-10 04:00:00,2025-10-10,04:00:00,1.1558,1.15669,1.15421,1.1564,0,2
1118,2025-10-10 08:00:00,2025-10-10,08:00:00,1.1564,1.15703,1.15596,1.15675,0,2
1119,2025-10-10 12:00:00,2025-10-10,12:00:00,1.15683,1.1574,1.15626,1.15734,0,2
1120,2025-10-10 16:00:00,2025-10-10,16:00:00,1.15733,1.15892,1.1561,1.15787,0,2
1121,2025-10-10 20:00:00,2025-10-10,20:00:00,1.15787,1.15834,1.15593,1.15719,0,2
1122,2025-10-11 00:00:00,2025-10-11,00:00:00,1.15719,1.16305,1.1562,1.16058,0,2
1123,2025-10-11 04:00:00,2025-10-11,04:00:00,1.16057,1.16285,1.15971,1.16131,0,2
1124,2025-10-11 08:00:00,2025-10-11,08:00:00,1.16131,1.16131,1.16131,1.16131,0,2
1125,2025-10-13 08:00:00,2025-10-13,08:00:00,1.15934,1.16159,1.15934,1.16157,0,2
1126,2025-10-13 12:00:00,2025-10-13,12:00:00,1.16176,1.16275,1.16097,1.16202,0,2
1127,2025-10-13 16:00:00,2025-10-13,16:00:00,1.16204,1.16296,1.15816,1.15855,0,2
1128,2025-10-13 20:00:00,2025-10-13,20:00:00,1.15853,1.1598,1.15619,1.15685,0,2
1129,2025-10-14 00:00:00,2025-10-14,00:00:00,1.15685,1.15789,1.15574,1.15753,0,2
1130,2025-10-14 04:00:00,2025-10-14,04:00:00,1.15754,1.15776,1.1565,1.15697,0,2
1131,2025-10-14 08:00:00,2025-10-14,08:00:00,1.15697,1.15737,1.1555,1.1561,0,2
1132,2025-10-14 12:00:00,2025-10-14,12:00:00,1.15608,1.15924,1.15605,1.15918,0,2
1133,2025-10-14 16:00:00,2025-10-14,16:00:00,1.15921,1.15935,1.15427,1.15589,0,2
1134,2025-10-14 20:00:00,2025-10-14,20:00:00,1.15589,1.15651,1.15462,1.15556,0,2
1135,2025-10-15 00:00:00,2025-10-15,00:00:00,1.15555,1.16147,1.15543,1.16093,0,2
1136,2025-10-15 04:00:00,2025-10-15,04:00:00,1.16085,1.16144,1.15999,1.16064,0,2
1137,2025-10-15 08:00:00,2025-10-15,08:00:00,1.16063,1.16158,1.16017,1.16103,0,2
1138,2025-10-15 12:00:00,2025-10-15,12:00:00,1.16105,1.16258,1.1607,1.16182,0,2
1139,2025-10-15 16:00:00,2025-10-15,16:00:00,1.16187,1.16453,1.16177,1.16326,0,2
1140,2025-10-15 20:00:00,2025-10-15,20:00:00,1.16325,1.1639,1.16137,1.16177,0,2
1141,2025-10-16 00:00:00,2025-10-16,00:00:00,1.16171,1.16468,1.16105,1.164,0,2
1142,2025-10-16 04:00:00,2025-10-16,04:00:00,1.16399,1.16476,1.16269,1.1647,0,2
1143,2025-10-16 08:00:00,2025-10-16,08:00:00,1.1647,1.16669,1.16417,1.16632,0,2
1144,2025-10-16 12:00:00,2025-10-16,12:00:00,1.16633,1.16752,1.16557,1.16559,0,2
1145,2025-10-16 16:00:00,2025-10-16,16:00:00,1.16559,1.16676,1.16432,1.16588,0,2
1146,2025-10-16 20:00:00,2025-10-16,20:00:00,1.16588,1.16637,1.16463,1.16605,0,2
1147,2025-10-17 00:00:00,2025-10-17,00:00:00,1.1661,1.16789,1.16501,1.1677,0,2
1148,2025-10-17 04:00:00,2025-10-17,04:00:00,1.1677,1.16941,1.16767,1.1687,0,2
1149,2025-10-17 08:00:00,2025-10-17,08:00:00,1.1687,1.17112,1.16848,1.17066,0,2
1150,2025-10-17 12:00:00,2025-10-17,12:00:00,1.17068,1.17121,1.16953,1.17099,0,2
1151,2025-10-17 16:00:00,2025-10-17,16:00:00,1.17098,1.17283,1.16916,1.16972,0,2
1152,2025-10-17 20:00:00,2025-10-17,20:00:00,1.16976,1.17077,1.1667,1.16763,0,2
1153,2025-10-18 00:00:00,2025-10-18,00:00:00,1.16763,1.16822,1.16568,1.16709,0,2
1154,2025-10-18 04:00:00,2025-10-18,04:00:00,1.16708,1.16781,1.16489,1.16508,0,2
1155,2025-10-18 08:00:00,2025-10-18,08:00:00,1.16508,1.1655,1.16508,1.16508,0,2
1156,2025-10-20 08:00:00,2025-10-20,08:00:00,1.16566,1.16665,1.1653,1.16665,0,2
1157,2025-10-20 12:00:00,2025-10-20,12:00:00,1.16665,1.16738,1.16566,1.16715,0,2
1158,2025-10-20 16:00:00,2025-10-20,16:00:00,1.16714,1.16754,1.16537,1.16635,0,2
1159,2025-10-20 20:00:00,2025-10-20,20:00:00,1.16633,1.16676,1.16444,1.16533,0,2
1160,2025-10-21 00:00:00,2025-10-21,00:00:00,1.16536,1.16644,1.16463,1.16498,0,2
1161,2025-10-21 04:00:00,2025-10-21,04:00:00,1.16495,1.16528,1.16384,1.16416,0,2
1162,2025-10-21 08:00:00,2025-10-21,08:00:00,1.16414,1.16551,1.16414,1.16531,0,2
1163,2025-10-21 12:00:00,2025-10-21,12:00:00,1.16528,1.16529,1.1632,1.16359,0,2
1164,2025-10-21 16:00:00,2025-10-21,16:00:00,1.16359,1.16371,1.16129,1.16211,0,2
1165,2025-10-21 20:00:00,2025-10-21,20:00:00,1.16213,1.16271,1.16021,1.16111,0,2
1166,2025-10-22 00:00:00,2025-10-22,00:00:00,1.16114,1.16242,1.15977,1.16089,0,2
1167,2025-10-22 04:00:00,2025-10-22,04:00:00,1.16089,1.16099,1.1599,1.15996,0,2
1168,2025-10-22 08:00:00,2025-10-22,08:00:00,1.15996,1.16104,1.15996,1.16046,0,2
1169,2025-10-22 12:00:00,2025-10-22,12:00:00,1.16047,1.16108,1.16013,1.16091,0,2
1170,2025-10-22 16:00:00,2025-10-22,16:00:00,1.1609,1.16156,1.15899,1.15975,0,2
1171,2025-10-22 20:00:00,2025-10-22,20:00:00,1.15971,1.16019,1.15769,1.1583,0,2
1172,2025-10-23 00:00:00,2025-10-23,00:00:00,1.15831,1.16222,1.1582,1.16195,0,2
1173,2025-10-23 04:00:00,2025-10-23,04:00:00,1.16196,1.16205,1.16047,1.16101,0,2
1174,2025-10-23 08:00:00,2025-10-23,08:00:00,1.16101,1.16184,1.15978,1.16041,0,2
1175,2025-10-23 12:00:00,2025-10-23,12:00:00,1.1605,1.16054,1.15907,1.15988,0,2
1176,2025-10-23 16:00:00,2025-10-23,16:00:00,1.15986,1.16059,1.15907,1.15962,0,2
1177,2025-10-23 20:00:00,2025-10-23,20:00:00,1.1596,1.16059,1.15854,1.16006,0,2
1178,2025-10-24 00:00:00,2025-10-24,00:00:00,1.16013,1.16225,1.15984,1.16073,0,2
1179,2025-10-24 04:00:00,2025-10-24,04:00:00,1.16073,1.16195,1.1605,1.1618,0,2
1180,2025-10-24 08:00:00,2025-10-24,08:00:00,1.16184,1.16219,1.16143,1.16182,0,2
1181,2025-10-24 12:00:00,2025-10-24,12:00:00,1.16176,1.16186,1.16059,1.16077,0,2
1182,2025-10-24 16:00:00,2025-10-24,16:00:00,1.16077,1.16274,1.16015,1.16108,0,2
1183,2025-10-24 20:00:00,2025-10-24,20:00:00,1.1609,1.16475,1.16054,1.16342,0,2
1184,2025-10-25 00:00:00,2025-10-25,00:00:00,1.16345,1.16426,1.16193,1.16257,0,2
1185,2025-10-25 04:00:00,2025-10-25,04:00:00,1.16257,1.16355,1.16215,1.16246,0,2
1186,2025-10-25 08:00:00,2025-10-25,08:00:00,1.16246,1.16246,1.16246,1.16246,0,2
1187,2025-10-27 08:00:00,2025-10-27,08:00:00,1.16308,1.16378,1.16261,1.16352,0,2
1188,2025-10-27 12:00:00,2025-10-27,12:00:00,1.16349,1.16478,1.16212,1.16243,0,2
1189,2025-10-27 16:00:00,2025-10-27,16:00:00,1.16243,1.16329,1.1618,1.16294,0,2
1190,2025-10-27 20:00:00,2025-10-27,20:00:00,1.1628,1.16517,1.16267,1.16407,0,2
1191,2025-10-28 00:00:00,2025-10-28,00:00:00,1.16416,1.16421,1.16324,1.16377,0,2
1192,2025-10-28 04:00:00,2025-10-28,04:00:00,1.16385,1.16514,1.16351,1.16454,0,2
1193,2025-10-28 08:00:00,2025-10-28,08:00:00,1.16454,1.16584,1.16444,1.16556,0,2
1194,2025-10-28 12:00:00,2025-10-28,12:00:00,1.16556,1.16679,1.16545,1.16667,0,2
1195,2025-10-28 16:00:00,2025-10-28,16:00:00,1.16666,1.16674,1.16505,1.16534,0,2
1196,2025-10-28 20:00:00,2025-10-28,20:00:00,1.16519,1.16647,1.16352,1.16406,0,2
1197,2025-10-29 00:00:00,2025-10-29,00:00:00,1.16406,1.16671,1.1626,1.16668,0,2
1198,2025-10-29 04:00:00,2025-10-29,04:00:00,1.16681,1.16681,1.1651,1.16518,0,2
1199,2025-10-29 08:00:00,2025-10-29,08:00:00,1.16521,1.16603,1.16486,1.16549,0,2
1200,2025-10-29 12:00:00,2025-10-29,12:00:00,1.16551,1.16562,1.16321,1.16338,0,2
1201,2025-10-29 16:00:00,2025-10-29,16:00:00,1.16341,1.16372,1.16249,1.16256,0,2
1202,2025-10-29 20:00:00,2025-10-29,20:00:00,1.16218,1.1649,1.1619,1.16336,0,2
1203,2025-10-30 00:00:00,2025-10-30,00:00:00,1.16342,1.16651,1.16328,1.16576,0,2
1204,2025-10-30 04:00:00,2025-10-30,04:00:00,1.16573,1.16589,1.15782,1.16014,0,2
1205,2025-10-30 08:00:00,2025-10-30,08:00:00,1.16016,1.16155,1.15976,1.16118,0,2
1206,2025-10-30 12:00:00,2025-10-30,12:00:00,1.16118,1.16345,1.16066,1.16318,0,2
1207,2025-10-30 16:00:00,2025-10-30,16:00:00,1.16316,1.16337,1.16074,1.16166,0,2
1208,2025-10-30 20:00:00,2025-10-30,20:00:00,1.16169,1.16281,1.15538,1.15549,0,2
1209,2025-10-31 00:00:00,2025-10-31,00:00:00,1.15545,1.15859,1.15474,1.15698,0,2
1210,2025-10-31 04:00:00,2025-10-31,04:00:00,1.15697,1.15719,1.15608,1.15651,0,2
1211,2025-10-31 08:00:00,2025-10-31,08:00:00,1.15653,1.15769,1.15648,1.15739,0,2
1212,2025-10-31 12:00:00,2025-10-31,12:00:00,1.15737,1.15774,1.15655,1.15722,0,2
1213,2025-10-31 16:00:00,2025-10-31,16:00:00,1.15721,1.15735,1.15553,1.15705,0,2
1214,2025-10-31 20:00:00,2025-10-31,20:00:00,1.15687,1.15765,1.15543,1.15549,0,2
1215,2025-11-01 00:00:00,2025-11-01,00:00:00,1.15556,1.15559,1.15226,1.15305,0,2
1216,2025-11-01 04:00:00,2025-11-01,04:00:00,1.15301,1.15392,1.15219,1.1535,0,2
1217,2025-11-01 08:00:00,2025-11-01,08:00:00,1.1535,1.1535,1.1535,1.1535,0,2
1218,2025-11-03 08:00:00,2025-11-03,08:00:00,1.15301,1.15384,1.1525,1.15261,0,2
1219,2025-11-03 12:00:00,2025-11-03,12:00:00,1.1526,1.15369,1.15223,1.15343,0,2
1220,2025-11-03 16:00:00,2025-11-03,16:00:00,1.15334,1.15415,1.15098,1.15135,0,2
1221,2025-11-03 20:00:00,2025-11-03,20:00:00,1.15115,1.15219,1.15078,1.15173,0,2
1222,2025-11-04 00:00:00,2025-11-04,00:00:00,1.15169,1.15316,1.15051,1.15304,0,2
1223,2025-11-04 04:00:00,2025-11-04,04:00:00,1.15305,1.15376,1.1517,1.15199,0,2
1224,2025-11-04 08:00:00,2025-11-04,08:00:00,1.15193,1.15216,1.1506,1.15088,0,2
1225,2025-11-04 12:00:00,2025-11-04,12:00:00,1.15086,1.15175,1.14983,1.15105,0,2
1226,2025-11-04 16:00:00,2025-11-04,16:00:00,1.15098,1.15333,1.15079,1.15146,0,2
1227,2025-11-04 20:00:00,2025-11-04,20:00:00,1.15139,1.15175,1.14777,1.14888,0,2
1228,2025-11-05 00:00:00,2025-11-05,00:00:00,1.14898,1.14966,1.14729,1.14901,0,2
1229,2025-11-05 04:00:00,2025-11-05,04:00:00,1.14904,1.14905,1.14753,1.148,0,2
1230,2025-11-05 08:00:00,2025-11-05,08:00:00,1.148,1.14861,1.14796,1.1484,0,2
1231,2025-11-05 12:00:00,2025-11-05,12:00:00,1.14836,1.14978,1.148,1.14905,0,2
1232,2025-11-05 16:00:00,2025-11-05,16:00:00,1.14901,1.14956,1.14834,1.14895,0,2
1233,2025-11-05 20:00:00,2025-11-05,20:00:00,1.14881,1.14925,1.1476,1.14908,0,2
1234,2025-11-06 00:00:00,2025-11-06,00:00:00,1.14911,1.14932,1.14689,1.14837,0,2
1235,2025-11-06 04:00:00,2025-11-06,04:00:00,1.14844,1.14919,1.14768,1.14881,0,2
1236,2025-11-06 08:00:00,2025-11-06,08:00:00,1.14887,1.15021,1.14875,1.15009,0,2
1237,2025-11-06 12:00:00,2025-11-06,12:00:00,1.1501,1.15091,1.1501,1.15071,0,2
1238,2025-11-06 16:00:00,2025-11-06,16:00:00,1.15071,1.1523,1.15036,1.1522,0,2
1239,2025-11-06 20:00:00,2025-11-06,20:00:00,1.15197,1.15325,1.15101,1.15299,0,2
1240,2025-11-07 00:00:00,2025-11-07,00:00:00,1.15305,1.1544,1.15192,1.1538,0,2
1241,2025-11-07 04:00:00,2025-11-07,04:00:00,1.15385,1.15524,1.15314,1.15474,0,2
1242,2025-11-07 08:00:00,2025-11-07,08:00:00,1.15477,1.15553,1.15382,1.15396,0,2
1243,2025-11-07 12:00:00,2025-11-07,12:00:00,1.15393,1.15432,1.15328,1.15365,0,2
1244,2025-11-07 16:00:00,2025-11-07,16:00:00,1.15363,1.154,1.15295,1.15352,0,2
1245,2025-11-07 20:00:00,2025-11-07,20:00:00,1.15353,1.1565,1.15345,1.15559,0,2
1246,2025-11-08 00:00:00,2025-11-08,00:00:00,1.15568,1.15912,1.15558,1.15782,0,2
1247,2025-11-08 04:00:00,2025-11-08,04:00:00,1.15775,1.15831,1.1556,1.15641,0,2
1248,2025-11-08 08:00:00,2025-11-08,08:00:00,1.15644,1.15672,1.15602,1.15661,0,2
1249,2025-11-10 08:00:00,2025-11-10,08:00:00,1.15582,1.156,1.15423,1.15543,0,2
1250,2025-11-10 12:00:00,2025-11-10,12:00:00,1.15543,1.1563,1.15465,1.15612,0,2
1251,2025-11-10 16:00:00,2025-11-10,16:00:00,1.15613,1.1583,1.15521,1.15722,0,2
1252,2025-11-10 20:00:00,2025-11-10,20:00:00,1.15728,1.15743,1.15541,1.15691,0,2
1253,2025-11-11 00:00:00,2025-11-11,00:00:00,1.15674,1.15776,1.15433,1.15454,0,2
1254,2025-11-11 04:00:00,2025-11-11,04:00:00,1.15451,1.15648,1.15409,1.15641,0,2
1255,2025-11-11 08:00:00,2025-11-11,08:00:00,1.1564,1.1564,1.15521,1.15521,0,2
1256,2025-11-11 12:00:00,2025-11-11,12:00:00,1.15522,1.15593,1.15468,1.15577,0,2
1257,2025-11-11 16:00:00,2025-11-11,16:00:00,1.1558,1.15671,1.15501,1.15552,0,2
1258,2025-11-11 20:00:00,2025-11-11,20:00:00,1.15549,1.15779,1.15542,1.15701,0,2
1259,2025-11-12 00:00:00,2025-11-12,00:00:00,1.15746,1.1605,1.15728,1.15934,0,2
1260,2025-11-12 04:00:00,2025-11-12,04:00:00,1.15936,1.15992,1.15837,1.15837,0,2
1261,2025-11-12 08:00:00,2025-11-12,08:00:00,1.15837,1.15874,1.15793,1.15798,0,2
1262,2025-11-12 12:00:00,2025-11-12,12:00:00,1.15803,1.15822,1.15705,1.15725,0,2
1263,2025-11-12 16:00:00,2025-11-12,16:00:00,1.15725,1.15887,1.15715,1.15789,0,2
1264,2025-11-12 20:00:00,2025-11-12,20:00:00,1.15777,1.15806,1.15656,1.15759,0,2
1265,2025-11-13 00:00:00,2025-11-13,00:00:00,1.15769,1.15982,1.15634,1.15911,0,2
1266,2025-11-13 04:00:00,2025-11-13,04:00:00,1.15917,1.15973,1.15847,1.15899,0,2
1267,2025-11-13 08:00:00,2025-11-13,08:00:00,1.15898,1.15942,1.15809,1.15809,0,2
1268,2025-11-13 12:00:00,2025-11-13,12:00:00,1.15807,1.15926,1.15793,1.15899,0,2
1269,2025-11-13 16:00:00,2025-11-13,16:00:00,1.15901,1.16291,1.15806,1.16288,0,2
1270,2025-11-13 20:00:00,2025-11-13,20:00:00,1.16279,1.16347,1.16056,1.1623,0,2
1271,2025-11-14 00:00:00,2025-11-14,00:00:00,1.16244,1.16484,1.16123,1.16484,0,2
1272,2025-11-14 04:00:00,2025-11-14,04:00:00,1.16483,1.16553,1.16328,1.16331,0,2
1273,2025-11-14 08:00:00,2025-11-14,08:00:00,1.16332,1.16393,1.16231,1.16331,0,2
1274,2025-11-14 12:00:00,2025-11-14,12:00:00,1.16329,1.16446,1.16297,1.16416,0,2
1275,2025-11-14 16:00:00,2025-11-14,16:00:00,1.16414,1.16488,1.16206,1.16305,0,2
1276,2025-11-14 20:00:00,2025-11-14,20:00:00,1.16285,1.16524,1.1609,1.16524,0,2
1277,2025-11-15 00:00:00,2025-11-15,00:00:00,1.16527,1.16536,1.16068,1.16166,0,2
1278,2025-11-15 04:00:00,2025-11-15,04:00:00,1.16166,1.16233,1.16078,1.1621,0,2
1279,2025-11-15 08:00:00,2025-11-15,08:00:00,1.16211,1.16239,1.16154,1.16154,0,2
1280,2025-11-17 08:00:00,2025-11-17,08:00:00,1.1621,1.1625,1.16051,1.16064,0,2
1281,2025-11-17 12:00:00,2025-11-17,12:00:00,1.16064,1.16103,1.15965,1.16034,0,2
1282,2025-11-17 16:00:00,2025-11-17,16:00:00,1.16027,1.16152,1.15954,1.1604,0,2
1283,2025-11-17 20:00:00,2025-11-17,20:00:00,1.16036,1.1608,1.15952,1.1599,0,2
1284,2025-11-18 00:00:00,2025-11-18,00:00:00,1.15992,1.16017,1.1582,1.15987,0,2
1285,2025-11-18 04:00:00,2025-11-18,04:00:00,1.15976,1.15993,1.1583,1.15882,0,2
1286,2025-11-18 08:00:00,2025-11-18,08:00:00,1.15884,1.15939,1.15871,1.1588,0,2
