id,timestamp,date,time,open,high,low,close,volume,spread
,2025-11-25 05:00:00,,,4138.5,4150.0,4138.5,4148.39990234375,0,
,2025-11-25 06:00:00,,,4147.89990234375,4149.5,4136.2001953125,4138.60009765625,1983,
,2025-11-25 07:00:00,,,4138.10009765625,4142.7001953125,4126.2998046875,4129.39990234375,4603,
,2025-11-25 08:00:00,,,4129.7001953125,4166.7001953125,4106.7001953125,4113.0,36788,
,2025-11-25 09:00:00,,,4150.0,4164.89990234375,4111.0,4161.89990234375,8166,
,2025-11-25 10:00:00,,,4161.7998046875,4172.89990234375,4124.10009765625,4165.2998046875,0,
,2025-11-25 11:00:00,,,4128.2998046875,4171.7998046875,4124.2998046875,4167.60009765625,39405,
,2025-11-25 12:00:00,,,4130.60009765625,4172.89990234375,4112.39990234375,4127.10009765625,0,
,2025-11-25 13:00:00,,,4127.10009765625,4185.60009765625,4126.2001953125,4181.7998046875,56645,
,2025-11-25 14:00:00,,,4181.7001953125,4182.7998046875,4106.7998046875,4158.60009765625,28137,
,2025-11-25 15:00:00,,,4121.7998046875,4167.7001953125,4113.89990234375,4156.7998046875,17751,
,2025-11-25 16:00:00,,,4118.60009765625,4175.5,4118.10009765625,4132.2001953125,0,
,2025-11-25 17:00:00,,,4132.2001953125,4194.0,4131.7998046875,4180.5,89134,
,2025-11-25 18:00:00,,,4142.7998046875,4185.60009765625,4128.2998046875,4131.7001953125,0,
,2025-11-25 19:00:00,,,4131.7001953125,4174.7001953125,4125.60009765625,4131.7001953125,2389,
,2025-11-25 20:00:00,,,4131.89990234375,4173.5,4128.10009765625,4166.7001953125,92924,
,2025-11-25 21:00:00,,,4129.10009765625,4177.2998046875,4124.39990234375,4177.2998046875,1608,
,2025-11-25 23:00:00,,,4167.0,4172.39990234375,4127.5,4167.60009765625,0,
,2025-11-26 00:00:00,,,4167.89990234375,4178.7001953125,4129.39990234375,4177.2001953125,2947,
,2025-11-26 01:00:00,,,4177.60009765625,4187.5,4135.89990234375,4183.0,5250,
,2025-11-26 02:00:00,,,4183.0,4201.7998046875,4144.89990234375,4196.89990234375,8924,
,2025-11-26 03:00:00,,,4197.0,4204.89990234375,4157.60009765625,4201.2001953125,4535,
,2025-11-26 04:00:00,,,4201.0,4202.2001953125,4154.7001953125,4197.2998046875,4632,
,2025-11-26 05:00:00,,,4197.5,4204.0,4158.5,4197.10009765625,4487,
,2025-11-26 06:00:00,,,4197.0,4197.5,4144.10009765625,4185.2998046875,6533,
,2025-11-26 07:00:00,,,4185.0,4196.0,4146.7998046875,4191.89990234375,4964,
,2025-11-26 08:00:00,,,4191.89990234375,4203.2001953125,4151.7001953125,4195.39990234375,7920,
,2025-11-26 09:00:00,,,4195.10009765625,4198.7998046875,4153.5,4197.10009765625,4532,
,2025-11-26 10:00:00,,,4197.2001953125,4199.39990234375,4153.2998046875,4194.89990234375,6399,
,2025-11-26 11:00:00,,,4195.0,4208.60009765625,4154.7998046875,4206.7001953125,7286,
,2025-11-26 12:00:00,,,4206.7998046875,4209.0,4145.39990234375,4190.39990234375,11146,
,2025-11-26 13:00:00,,,4189.89990234375,4201.39990234375,4146.0,4188.2001953125,12370,
,2025-11-26 14:00:00,,,4187.89990234375,4192.10009765625,4138.2998046875,4176.7001953125,18124,
,2025-11-26 15:00:00,,,4176.39990234375,4200.7001953125,4132.89990234375,4200.2998046875,26337,
,2025-11-26 16:00:00,,,4200.39990234375,4203.0,4158.10009765625,4201.60009765625,15354,
,2025-11-26 17:00:00,,,4201.5,4204.7998046875,4162.7998046875,4201.7998046875,7685,
,2025-11-26 18:00:00,,,4202.10009765625,4206.60009765625,4155.60009765625,4198.5,12300,
,2025-11-26 19:00:00,,,4198.7998046875,4204.0,4159.39990234375,4197.0,5090,
,2025-11-26 20:00:00,,,4196.60009765625,4201.2998046875,4157.2001953125,4196.89990234375,4900,
,2025-11-26 21:00:00,,,4196.89990234375,4200.89990234375,4158.39990234375,4196.10009765625,1723,
,2025-11-26 23:00:00,,,4198.60009765625,4200.7998046875,4161.5,4196.60009765625,0,
,2025-11-27 00:00:00,,,4196.5,4199.5,4159.2998046875,4197.10009765625,1304,
,2025-11-27 01:00:00,,,4197.0,4198.2001953125,4145.5,4187.39990234375,6515,
,2025-11-27 02:00:00,,,4187.7001953125,4189.2998046875,4152.0,4177.39990234375,4398,
,2025-11-27 03:00:00,,,4177.60009765625,4183.0,4144.5,4179.5,3530,
,2025-11-27 04:00:00,,,4179.2998046875,4186.89990234375,4140.0,4182.7001953125,4805,
,2025-11-28 14:30:00,,,4217.60009765625,4246.60009765625,4188.2998046875,4233.5,15787,
,2025-11-28 15:30:00,,,4233.7001953125,4239.5,4185.10009765625,4239.2998046875,13575,
,2025-11-28 16:30:00,,,4239.2998046875,4246.2001953125,4200.7001953125,4242.10009765625,9734,
,2025-11-28 17:30:00,,,4242.0,4251.7001953125,4205.0,4251.39990234375,9070,
,2025-11-30 23:00:00,,,4245.10009765625,4261.0,4214.89990234375,4257.2998046875,8256,
,2025-12-01 00:00:00,,,4257.5,4269.7998046875,4222.7998046875,4267.2001953125,8056,
,2025-12-01 01:00:00,,,4266.7001953125,4291.39990234375,4223.0,4290.60009765625,13870,
,2025-12-01 02:00:00,,,4290.7001953125,4291.7998046875,4237.89990234375,4277.7998046875,10333,
,2025-12-01 03:00:00,,,4278.0,4278.89990234375,4267.0,4273.7998046875,8888,
,2025-12-01 04:00:00,,,4274.10009765625,4281.89990234375,4270.7998046875,4280.5,3903,
,2025-12-01 05:00:00,,,4280.5,4281.2998046875,4220.2998046875,4263.5,12935,
,2025-12-01 06:00:00,,,4263.60009765625,4273.89990234375,4259.60009765625,4269.89990234375,6513,
,2025-12-01 07:00:00,,,4270.2001953125,4280.0,4239.39990234375,4278.89990234375,5680,
,2025-12-01 08:00:00,,,4278.7001953125,4288.7998046875,4245.7998046875,4279.2001953125,7973,
,2025-12-01 09:00:00,,,4279.2998046875,4287.0,4277.7998046875,4284.2998046875,6043,
,2025-12-01 10:00:00,,,4284.2998046875,4297.7998046875,4250.89990234375,4290.7001953125,9860,
,2025-12-01 11:00:00,,,4290.7998046875,4294.0,4252.2001953125,4290.0,4244,
,2025-12-01 12:00:00,,,4289.7001953125,4292.10009765625,4252.2001953125,4280.7998046875,6645,
,2025-12-01 13:00:00,,,4280.60009765625,4299.60009765625,4250.2001953125,4281.7001953125,13160,
,2025-12-01 14:00:00,,,4281.7001953125,4283.7001953125,4225.60009765625,4273.2001953125,24801,
,2025-12-01 15:00:00,,,4274.10009765625,4279.0,4219.2998046875,4265.2001953125,23520,
,2025-12-01 16:00:00,,,4265.39990234375,4275.7001953125,4223.60009765625,4258.89990234375,16612,
,2025-12-01 17:00:00,,,4259.10009765625,4273.2001953125,4222.89990234375,4265.2001953125,10338,
,2025-12-01 18:00:00,,,4265.5,4278.7998046875,4230.39990234375,4274.2001953125,9476,
,2025-12-01 19:00:00,,,4274.2998046875,4278.0,4239.2998046875,4270.7998046875,5532,
,2025-12-01 20:00:00,,,4270.89990234375,4276.0,4237.10009765625,4270.7998046875,5001,
,2025-12-01 21:00:00,,,4270.7998046875,4274.10009765625,4236.0,4265.0,1818,
,2025-12-01 23:00:00,,,4265.2998046875,4268.7998046875,4230.5,4260.10009765625,0,
,2025-12-02 00:00:00,,,4260.39990234375,4262.89990234375,4254.39990234375,4259.60009765625,3976,
,2025-12-02 01:00:00,,,4259.7001953125,4260.0,4199.7001953125,4251.10009765625,16108,
,2025-12-02 02:00:00,,,4250.7998046875,4255.89990234375,4220.39990234375,4253.0,5094,
,2025-12-02 03:00:00,,,4252.89990234375,4257.39990234375,4219.2001953125,4247.7001953125,5349,
,2025-12-02 04:00:00,,,4247.89990234375,4251.89990234375,4244.39990234375,4249.10009765625,4248,
,2025-12-02 05:00:00,,,4249.7001953125,4256.89990234375,4246.39990234375,4256.5,4954,
,2025-12-02 06:00:00,,,4256.2998046875,4258.10009765625,4234.39990234375,4244.0,8176,
,2025-12-02 07:00:00,,,4244.0,4250.10009765625,4240.60009765625,4244.5,4636,
,2025-12-02 08:00:00,,,4244.7001953125,4248.89990234375,4209.2998046875,4241.39990234375,4981,
,2025-12-02 09:00:00,,,4241.2001953125,4244.39990234375,4188.7001953125,4222.89990234375,12851,
,2025-12-02 10:00:00,,,4222.89990234375,4223.5,4183.7001953125,4216.39990234375,6922,
,2025-12-02 11:00:00,,,4216.2001953125,4236.60009765625,4182.10009765625,4236.0,7085,
,2025-12-02 12:00:00,,,4236.10009765625,4240.5,4200.89990234375,4239.7998046875,5780,
,2025-12-02 13:00:00,,,4239.7998046875,4246.60009765625,4206.10009765625,4243.2001953125,10418,
,2025-12-02 14:00:00,,,4243.10009765625,4262.2001953125,4210.2001953125,4251.10009765625,22189,
,2025-12-02 15:00:00,,,4250.7998046875,4252.0,4181.5,4200.7998046875,36440,
,2025-12-02 16:00:00,,,4200.89990234375,4221.0,4167.0,4215.7001953125,17242,
,2025-12-02 17:00:00,,,4215.2998046875,4228.2001953125,4187.7001953125,4225.0,9670,
,2025-12-02 18:00:00,,,4224.7001953125,4227.7998046875,4214.0,4222.2998046875,9302,
,2025-12-02 19:00:00,,,4222.2998046875,4232.0,4192.5,4227.60009765625,6425,
,2025-12-02 20:00:00,,,4227.60009765625,4244.10009765625,4195.39990234375,4241.60009765625,5970,
,2025-12-02 21:00:00,,,4241.60009765625,4243.39990234375,4206.89990234375,4238.7001953125,0,
,2025-12-02 23:00:00,,,4241.60009765625,4248.0,4234.10009765625,4244.0,3026,
,2025-12-03 00:00:00,,,4244.10009765625,4244.39990234375,4235.7998046875,4243.0,3495,
,2025-12-03 01:00:00,,,4243.2001953125,4252.60009765625,4215.7001953125,4245.2998046875,6487,
,2025-12-03 02:00:00,,,4245.39990234375,4260.10009765625,4215.89990234375,4258.10009765625,5242,
,2025-12-03 03:00:00,,,4258.10009765625,4259.0,4251.2998046875,4252.39990234375,2934,
,2025-12-03 04:00:00,,,4252.5,4256.2998046875,4248.5,4252.60009765625,2604,
,2025-12-03 05:00:00,,,4253.5,4254.7998046875,4233.60009765625,4238.2998046875,7349,
,2025-12-03 06:00:00,,,4238.7998046875,4243.2001953125,4235.5,4238.89990234375,3811,
,2025-12-03 07:00:00,,,4239.10009765625,4241.0,4231.10009765625,4236.10009765625,6515,
,2025-12-03 08:00:00,,,4236.5,4241.2998046875,4202.89990234375,4236.60009765625,6094,
,2025-12-03 09:00:00,,,4236.89990234375,4237.7998046875,4198.89990234375,4233.0,5781,
,2025-12-03 10:00:00,,,4232.89990234375,4235.7998046875,4225.10009765625,4230.7001953125,7394,
,2025-12-03 11:00:00,,,4231.0,4239.60009765625,4195.7001953125,4239.0,4831,
,2025-12-03 12:00:00,,,4239.10009765625,4245.0,4235.2001953125,4244.5,4538,
,2025-12-03 13:00:00,,,4244.5,4270.10009765625,4233.10009765625,4268.7001953125,17110,
,2025-12-03 14:00:00,,,4268.7001953125,4273.2998046875,4221.7001953125,4244.5,25729,
,2025-12-03 15:00:00,,,4243.89990234375,4261.5,4209.0,4247.7998046875,13973,
,2025-12-03 16:00:00,,,4247.60009765625,4256.89990234375,4226.60009765625,4231.89990234375,13377,
,2025-12-03 17:00:00,,,4231.60009765625,4246.89990234375,4210.2998046875,4242.7998046875,8247,
,2025-12-03 18:00:00,,,4243.0,4243.2998046875,4199.2001953125,4228.0,10790,
,2025-12-03 19:00:00,,,4228.39990234375,4241.7001953125,4228.0,4239.39990234375,4621,
,2025-12-03 20:00:00,,,4239.2998046875,4244.5,4234.7001953125,4237.2001953125,3717,
,2025-12-03 21:00:00,,,4237.39990234375,4241.39990234375,4232.5,4232.5,1946,
,2025-12-03 23:00:00,,,4234.5,4239.0,4232.2998046875,4237.0,0,
,2025-12-04 00:00:00,,,4237.10009765625,4245.60009765625,4234.10009765625,4241.2998046875,3037,
,2025-12-04 01:00:00,,,4241.2001953125,4246.89990234375,4211.0,4238.5,6688,
,2025-12-04 02:00:00,,,4238.0,4238.0,4227.89990234375,4229.7998046875,4560,
,2025-12-04 03:00:00,,,4229.2998046875,4230.7001953125,4216.10009765625,4224.39990234375,6364,
,2025-12-04 04:00:00,,,4224.39990234375,4227.7998046875,4221.5,4224.7001953125,2581,
,2025-12-04 05:00:00,,,4225.60009765625,4227.60009765625,4175.0,4210.2998046875,8340,
,2025-12-04 06:00:00,,,4210.2998046875,4219.39990234375,4181.2998046875,4219.10009765625,5809,
,2025-12-04 07:00:00,,,4219.2001953125,4224.0,4184.10009765625,4222.89990234375,5717,
,2025-12-04 08:00:00,,,4222.7001953125,4225.7001953125,4188.89990234375,4213.89990234375,6010,
,2025-12-04 09:00:00,,,4213.7001953125,4231.7998046875,4184.2998046875,4229.5,7205,
,2025-12-04 10:00:00,,,4229.7998046875,4232.2998046875,4226.39990234375,4227.10009765625,5380,
,2025-12-04 11:00:00,,,4227.2998046875,4236.39990234375,4200.2001953125,4228.2001953125,4641,
,2025-12-04 12:00:00,,,4228.39990234375,4231.60009765625,4191.89990234375,4219.89990234375,5231,
,2025-12-04 13:00:00,,,4219.89990234375,4228.2998046875,4214.7998046875,4227.89990234375,10642,
,2025-12-04 14:00:00,,,4228.39990234375,4244.0,4203.2001953125,4231.10009765625,17367,
,2025-12-04 15:00:00,,,4231.2001953125,4240.60009765625,4203.5,4237.60009765625,12570,
,2025-12-04 16:00:00,,,4237.7998046875,4251.10009765625,4210.89990234375,4245.89990234375,15613,
,2025-12-04 17:00:00,,,4246.2001953125,4248.10009765625,4239.0,4246.60009765625,6422,
,2025-12-04 18:00:00,,,4246.7998046875,4247.7998046875,4237.60009765625,4238.5,9423,
,2025-12-04 19:00:00,,,4238.5,4240.89990234375,4202.0,4239.7001953125,5802,
,2025-12-04 20:00:00,,,4239.2998046875,4240.7001953125,4235.89990234375,4240.2001953125,3062,
,2025-12-04 21:00:00,,,4240.2001953125,4240.89990234375,4207.0,4237.89990234375,1123,
,2025-12-04 23:00:00,,,4239.5,4240.2001953125,4233.7001953125,4236.2001953125,0,
,2025-12-05 00:00:00,,,4236.2001953125,4240.60009765625,4231.0,4231.7001953125,3126,
,2025-12-05 01:00:00,,,4231.7001953125,4234.7001953125,4224.60009765625,4232.89990234375,6546,
,2025-12-05 02:00:00,,,4232.89990234375,4237.89990234375,4226.0,4237.0,4700,
,2025-12-05 03:00:00,,,4237.0,4240.39990234375,4204.10009765625,4238.89990234375,4082,
,2025-12-05 04:00:00,,,4238.5,4247.0,4237.10009765625,4246.0,4070,
,2025-12-05 05:00:00,,,4246.39990234375,4252.0,4243.60009765625,4250.7001953125,6199,
,2025-12-05 06:00:00,,,4250.60009765625,4259.5,4248.89990234375,4254.39990234375,7490,
,2025-12-05 07:00:00,,,4254.7998046875,4261.10009765625,4252.5,4254.2998046875,3749,
,2025-12-05 08:00:00,,,4254.60009765625,4257.10009765625,4250.5,4250.7001953125,4253,
,2025-12-05 09:00:00,,,4250.5,4255.2001953125,4245.7998046875,4253.5,4380,
,2025-12-05 10:00:00,,,4253.2998046875,4257.7001953125,4252.39990234375,4252.89990234375,2389,
,2025-12-05 11:00:00,,,4252.7998046875,4255.7001953125,4250.0,4253.5,2632,
,2025-12-05 12:00:00,,,4253.60009765625,4260.0,4252.7998046875,4259.0,5288,
,2025-12-05 13:00:00,,,4259.0,4269.60009765625,4251.39990234375,4264.89990234375,14090,
,2025-12-05 14:00:00,,,4264.7001953125,4277.0,4258.5,4272.2998046875,16244,
,2025-12-05 15:00:00,,,4272.2998046875,4290.5,4245.5,4274.89990234375,25571,
,2025-12-05 16:00:00,,,4275.0,4276.89990234375,4207.39990234375,4244.10009765625,38802,
,2025-12-05 17:00:00,,,4244.0,4251.0,4236.0,4248.39990234375,10239,
,2025-12-05 18:00:00,,,4248.2001953125,4250.2998046875,4236.89990234375,4239.2998046875,9449,
,2025-12-05 19:00:00,,,4239.2998046875,4241.10009765625,4205.10009765625,4237.2998046875,4787,
,2025-12-05 20:00:00,,,4237.60009765625,4237.60009765625,4229.0,4231.60009765625,5054,
,2025-12-05 21:00:00,,,4231.39990234375,4231.7001953125,4194.5,4227.7001953125,3823,
,2025-12-07 23:00:00,,,4228.10009765625,4236.5,4224.5,4230.60009765625,3767,
,2025-12-08 00:00:00,,,4231.2001953125,4241.2998046875,4228.5,4240.2001953125,3031,
,2025-12-08 01:00:00,,,4240.39990234375,4241.2998046875,4205.39990234375,4230.2001953125,6135,
,2025-12-08 02:00:00,,,4229.60009765625,4241.2001953125,4204.7998046875,4236.89990234375,4612,
,2025-12-08 03:00:00,,,4237.2998046875,4241.7998046875,4235.10009765625,4238.7001953125,2865,
,2025-12-08 04:00:00,,,4238.7998046875,4241.89990234375,4235.2998046875,4236.2998046875,1664,
,2025-12-08 05:00:00,,,4237.0,4246.7998046875,4233.2001953125,4246.2998046875,4313,
,2025-12-08 06:00:00,,,4246.60009765625,4247.89990234375,4215.39990234375,4245.39990234375,3129,
,2025-12-08 07:00:00,,,4245.39990234375,4245.7998046875,4208.5,4235.7001953125,3822,
,2025-12-08 08:00:00,,,4235.7998046875,4246.0,4208.89990234375,4239.2001953125,5280,
,2025-12-08 09:00:00,,,4238.89990234375,4242.0,4232.5,4237.39990234375,4425,
,2025-12-08 10:00:00,,,4237.2001953125,4239.89990234375,4203.7998046875,4232.89990234375,3720,
,2025-12-08 11:00:00,,,4233.0,4243.60009765625,4203.39990234375,4237.7001953125,4958,
,2025-12-08 12:00:00,,,4237.60009765625,4245.10009765625,4210.2998046875,4243.2998046875,3606,
,2025-12-08 13:00:00,,,4243.2998046875,4244.39990234375,4202.5,4230.89990234375,9904,
,2025-12-08 14:00:00,,,4230.89990234375,4240.7998046875,4195.2998046875,4225.7998046875,16959,
,2025-12-08 15:00:00,,,4225.2998046875,4225.7998046875,4175.5,4211.7998046875,23192,
,2025-12-08 16:00:00,,,4211.5,4227.0,4205.39990234375,4220.7001953125,12442,
,2025-12-08 17:00:00,,,4220.7998046875,4224.7998046875,4192.0,4224.2001953125,6125,
,2025-12-08 18:00:00,,,4224.2998046875,4225.0,4213.2998046875,4216.10009765625,8936,
,2025-12-08 19:00:00,,,4216.0,4218.2001953125,4182.89990234375,4216.10009765625,4481,
,2025-12-08 20:00:00,,,4216.2001953125,4224.7998046875,4214.0,4221.10009765625,4461,
,2025-12-08 21:00:00,,,4221.2001953125,4222.7001953125,4217.89990234375,4219.89990234375,1228,
,2025-12-08 23:00:00,,,4219.60009765625,4224.5,4217.89990234375,4223.7998046875,0,
,2025-12-09 00:00:00,,,4223.7998046875,4224.89990234375,4190.7001953125,4219.60009765625,3139,
,2025-12-09 01:00:00,,,4219.5,4226.5,4217.7001953125,4225.10009765625,3822,
,2025-12-09 02:00:00,,,4225.0,4226.10009765625,4214.39990234375,4218.7001953125,4748,
,2025-12-09 03:00:00,,,4218.7001953125,4227.60009765625,4218.60009765625,4223.7998046875,5414,
,2025-12-09 04:00:00,,,4223.7001953125,4224.7001953125,4194.10009765625,4216.60009765625,4943,
,2025-12-09 05:00:00,,,4215.89990234375,4216.5,4185.2998046875,4208.2001953125,6027,
,2025-12-09 06:00:00,,,4208.10009765625,4212.0,4197.7998046875,4209.7998046875,9704,
,2025-12-09 07:00:00,,,4209.7998046875,4213.60009765625,4177.7001953125,4209.7001953125,6656,
,2025-12-09 08:00:00,,,4209.89990234375,4220.2998046875,4181.5,4220.2998046875,7717,
,2025-12-09 09:00:00,,,4220.10009765625,4242.2998046875,4191.10009765625,4232.2001953125,14829,
,2025-12-09 10:00:00,,,4232.39990234375,4237.2998046875,4230.39990234375,4233.2001953125,3983,
,2025-12-09 11:00:00,,,4233.2001953125,4235.7998046875,4230.2998046875,4232.10009765625,2515,
,2025-12-09 12:00:00,,,4232.39990234375,4237.0,4198.89990234375,4233.39990234375,3756,
,2025-12-09 13:00:00,,,4233.60009765625,4238.0,4204.7998046875,4230.39990234375,10688,
,2025-12-09 14:00:00,,,4230.60009765625,4240.0,4200.2001953125,4233.89990234375,18576,
,2025-12-09 15:00:00,,,4233.7998046875,4246.0,4198.7001953125,4242.0,21325,
,2025-12-09 16:00:00,,,4242.2998046875,4251.7001953125,4217.7001953125,4242.10009765625,17712,
,2025-12-09 17:00:00,,,4242.39990234375,4246.0,4205.2998046875,4232.10009765625,8030,
,2025-12-09 18:00:00,,,4232.10009765625,4238.7998046875,4230.10009765625,4238.2001953125,7839,
,2025-12-09 19:00:00,,,4237.89990234375,4243.2998046875,4207.7001953125,4241.39990234375,4561,
,2025-12-09 20:00:00,,,4241.10009765625,4245.10009765625,4212.7001953125,4240.7998046875,4138,
,2025-12-09 21:00:00,,,4240.89990234375,4241.7998046875,4235.89990234375,4236.60009765625,0,
,2025-12-09 23:00:00,,,4237.5,4241.2998046875,4209.0,4238.7001953125,1905,
,2025-12-10 00:00:00,,,4239.0,4240.5,4235.2001953125,4236.89990234375,2256,
,2025-12-10 01:00:00,,,4237.2001953125,4247.0,4235.39990234375,4243.10009765625,5500,
,2025-12-10 02:00:00,,,4242.7001953125,4247.89990234375,4240.39990234375,4246.10009765625,2797,
,2025-12-10 03:00:00,,,4246.0,4246.2998046875,4216.60009765625,4235.0,3831,
,2025-12-10 04:00:00,,,4234.89990234375,4238.10009765625,4233.7001953125,4235.89990234375,1862,
,2025-12-10 05:00:00,,,4235.7998046875,4242.60009765625,4229.7001953125,4239.2998046875,4521,
,2025-12-10 06:00:00,,,4239.0,4239.7001953125,4231.0,4235.10009765625,3791,
,2025-12-10 07:00:00,,,4235.2001953125,4237.2001953125,4231.10009765625,4231.2001953125,3681,
,2025-12-10 08:00:00,,,4231.10009765625,4234.7998046875,4224.7998046875,4225.7998046875,6134,
,2025-12-10 09:00:00,,,4225.60009765625,4228.39990234375,4220.2998046875,4221.7998046875,5706,
,2025-12-10 10:00:00,,,4222.0,4224.7998046875,4215.2998046875,4221.0,5904,
,2025-12-10 11:00:00,,,4221.2001953125,4226.0,4220.2998046875,4225.60009765625,3200,
,2025-12-10 12:00:00,,,4225.5,4230.2998046875,4223.39990234375,4224.5,4788,
,2025-12-10 13:00:00,,,4224.60009765625,4233.2998046875,4195.0,4228.7998046875,9435,
,2025-12-10 14:00:00,,,4229.0,4235.2998046875,4219.5,4221.2001953125,12520,
,2025-12-10 15:00:00,,,4221.0,4230.0,4190.7998046875,4222.10009765625,12929,
,2025-12-10 16:00:00,,,4222.10009765625,4233.7998046875,4193.7998046875,4233.2001953125,8141,
,2025-12-10 17:00:00,,,4233.0,4233.10009765625,4200.10009765625,4227.89990234375,5637,
,2025-12-10 18:00:00,,,4227.89990234375,4228.89990234375,4197.5,4221.89990234375,9539,
,2025-12-10 19:00:00,,,4221.7998046875,4249.0,4183.60009765625,4245.7001953125,40074,
,2025-12-10 20:00:00,,,4245.60009765625,4268.7998046875,4233.7998046875,4259.10009765625,22618,
,2025-12-10 21:00:00,,,4259.10009765625,4262.39990234375,4251.0,4258.2998046875,3772,
,2025-12-10 23:00:00,,,4258.2998046875,4263.2998046875,4253.5,4261.60009765625,0,
,2025-12-11 00:00:00,,,4261.7001953125,4274.60009765625,4260.60009765625,4266.5,6624,
,2025-12-11 01:00:00,,,4266.5,4277.7001953125,4262.10009765625,4267.7001953125,8041,
,2025-12-11 02:00:00,,,4267.7998046875,4270.2998046875,4248.60009765625,4250.39990234375,7692,
,2025-12-11 03:00:00,,,4250.2001953125,4253.2001953125,4224.0,4244.60009765625,8855,
,2025-12-11 04:00:00,,,4244.10009765625,4246.2001953125,4235.7001953125,4241.2001953125,4138,
,2025-12-11 05:00:00,,,4240.60009765625,4243.5,4233.39990234375,4235.0,3933,
,2025-12-11 06:00:00,,,4235.2001953125,4242.39990234375,4231.2001953125,4241.5,4290,
,2025-12-11 07:00:00,,,4241.2998046875,4246.10009765625,4214.2998046875,4243.5,4340,
,2025-12-11 08:00:00,,,4243.7001953125,4247.39990234375,4240.0,4244.0,3876,
,2025-12-11 09:00:00,,,4244.0,4248.7998046875,4216.60009765625,4245.60009765625,4605,
,2025-12-11 10:00:00,,,4245.7001953125,4253.89990234375,4239.39990234375,4244.2001953125,5839,
,2025-12-11 11:00:00,,,4244.2998046875,4246.7001953125,4236.60009765625,4238.10009765625,3574,
,2025-12-11 12:00:00,,,4238.10009765625,4248.0,4219.7001953125,4248.0,5151,
,2025-12-11 13:00:00,,,4248.0,4250.7998046875,4217.39990234375,4248.60009765625,13504,
,2025-12-11 14:00:00,,,4248.5,4273.39990234375,4225.0,4257.89990234375,26841,
,2025-12-11 15:00:00,,,4257.89990234375,4291.2001953125,4253.89990234375,4285.2998046875,30001,
,2025-12-11 16:00:00,,,4285.39990234375,4309.39990234375,4255.0,4304.39990234375,24943,
,2025-12-11 17:00:00,,,4304.10009765625,4312.2998046875,4280.0,4309.0,14542,
,2025-12-11 18:00:00,,,4309.2001953125,4317.2998046875,4281.39990234375,4298.60009765625,16879,
,2025-12-11 19:00:00,,,4298.39990234375,4307.0,4292.60009765625,4302.60009765625,8563,
,2025-12-11 20:00:00,,,4302.39990234375,4305.0,4277.0,4304.7998046875,7020,
,2025-12-11 21:00:00,,,4304.89990234375,4313.5,4279.2001953125,4309.2998046875,4156,
,2025-12-11 23:00:00,,,4309.10009765625,4313.10009765625,4302.7001953125,4305.89990234375,0,
,2025-12-12 00:00:00,,,4305.7001953125,4310.0,4298.7001953125,4299.60009765625,3885,
,2025-12-12 01:00:00,,,4299.5,4307.0,4295.5,4302.10009765625,7190,
,2025-12-12 02:00:00,,,4301.89990234375,4307.60009765625,4276.39990234375,4301.10009765625,3110,
,2025-12-12 03:00:00,,,4301.0,4305.2998046875,4299.0,4301.2998046875,2576,
,2025-12-12 04:00:00,,,4301.2998046875,4301.60009765625,4297.10009765625,4299.39990234375,1972,
,2025-12-12 05:00:00,,,4297.5,4311.2998046875,4297.0,4309.7998046875,3709,
,2025-12-12 06:00:00,,,4309.89990234375,4313.89990234375,4306.7998046875,4313.60009765625,3662,
,2025-12-12 07:00:00,,,4313.2001953125,4321.10009765625,4289.0,4317.60009765625,7300,
,2025-12-12 08:00:00,,,4317.5,4340.7001953125,4317.5,4339.10009765625,12563,
,2025-12-12 09:00:00,,,4339.39990234375,4352.2998046875,4315.0,4350.2998046875,12722,
,2025-12-12 10:00:00,,,4350.60009765625,4368.2998046875,4326.60009765625,4365.10009765625,14830,
,2025-12-12 11:00:00,,,4364.89990234375,4376.5,4339.2001953125,4374.2001953125,13399,
,2025-12-12 12:00:00,,,4374.39990234375,4376.7998046875,4335.0,4361.10009765625,10705,
,2025-12-12 13:00:00,,,4361.39990234375,4381.39990234375,4338.5,4375.89990234375,19003,
,2025-12-12 14:00:00,,,4375.7998046875,4387.7998046875,4339.2998046875,4381.5,24771,
,2025-12-12 15:00:00,,,4381.2001953125,4384.5,4308.0,4320.10009765625,52322,
,2025-12-12 16:00:00,,,4320.2998046875,4326.5,4260.0,4312.7998046875,42144,
,2025-12-12 17:00:00,,,4312.7998046875,4330.10009765625,4300.0,4325.7998046875,15698,
,2025-12-12 18:00:00,,,4326.10009765625,4336.10009765625,4322.7998046875,4327.5,12867,
,2025-12-12 19:00:00,,,4327.5,4332.2998046875,4298.89990234375,4328.7001953125,5031,
,2025-12-12 20:00:00,,,4328.60009765625,4334.7001953125,4319.2001953125,4329.7001953125,8057,
,2025-12-12 21:00:00,,,4329.7998046875,4335.0,4302.7001953125,4329.7998046875,2367,
,2025-12-14 23:00:00,,,4337.2998046875,4339.2998046875,4332.60009765625,4333.89990234375,3005,
,2025-12-15 00:00:00,,,4334.0,4339.7001953125,4308.2998046875,4339.5,2663,
,2025-12-15 01:00:00,,,4339.7001953125,4357.7998046875,4337.7001953125,4354.60009765625,7526,
,2025-12-15 02:00:00,,,4354.10009765625,4361.5,4353.7001953125,4358.2998046875,4462,
,2025-12-15 03:00:00,,,4358.2001953125,4361.7998046875,4351.7998046875,4359.89990234375,4035,
,2025-12-15 04:00:00,,,4359.5,4363.10009765625,4356.2001953125,4358.89990234375,3204,
,2025-12-15 05:00:00,,,4359.0,4378.0,4357.7998046875,4377.5,6444,
,2025-12-15 06:00:00,,,4377.2998046875,4380.5,4348.39990234375,4376.10009765625,4563,
,2025-12-15 07:00:00,,,4376.10009765625,4377.7998046875,4340.89990234375,4372.39990234375,6472,
,2025-12-15 08:00:00,,,4372.2001953125,4382.60009765625,4345.60009765625,4380.39990234375,5127,
,2025-12-15 09:00:00,,,4380.2998046875,4384.2998046875,4375.7001953125,4376.10009765625,5429,
,2025-12-15 10:00:00,,,4376.2998046875,4382.5,4348.0,4374.0,5970,
,2025-12-15 11:00:00,,,4373.7998046875,4377.7001953125,4346.5,4376.60009765625,4594,
,2025-12-15 12:00:00,,,4376.89990234375,4382.60009765625,4376.7998046875,4379.89990234375,4809,
,2025-12-15 13:00:00,,,4379.89990234375,4380.7001953125,4364.2998046875,4365.7001953125,13370,
,2025-12-15 14:00:00,,,4365.7001953125,4370.39990234375,4348.7001953125,4355.39990234375,26496,
,2025-12-15 15:00:00,,,4355.2998046875,4359.7998046875,4327.2001953125,4349.89990234375,24938,
,2025-12-15 16:00:00,,,4350.0,4350.5,4292.89990234375,4328.2001953125,31113,
,2025-12-15 17:00:00,,,4328.10009765625,4336.2998046875,4301.7001953125,4334.2998046875,10665,
,2025-12-15 18:00:00,,,4334.10009765625,4343.2998046875,4329.60009765625,4342.7001953125,9238,
,2025-12-15 19:00:00,,,4342.5,4347.0,4311.0,4342.89990234375,7200,
,2025-12-15 20:00:00,,,4342.7998046875,4343.2998046875,4327.89990234375,4333.7001953125,6661,
,2025-12-15 21:00:00,,,4333.89990234375,4335.10009765625,4303.89990234375,4334.2998046875,2212,
,2025-12-15 23:00:00,,,4334.2998046875,4339.10009765625,4332.2998046875,4333.10009765625,0,
,2025-12-16 00:00:00,,,4333.2001953125,4341.89990234375,4332.0,4335.7998046875,3274,
,2025-12-16 01:00:00,,,4336.0,4345.2998046875,4326.39990234375,4336.2998046875,6630,
,2025-12-16 02:00:00,,,4336.2001953125,4340.0,4312.60009765625,4316.39990234375,7096,
,2025-12-16 03:00:00,,,4316.5,4321.5,4307.2001953125,4317.2001953125,9481,
,2025-12-16 04:00:00,,,4317.2998046875,4318.60009765625,4313.0,4315.10009765625,1788,
,2025-12-16 05:00:00,,,4315.39990234375,4318.89990234375,4270.5,4309.89990234375,7398,
,2025-12-16 06:00:00,,,4310.2998046875,4318.39990234375,4308.7001953125,4315.5,3126,
,2025-12-16 07:00:00,,,4315.60009765625,4315.89990234375,4304.89990234375,4313.39990234375,4797,
,2025-12-16 08:00:00,,,4313.2998046875,4315.10009765625,4301.0,4311.7998046875,7445,
,2025-12-16 09:00:00,,,4311.5,4312.60009765625,4303.10009765625,4306.7998046875,4115,
,2025-12-16 10:00:00,,,4307.2001953125,4311.60009765625,4301.60009765625,4305.10009765625,7371,
,2025-12-16 11:00:00,,,4304.89990234375,4307.5,4301.2001953125,4306.7998046875,3882,
,2025-12-16 12:00:00,,,4306.7001953125,4323.39990234375,4304.89990234375,4323.2001953125,7386,
,2025-12-16 13:00:00,,,4323.0,4343.10009765625,4319.2001953125,4342.5,22895,
,2025-12-16 14:00:00,,,4342.7001953125,4363.7998046875,4341.0,4356.10009765625,28910,
,2025-12-16 15:00:00,,,4355.89990234375,4367.89990234375,4344.2998046875,4351.7998046875,24819,
,2025-12-16 16:00:00,,,4352.10009765625,4355.7001953125,4318.7001953125,4332.0,19088,
,2025-12-16 17:00:00,,,4332.10009765625,4342.2001953125,4330.39990234375,4333.7998046875,9524,
,2025-12-16 18:00:00,,,4334.0,4344.2001953125,4328.10009765625,4341.5,10273,
,2025-12-16 19:00:00,,,4341.7998046875,4346.2001953125,4326.2998046875,4341.39990234375,7933,
,2025-12-16 20:00:00,,,4341.10009765625,4344.7998046875,4332.5,4334.10009765625,5392,
,2025-12-16 21:00:00,,,4334.10009765625,4334.89990234375,4302.89990234375,4332.2001953125,1602,
,2025-12-16 23:00:00,,,4333.5,4337.7001953125,4308.5,4336.89990234375,0,
,2025-12-17 00:00:00,,,4336.7001953125,4343.60009765625,4336.2998046875,4342.2001953125,2145,
,2025-12-17 01:00:00,,,4342.0,4355.2998046875,4339.89990234375,4355.0,6698,
,2025-12-17 02:00:00,,,4355.2998046875,4356.39990234375,4340.0,4343.2998046875,5474,
,2025-12-17 03:00:00,,,4343.7001953125,4354.39990234375,4320.2998046875,4353.2001953125,4969,
,2025-12-17 04:00:00,,,4353.5,4361.60009765625,4324.2001953125,4359.7998046875,4357,
,2025-12-17 05:00:00,,,4359.5,4373.60009765625,4334.7001953125,4364.89990234375,8517,
,2025-12-17 06:00:00,,,4364.7998046875,4368.7001953125,4355.0,4359.39990234375,5161,
,2025-12-17 07:00:00,,,4359.2998046875,4359.2998046875,4345.5,4348.10009765625,5607,
,2025-12-17 08:00:00,,,4347.7998046875,4351.0,4337.89990234375,4348.2998046875,6618,
,2025-12-17 09:00:00,,,4348.10009765625,4352.60009765625,4325.0,4345.7001953125,3936,
,2025-12-17 10:00:00,,,4345.39990234375,4351.60009765625,4335.7001953125,4346.10009765625,5829,
,2025-12-17 11:00:00,,,4346.2998046875,4349.7001953125,4344.2001953125,4345.89990234375,2905,
,2025-12-17 12:00:00,,,4346.10009765625,4353.7001953125,4344.7001953125,4347.5,5324,
,2025-12-17 13:00:00,,,4347.7998046875,4375.89990234375,4345.2998046875,4373.60009765625,20217,
,2025-12-17 14:00:00,,,4373.5,4378.2001953125,4354.10009765625,4369.2998046875,25749,
,2025-12-17 15:00:00,,,4369.0,4383.60009765625,4350.0,4361.60009765625,32345,
,2025-12-17 16:00:00,,,4361.7001953125,4370.0,4332.7001953125,4365.2001953125,19099,
,2025-12-17 17:00:00,,,4365.10009765625,4373.60009765625,4338.0,4373.39990234375,10222,
,2025-12-17 18:00:00,,,4373.60009765625,4378.5,4360.7001953125,4367.7001953125,14384,
,2025-12-17 19:00:00,,,4367.60009765625,4373.5,4362.39990234375,4369.2998046875,5780,
,2025-12-17 20:00:00,,,4369.2998046875,4379.0,4367.2998046875,4373.39990234375,5901,
,2025-12-17 21:00:00,,,4373.2998046875,4379.39990234375,4370.60009765625,4371.39990234375,0,
,2025-12-17 23:00:00,,,4371.5,4374.5,4366.89990234375,4371.0,2141,
,2025-12-18 00:00:00,,,4371.0,4375.10009765625,4365.39990234375,4366.89990234375,2791,
,2025-12-18 01:00:00,,,4366.89990234375,4369.2998046875,4355.2001953125,4363.2001953125,5745,
,2025-12-18 02:00:00,,,4363.5,4369.5,4361.10009765625,4364.7001953125,4399,
,2025-12-18 03:00:00,,,4364.2998046875,4368.0,4361.39990234375,4363.39990234375,2130,
,2025-12-18 04:00:00,,,4363.60009765625,4364.0,4358.5,4362.0,1988,
,2025-12-18 05:00:00,,,4361.60009765625,4367.89990234375,4360.7001953125,4363.2001953125,2775,
,2025-12-18 06:00:00,,,4363.2998046875,4366.7001953125,4360.89990234375,4364.39990234375,2291,
,2025-12-18 07:00:00,,,4364.0,4368.7001953125,4360.0,4362.60009765625,3813,
,2025-12-18 08:00:00,,,4362.5,4363.7001953125,4352.2998046875,4357.39990234375,5737,
,2025-12-18 09:00:00,,,4357.10009765625,4359.39990234375,4351.0,4353.89990234375,5481,
,2025-12-18 10:00:00,,,4353.89990234375,4359.2998046875,4353.0,4357.2998046875,4890,
,2025-12-18 11:00:00,,,4357.39990234375,4360.89990234375,4356.60009765625,4357.60009765625,4074,
,2025-12-18 12:00:00,,,4357.60009765625,4358.7998046875,4348.60009765625,4352.89990234375,5556,
,2025-12-18 13:00:00,,,4352.7001953125,4375.7001953125,4346.60009765625,4368.5,20449,
,2025-12-18 14:00:00,,,4368.39990234375,4373.7998046875,4338.0,4360.2001953125,31726,
,2025-12-18 15:00:00,,,4360.0,4373.89990234375,4356.7001953125,4370.2001953125,21455,
,2025-12-18 16:00:00,,,4370.0,4409.5,4369.60009765625,4394.60009765625,43425,
,2025-12-18 17:00:00,,,4394.60009765625,4397.7001953125,4352.60009765625,4365.10009765625,35718,
,2025-12-18 18:00:00,,,4365.39990234375,4373.7998046875,4357.60009765625,4363.5,10707,
,2025-12-18 19:00:00,,,4363.39990234375,4367.2998046875,4354.60009765625,4357.2001953125,4950,
,2025-12-18 20:00:00,,,4357.7998046875,4370.39990234375,4356.7998046875,4365.89990234375,4634,
,2025-12-18 21:00:00,,,4365.7001953125,4365.7998046875,4359.89990234375,4363.89990234375,1730,
,2025-12-18 23:00:00,,,4363.60009765625,4368.39990234375,4363.0,4366.5,0,
,2025-12-19 00:00:00,,,4366.7001953125,4367.2001953125,4355.5,4356.10009765625,2699,
,2025-12-19 01:00:00,,,4356.2001953125,4357.39990234375,4336.2998046875,4350.5,10454,
,2025-12-19 02:00:00,,,4350.7998046875,4355.2998046875,4340.60009765625,4344.2001953125,4276,
,2025-12-19 03:00:00,,,4344.0,4350.60009765625,4339.89990234375,4345.7998046875,4171,
,2025-12-19 04:00:00,,,4346.0,4351.0,4344.2998046875,4350.7998046875,1627,
,2025-12-19 05:00:00,,,4350.89990234375,4357.39990234375,4344.89990234375,4354.60009765625,2827,
,2025-12-19 06:00:00,,,4354.39990234375,4358.0,4349.7001953125,4355.10009765625,2585,
,2025-12-19 07:00:00,,,4355.0,4357.0,4349.2998046875,4350.39990234375,3719,
,2025-12-19 08:00:00,,,4350.5,4359.7001953125,4349.2001953125,4355.0,3917,
,2025-12-19 09:00:00,,,4354.60009765625,4362.39990234375,4352.7998046875,4358.60009765625,3438,
,2025-12-19 10:00:00,,,4358.39990234375,4360.89990234375,4351.2001953125,4358.0,4695,
,2025-12-19 11:00:00,,,4358.0,4359.2998046875,4355.0,4357.10009765625,2304,
,2025-12-19 12:00:00,,,4357.2998046875,4358.0,4349.7998046875,4356.0,6492,
,2025-12-19 13:00:00,,,4356.2001953125,4367.60009765625,4355.5,4360.0,12966,
,2025-12-19 14:00:00,,,4359.89990234375,4369.7998046875,4350.7001953125,4363.39990234375,17680,
,2025-12-19 15:00:00,,,4363.39990234375,4382.5,4363.39990234375,4381.2998046875,25644,
,2025-12-19 16:00:00,,,4381.2998046875,4388.0,4374.60009765625,4383.7998046875,15099,
,2025-12-19 17:00:00,,,4383.5,4389.0,4380.89990234375,4386.0,9947,
,2025-12-19 18:00:00,,,4385.89990234375,4389.0,4375.2998046875,4380.0,11577,
,2025-12-19 19:00:00,,,4380.2001953125,4382.10009765625,4376.0,4376.2001953125,3905,
,2025-12-19 20:00:00,,,4376.39990234375,4377.60009765625,4368.0,4370.2998046875,8164,
,2025-12-19 21:00:00,,,4370.60009765625,4387.2998046875,4367.7998046875,4387.2998046875,1582,
,2025-12-21 23:00:00,,,4373.2998046875,4386.2001953125,4372.7998046875,4385.2998046875,4151,
,2025-12-22 00:00:00,,,4385.2998046875,4397.10009765625,4385.2001953125,4396.5,6699,
,2025-12-22 01:00:00,,,4396.60009765625,4417.5,4391.7001953125,4415.60009765625,13574,
,2025-12-22 02:00:00,,,4415.39990234375,4421.0,4410.89990234375,4417.60009765625,6774,
,2025-12-22 03:00:00,,,4417.60009765625,4427.2998046875,4415.89990234375,4425.10009765625,5225,
,2025-12-22 04:00:00,,,4425.10009765625,4433.7001953125,4423.7001953125,4431.10009765625,5000,
,2025-12-22 05:00:00,,,4431.0,4442.7998046875,4429.60009765625,4433.5,10799,
,2025-12-22 06:00:00,,,4433.2998046875,4452.7001953125,4432.10009765625,4452.2001953125,8599,
,2025-12-22 07:00:00,,,4451.89990234375,4453.0,4442.5,4447.10009765625,6655,
,2025-12-22 08:00:00,,,4446.89990234375,4448.0,4439.10009765625,4441.2998046875,6614,
,2025-12-22 09:00:00,,,4441.5,4448.5,4441.0,4444.39990234375,4504,
,2025-12-22 10:00:00,,,4444.60009765625,4449.60009765625,4439.60009765625,4442.2001953125,6090,
,2025-12-22 11:00:00,,,4442.39990234375,4445.7001953125,4439.7001953125,4443.7998046875,4127,
,2025-12-22 12:00:00,,,4443.7001953125,4449.89990234375,4439.5,4449.5,6677,
,2025-12-22 13:00:00,,,4449.5,4462.2998046875,4445.89990234375,4458.2001953125,17112,
,2025-12-22 14:00:00,,,4458.39990234375,4465.10009765625,4449.7998046875,4454.60009765625,18827,
,2025-12-22 15:00:00,,,4454.7998046875,4471.10009765625,4447.2998046875,4467.2001953125,19018,
,2025-12-22 16:00:00,,,4467.2001953125,4477.7001953125,4463.5,4474.0,15160,
,2025-12-22 17:00:00,,,4473.7998046875,4477.2998046875,4467.0,4473.39990234375,7944,
,2025-12-22 18:00:00,,,4473.60009765625,4473.89990234375,4464.60009765625,4470.60009765625,8518,
,2025-12-22 19:00:00,,,4470.7998046875,4471.39990234375,4464.10009765625,4469.0,4698,
,2025-12-22 20:00:00,,,4468.89990234375,4473.89990234375,4467.0,4472.5,5601,
,2025-12-22 21:00:00,,,4472.5,4484.5,4472.5,4480.60009765625,4757,
,2025-12-22 23:00:00,,,4481.7998046875,4494.2001953125,4479.7998046875,4492.2998046875,0,
,2025-12-23 00:00:00,,,4492.10009765625,4504.7998046875,4490.60009765625,4504.5,6277,
,2025-12-23 01:00:00,,,4504.5,4523.0,4502.2001953125,4519.2001953125,16270,
,2025-12-23 02:00:00,,,4519.5,4530.7998046875,4513.2001953125,4525.5,8308,
,2025-12-23 03:00:00,,,4525.2001953125,4528.60009765625,4515.39990234375,4519.89990234375,6085,
,2025-12-23 04:00:00,,,4519.7998046875,4521.89990234375,4510.7001953125,4514.2001953125,3670,
,2025-12-23 05:00:00,,,4514.5,4518.2998046875,4507.2998046875,4507.39990234375,6093,
,2025-12-23 06:00:00,,,4507.2001953125,4513.89990234375,4502.60009765625,4513.89990234375,6360,
,2025-12-23 07:00:00,,,4513.60009765625,4522.2001953125,4510.39990234375,4519.10009765625,4924,
,2025-12-23 08:00:00,,,4519.10009765625,4524.5,4515.2998046875,4520.7998046875,4691,
,2025-12-23 09:00:00,,,4520.7998046875,4522.0,4510.0,4512.0,5919,
,2025-12-23 10:00:00,,,4511.7998046875,4518.60009765625,4511.0,4516.7001953125,4888,
,2025-12-23 11:00:00,,,4516.7998046875,4526.2998046875,4514.39990234375,4525.7998046875,4870,
,2025-12-23 12:00:00,,,4525.5,4525.7001953125,4515.2998046875,4518.60009765625,5179,
,2025-12-23 13:00:00,,,4518.5,4529.2998046875,4503.7001953125,4510.0,19579,
,2025-12-23 14:00:00,,,4510.2001953125,4510.7998046875,4470.7998046875,4476.7001953125,39357,
,2025-12-23 15:00:00,,,4475.10009765625,4486.5,4457.7001953125,4485.7998046875,31055,
,2025-12-23 16:00:00,,,4485.89990234375,4504.10009765625,4482.5,4501.39990234375,17650,
,2025-12-23 17:00:00,,,4501.60009765625,4507.60009765625,4496.60009765625,4499.89990234375,13799,
,2025-12-23 18:00:00,,,4500.0,4513.10009765625,4500.0,4512.10009765625,11934,
,2025-12-23 19:00:00,,,4512.0,4524.60009765625,4511.7001953125,4519.10009765625,9796,
,2025-12-23 20:00:00,,,4519.2001953125,4526.2001953125,4516.2001953125,4523.7998046875,5818,
,2025-12-23 21:00:00,,,4523.7998046875,4524.89990234375,4512.5,4515.0,2677,
,2025-12-23 23:00:00,,,4516.7001953125,4540.60009765625,4512.2001953125,4533.89990234375,0,
,2025-12-24 00:00:00,,,4534.10009765625,4547.0,4531.2001953125,4539.7001953125,7407,
,2025-12-24 01:00:00,,,4539.5,4555.10009765625,4534.7998046875,4547.10009765625,11033,
,2025-12-24 02:00:00,,,4547.2001953125,4547.7001953125,4505.7001953125,4508.2001953125,11755,
,2025-12-24 03:00:00,,,4509.0,4526.60009765625,4496.5,4521.10009765625,9849,
,2025-12-24 04:00:00,,,4521.2998046875,4528.7001953125,4518.7998046875,4524.89990234375,3079,
,2025-12-24 14:30:00,,,4516.10009765625,4518.2001953125,4487.5,4491.89990234375,16651,
,2025-12-24 15:30:00,,,4491.7998046875,4504.0,4474.2998046875,4484.7998046875,17584,
,2025-12-24 16:30:00,,,4484.60009765625,4504.7001953125,4482.2001953125,4502.7998046875,10252,
,2025-12-24 17:30:00,,,4502.7001953125,4513.39990234375,4501.2998046875,4505.60009765625,9061,
,2025-12-26 05:00:00,,,4538.7998046875,4544.60009765625,4535.7001953125,4540.5,3735,
,2025-12-26 06:00:00,,,4540.2998046875,4549.7998046875,4537.7998046875,4541.5,5250,
,2025-12-26 07:00:00,,,4541.5,4545.60009765625,4536.2998046875,4540.60009765625,2616,
,2025-12-26 08:00:00,,,4540.2998046875,4550.7001953125,4539.0,4549.2998046875,2970,
,2025-12-26 09:00:00,,,4549.2001953125,4551.39990234375,4541.7998046875,4542.5,3048,
,2025-12-26 10:00:00,,,4542.39990234375,4554.0,4541.0,4544.10009765625,4359,
,2025-12-26 11:00:00,,,4544.2998046875,4545.39990234375,4531.2001953125,4538.2001953125,5200,
,2025-12-26 12:00:00,,,4538.0,4544.7001953125,4535.39990234375,4539.0,3166,
,2025-12-26 13:00:00,,,4538.7998046875,4560.89990234375,4533.10009765625,4557.2998046875,11504,
,2025-12-26 14:00:00,,,4557.5,4568.5,4544.0,4552.89990234375,18558,
,2025-12-26 15:00:00,,,4552.89990234375,4581.10009765625,4551.5,4580.10009765625,20035,
,2025-12-26 16:00:00,,,4580.2998046875,4584.0,4564.89990234375,4570.2998046875,15044,
,2025-12-26 17:00:00,,,4570.39990234375,4571.60009765625,4543.39990234375,4552.2001953125,16678,
,2025-12-26 18:00:00,,,4552.10009765625,4563.89990234375,4547.39990234375,4562.5,10673,
,2025-12-26 19:00:00,,,4562.39990234375,4567.60009765625,4551.10009765625,4554.89990234375,6300,
,2025-12-26 20:00:00,,,4554.7998046875,4566.39990234375,4552.5,4560.39990234375,7323,
,2025-12-26 21:00:00,,,4560.60009765625,4565.89990234375,4552.7001953125,4552.7001953125,3246,
,2025-12-28 23:00:00,,,4570.5,4571.7998046875,4549.5,4550.89990234375,9145,
,2025-12-29 00:00:00,,,4551.0,4551.89990234375,4490.2998046875,4516.89990234375,20293,
,2025-12-29 01:00:00,,,4516.89990234375,4538.10009765625,4511.60009765625,4520.5,10998,
,2025-12-29 02:00:00,,,4519.60009765625,4539.7001953125,4519.0,4536.7001953125,5975,
,2025-12-29 03:00:00,,,4536.5,4545.0,4533.7998046875,4541.10009765625,5331,
,2025-12-29 04:00:00,,,4540.7998046875,4542.5,4531.0,4538.60009765625,3749,
,2025-12-29 05:00:00,,,4537.60009765625,4541.39990234375,4526.10009765625,4527.0,4518,
,2025-12-29 06:00:00,,,4528.0,4530.7998046875,4492.10009765625,4496.7001953125,10136,
,2025-12-29 07:00:00,,,4495.7001953125,4501.2001953125,4463.2998046875,4496.10009765625,17495,
,2025-12-29 08:00:00,,,4495.7001953125,4510.5,4472.5,4481.10009765625,13212,
,2025-12-29 09:00:00,,,4481.2001953125,4496.60009765625,4479.5,4493.0,7431,
,2025-12-29 10:00:00,,,4492.39990234375,4496.0,4479.0,4482.89990234375,7494,
,2025-12-29 11:00:00,,,4483.10009765625,4489.7001953125,4454.39990234375,4466.2001953125,12298,
,2025-12-29 12:00:00,,,4466.39990234375,4485.0,4464.60009765625,4484.5,7393,
,2025-12-29 13:00:00,,,4484.2998046875,4488.7001953125,4426.2001953125,4440.89990234375,24262,
,2025-12-29 14:00:00,,,4440.60009765625,4440.60009765625,4375.39990234375,4378.60009765625,45745,
,2025-12-29 15:00:00,,,4378.60009765625,4379.7001953125,4316.0,4343.10009765625,40293,
,2025-12-29 16:00:00,,,4343.0,4365.60009765625,4341.5,4359.7998046875,15760,
,2025-12-29 17:00:00,,,4360.2001953125,4361.2001953125,4332.7998046875,4346.2001953125,13005,
,2025-12-29 18:00:00,,,4346.5,4352.7001953125,4340.2001953125,4349.5,12988,
,2025-12-29 19:00:00,,,4350.0,4355.60009765625,4346.10009765625,4354.2001953125,5905,
,2025-12-29 20:00:00,,,4354.39990234375,4362.5,4344.2998046875,4354.2998046875,7505,
,2025-12-29 21:00:00,,,4354.0,4358.0,4345.7001953125,4350.2001953125,3090,
,2025-12-29 23:00:00,,,4350.2998046875,4363.2001953125,4338.7998046875,4361.2001953125,0,
,2025-12-30 00:00:00,,,4361.10009765625,4366.0,4349.7998046875,4354.7001953125,4785,
,2025-12-30 01:00:00,,,4354.7001953125,4374.7001953125,4339.0,4374.7001953125,8617,
,2025-12-30 02:00:00,,,4374.7001953125,4378.39990234375,4362.7001953125,4376.2998046875,7049,
,2025-12-30 03:00:00,,,4376.2001953125,4383.0,4370.5,4373.7998046875,6899,
,2025-12-30 04:00:00,,,4373.7998046875,4384.0,4371.7001953125,4377.60009765625,3352,
,2025-12-30 05:00:00,,,4378.2998046875,4394.7001953125,4373.39990234375,4392.0,6040,
,2025-12-30 06:00:00,,,4392.2001953125,4392.7001953125,4374.7998046875,4379.7001953125,4730,
,2025-12-30 07:00:00,,,4379.60009765625,4398.5,4374.0,4388.2998046875,6726,
,2025-12-30 08:00:00,,,4388.60009765625,4390.39990234375,4366.60009765625,4380.7998046875,7577,
,2025-12-30 09:00:00,,,4381.0,4392.7998046875,4379.7998046875,4387.60009765625,5416,
,2025-12-30 10:00:00,,,4387.39990234375,4407.5,4383.39990234375,4400.5,6651,
,2025-12-30 11:00:00,,,4400.7998046875,4406.0,4396.7001953125,4399.60009765625,3816,
,2025-12-30 12:00:00,,,4399.7998046875,4418.7998046875,4398.7001953125,4417.0,8154,
,2025-12-30 13:00:00,,,4417.60009765625,4420.5,4391.2001953125,4403.7001953125,15383,
,2025-12-30 14:00:00,,,4403.60009765625,4407.7001953125,4370.5,4381.39990234375,19701,
,2025-12-30 15:00:00,,,4381.2998046875,4394.2001953125,4375.39990234375,4381.89990234375,15063,
,2025-12-30 16:00:00,,,4381.7001953125,4396.10009765625,4371.39990234375,4393.5,10725,
,2025-12-30 17:00:00,,,4393.60009765625,4397.7998046875,4379.60009765625,4385.5,9272,
,2025-12-30 18:00:00,,,4385.5,4394.10009765625,4378.0,4380.2001953125,9962,
,2025-12-30 19:00:00,,,4380.10009765625,4383.5,4352.39990234375,4364.0,8170,
,2025-12-30 20:00:00,,,4364.0,4370.60009765625,4353.0,4357.5,8301,
,2025-12-30 21:00:00,,,4358.0,4366.10009765625,4349.2001953125,4352.2998046875,4573,
,2025-12-30 23:00:00,,,4353.0,4358.89990234375,4338.10009765625,4350.89990234375,0,
,2025-12-31 00:00:00,,,4351.2998046875,4358.7001953125,4344.7001953125,4354.89990234375,4999,
,2025-12-31 01:00:00,,,4354.60009765625,4384.89990234375,4348.7001953125,4378.10009765625,8467,
,2025-12-31 02:00:00,,,4378.10009765625,4383.5,4357.60009765625,4360.5,7052,
,2025-12-31 03:00:00,,,4361.7998046875,4371.7001953125,4352.5,4360.39990234375,6856,
,2025-12-31 04:00:00,,,4360.7998046875,4363.5,4342.89990234375,4344.60009765625,3859,
,2025-12-31 05:00:00,,,4345.10009765625,4354.2998046875,4284.2998046875,4296.5,16264,
,2025-12-31 06:00:00,,,4297.0,4341.2001953125,4285.0,4339.0,11737,
,2025-12-31 07:00:00,,,4339.2998046875,4346.2998046875,4334.2001953125,4342.7001953125,5911,
,2025-12-31 08:00:00,,,4343.0,4344.60009765625,4315.5,4319.39990234375,5932,
,2025-12-31 09:00:00,,,4319.2998046875,4349.0,4319.0,4338.60009765625,6495,
,2025-12-31 10:00:00,,,4338.7001953125,4344.0,4315.7001953125,4318.7998046875,5705,
,2025-12-31 11:00:00,,,4318.89990234375,4329.39990234375,4316.39990234375,4323.7998046875,4169,
,2025-12-31 12:00:00,,,4323.89990234375,4331.2001953125,4315.0,4326.10009765625,3822,
,2025-12-31 13:00:00,,,4326.60009765625,4361.5,4320.2001953125,4358.7001953125,8629,
,2025-12-31 14:00:00,,,4358.60009765625,4367.7998046875,4346.2001953125,4360.10009765625,13435,
,2025-12-31 15:00:00,,,4360.5,4360.5,4340.2998046875,4350.89990234375,9033,
,2025-12-31 16:00:00,,,4351.10009765625,4353.39990234375,4330.7998046875,4336.7998046875,7246,
,2025-12-31 17:00:00,,,4337.10009765625,4343.2998046875,4331.5,4335.7001953125,5064,
,2025-12-31 18:00:00,,,4335.39990234375,4345.7001953125,4329.7001953125,4333.5,8709,
,2025-12-31 19:00:00,,,4333.7001953125,4337.0,4320.39990234375,4323.89990234375,3949,
,2025-12-31 20:00:00,,,4324.2001953125,4338.10009765625,4316.7998046875,4326.0,5743,
,2025-12-31 21:00:00,,,4326.89990234375,4333.2001953125,4320.7001953125,4332.10009765625,1696,
,2026-01-02 05:00:00,,,4386.0,4395.0,4383.5,4394.10009765625,3281,
,2026-01-02 06:00:00,,,4393.5,4394.0,4386.10009765625,4387.60009765625,3086,
,2026-01-02 07:00:00,,,4387.60009765625,4395.5,4384.2001953125,4394.7001953125,4400,
,2026-01-02 08:00:00,,,4394.60009765625,4409.5,4392.60009765625,4399.2001953125,6746,
,2026-01-02 09:00:00,,,4398.89990234375,4404.0,4395.60009765625,4397.5,3669,
,2026-01-02 10:00:00,,,4397.60009765625,4410.7998046875,4396.7001953125,4408.7001953125,4548,
,2026-01-02 11:00:00,,,4408.39990234375,4411.7998046875,4403.0,4405.5,3373,
,2026-01-02 12:00:00,,,4405.2001953125,4410.7001953125,4397.39990234375,4407.0,3861,
,2026-01-02 13:00:00,,,4407.0,4414.7998046875,4373.60009765625,4377.60009765625,15740,
,2026-01-02 14:00:00,,,4377.7998046875,4385.7998046875,4359.2001953125,4364.7001953125,15685,
,2026-01-02 15:00:00,,,4364.7001953125,4368.7001953125,4341.39990234375,4346.5,18053,
,2026-01-02 16:00:00,,,4346.7001953125,4348.60009765625,4325.2998046875,4337.5,14664,
,2026-01-02 17:00:00,,,4337.10009765625,4344.5,4332.89990234375,4332.89990234375,7096,
,2026-01-02 18:00:00,,,4333.0,4334.10009765625,4319.7001953125,4325.2998046875,11113,
,2026-01-02 19:00:00,,,4325.5,4336.2001953125,4325.5,4328.10009765625,5850,
,2026-01-02 20:00:00,,,4328.2998046875,4341.39990234375,4327.39990234375,4341.2998046875,4460,
,2026-01-02 21:00:00,,,4341.39990234375,4342.7001953125,4329.60009765625,4329.60009765625,1786,
,2026-01-04 23:00:00,,,4368.7998046875,4385.39990234375,4363.2998046875,4381.39990234375,8207,
,2026-01-05 00:00:00,,,4381.89990234375,4406.39990234375,4379.2998046875,4404.5,8865,
,2026-01-05 01:00:00,,,4404.60009765625,4430.7001953125,4400.39990234375,4411.10009765625,14897,
,2026-01-05 02:00:00,,,4411.39990234375,4418.7998046875,4397.10009765625,4415.0,6408,
,2026-01-05 03:00:00,,,4414.7998046875,4423.2001953125,4408.5,4408.7998046875,4021,
,2026-01-05 04:00:00,,,4408.60009765625,4417.7998046875,4406.10009765625,4415.10009765625,2929,
,2026-01-05 05:00:00,,,4413.39990234375,4423.60009765625,4410.0,4421.39990234375,3965,
,2026-01-05 06:00:00,,,4421.10009765625,4436.10009765625,4420.2998046875,4429.7001953125,10166,
,2026-01-05 07:00:00,,,4429.89990234375,4434.89990234375,4426.2998046875,4431.2001953125,6504,
,2026-01-05 08:00:00,,,4431.39990234375,4444.0,4429.2001953125,4439.89990234375,7270,
,2026-01-05 09:00:00,,,4439.7998046875,4449.10009765625,4436.7998046875,4445.89990234375,7760,
,2026-01-05 10:00:00,,,4446.0,4451.7001953125,4441.60009765625,4447.39990234375,6568,
,2026-01-05 11:00:00,,,4447.7001953125,4448.7998046875,4422.2001953125,4430.7001953125,8518,
,2026-01-05 12:00:00,,,4430.5,4433.0,4416.7001953125,4421.39990234375,6058,
,2026-01-05 13:00:00,,,4421.5,4430.60009765625,4407.0,4428.7998046875,16051,
,2026-01-05 14:00:00,,,4429.0,4454.2998046875,4428.2998046875,4447.7998046875,20601,
,2026-01-05 15:00:00,,,4448.2001953125,4467.60009765625,4445.60009765625,4459.0,22123,
,2026-01-05 16:00:00,,,4458.7998046875,4465.7998046875,4448.89990234375,4452.7001953125,11430,
,2026-01-05 17:00:00,,,4452.89990234375,4459.60009765625,4443.2001953125,4454.2001953125,9525,
,2026-01-05 18:00:00,,,4453.89990234375,4459.7001953125,4450.39990234375,4459.7001953125,7603,
,2026-01-05 19:00:00,,,4459.89990234375,4461.0,4445.60009765625,4450.89990234375,5235,
,2026-01-05 20:00:00,,,4450.7001953125,4458.0,4448.2998046875,4454.89990234375,5372,
,2026-01-05 21:00:00,,,4455.10009765625,4460.7998046875,4453.7998046875,4459.7001953125,2141,
,2026-01-05 23:00:00,,,4459.7998046875,4471.60009765625,4447.0,4450.7001953125,0,
,2026-01-06 00:00:00,,,4450.60009765625,4455.60009765625,4440.7001953125,4447.39990234375,3596,
,2026-01-06 01:00:00,,,4447.39990234375,4462.2001953125,4437.89990234375,4460.0,5879,
,2026-01-06 02:00:00,,,4460.10009765625,4472.0,4458.10009765625,4464.89990234375,6401,
,2026-01-06 03:00:00,,,4464.7998046875,4478.89990234375,4464.2001953125,4478.2998046875,4261,
,2026-01-06 04:00:00,,,4478.2998046875,4479.39990234375,4472.10009765625,4478.0,2654,
,2026-01-06 05:00:00,,,4477.89990234375,4485.2001953125,4460.2001953125,4463.2998046875,5168,
,2026-01-06 06:00:00,,,4463.2998046875,4476.89990234375,4462.39990234375,4475.60009765625,4915,
,2026-01-06 07:00:00,,,4475.5,4480.5,4466.7998046875,4469.2998046875,5298,
,2026-01-06 08:00:00,,,4468.5,4486.0,4466.89990234375,4478.7998046875,7670,
,2026-01-06 09:00:00,,,4479.0,4479.2001953125,4454.7001953125,4456.5,9648,
,2026-01-06 10:00:00,,,4456.2001953125,4466.0,4452.5,4461.7001953125,4495,
,2026-01-06 11:00:00,,,4461.7001953125,4475.2998046875,4458.39990234375,4474.10009765625,5045,
,2026-01-06 12:00:00,,,4474.10009765625,4477.2001953125,4469.2998046875,4474.39990234375,3828,
,2026-01-06 13:00:00,,,4474.2001953125,4481.0,4464.10009765625,4478.2001953125,9761,
,2026-01-06 14:00:00,,,4478.39990234375,4500.7001953125,4474.7001953125,4498.2998046875,19971,
,2026-01-06 15:00:00,,,4498.0,4501.7998046875,4474.39990234375,4488.5,20899,
,2026-01-06 16:00:00,,,4488.39990234375,4499.7001953125,4481.7001953125,4498.7001953125,9090,
,2026-01-06 17:00:00,,,4498.7001953125,4501.60009765625,4493.7001953125,4499.89990234375,8290,
,2026-01-06 18:00:00,,,4499.7998046875,4503.7001953125,4492.2001953125,4500.0,12027,
,2026-01-06 19:00:00,,,4497.7998046875,4498.39990234375,4488.0,4492.2001953125,6615,
,2026-01-06 20:00:00,,,4492.10009765625,4504.7001953125,4491.60009765625,4504.2001953125,5373,
,2026-01-06 21:00:00,,,4504.10009765625,4508.2998046875,4502.39990234375,4505.7001953125,1945,
,2026-01-06 23:00:00,,,4505.39990234375,4512.39990234375,4503.39990234375,4504.60009765625,0,
,2026-01-07 00:00:00,,,4504.7998046875,4506.39990234375,4493.2001953125,4502.89990234375,4514,
,2026-01-07 01:00:00,,,4503.2001953125,4506.89990234375,4471.89990234375,4476.5,10526,
,2026-01-07 02:00:00,,,4476.39990234375,4490.5,4471.2998046875,4486.0,6215,
,2026-01-07 03:00:00,,,4486.0,4491.5,4482.7001953125,4485.7001953125,2874,
,2026-01-07 04:00:00,,,4485.60009765625,4487.0,4473.5,4474.39990234375,5174,
,2026-01-07 05:00:00,,,4474.7001953125,4480.60009765625,4453.39990234375,4464.10009765625,8608,
,2026-01-07 06:00:00,,,4464.10009765625,4470.2001953125,4451.5,4454.7998046875,8119,
,2026-01-07 07:00:00,,,4454.39990234375,4475.2001953125,4452.0,4470.7998046875,4956,
,2026-01-07 08:00:00,,,4470.7001953125,4485.0,4468.89990234375,4478.2998046875,5360,
,2026-01-07 09:00:00,,,4477.89990234375,4478.5,4469.2001953125,4473.60009765625,4240,
,2026-01-07 10:00:00,,,4473.2001953125,4477.7001953125,4468.2001953125,4474.2001953125,2785,
,2026-01-07 11:00:00,,,4474.2998046875,4474.7998046875,4456.2001953125,4456.89990234375,5134,
,2026-01-07 12:00:00,,,4457.2998046875,4464.2001953125,4448.60009765625,4454.5,7679,
,2026-01-07 13:00:00,,,4454.2998046875,4463.0,4436.60009765625,4462.89990234375,21977,
,2026-01-07 14:00:00,,,4462.7001953125,4464.10009765625,4445.5,4454.60009765625,18786,
,2026-01-07 15:00:00,,,4454.60009765625,4462.5,4432.89990234375,4456.60009765625,25525,
,2026-01-07 16:00:00,,,4456.2998046875,4478.39990234375,4453.7998046875,4474.2001953125,16457,
,2026-01-07 17:00:00,,,4474.10009765625,4475.5,4459.39990234375,4461.7998046875,10465,
,2026-01-07 18:00:00,,,4461.60009765625,4468.7998046875,4457.2001953125,4461.60009765625,10428,
,2026-01-07 19:00:00,,,4461.7001953125,4467.7998046875,4455.0,4466.7998046875,5774,
,2026-01-07 20:00:00,,,4466.7998046875,4471.5,4460.7001953125,4462.60009765625,6297,
,2026-01-07 21:00:00,,,4462.5,4467.10009765625,4459.89990234375,4467.10009765625,1624,
,2026-01-07 23:00:00,,,4467.10009765625,4473.2001953125,4467.10009765625,4472.2001953125,0,
,2026-01-08 00:00:00,,,4472.0,4475.2001953125,4455.10009765625,4459.0,3442,
,2026-01-08 01:00:00,,,4458.60009765625,4469.39990234375,4450.2001953125,4457.10009765625,7105,
,2026-01-08 02:00:00,,,4457.10009765625,4458.2998046875,4441.7001953125,4449.7001953125,5985,
,2026-01-08 03:00:00,,,4450.10009765625,4455.39990234375,4445.5,4448.2001953125,2735,
,2026-01-08 04:00:00,,,4448.2998046875,4448.7001953125,4438.39990234375,4440.60009765625,2887,
,2026-01-08 05:00:00,,,4439.7998046875,4441.0,4423.60009765625,4433.60009765625,8429,
,2026-01-08 06:00:00,,,4433.39990234375,4445.7001953125,4423.7001953125,4441.5,6833,
,2026-01-08 07:00:00,,,4441.39990234375,4448.39990234375,4436.10009765625,4438.60009765625,4898,
,2026-01-08 08:00:00,,,4438.5,4441.39990234375,4427.39990234375,4439.39990234375,5248,
,2026-01-08 09:00:00,,,4439.2001953125,4443.2998046875,4433.5,4440.2998046875,4190,
,2026-01-08 10:00:00,,,4440.2998046875,4443.0,4430.60009765625,4441.60009765625,5023,
,2026-01-08 11:00:00,,,4441.5,4441.60009765625,4429.60009765625,4431.0,3018,
,2026-01-08 12:00:00,,,4430.89990234375,4439.0,4415.0,4434.7001953125,10887,
,2026-01-08 13:00:00,,,4435.10009765625,4444.5,4425.0,4432.0,11685,
,2026-01-08 14:00:00,,,4432.2998046875,4448.2001953125,4427.2001953125,4441.39990234375,15781,
,2026-01-08 15:00:00,,,4441.39990234375,4465.7001953125,4436.2998046875,4463.5,26018,
,2026-01-08 16:00:00,,,4463.60009765625,4474.5,4456.2001953125,4472.5,12422,
,2026-01-08 17:00:00,,,4472.7001953125,4475.7998046875,4466.7998046875,4472.7998046875,10551,
,2026-01-08 18:00:00,,,4472.7001953125,4472.7998046875,4456.89990234375,4458.89990234375,21921,
,2026-01-08 19:00:00,,,4458.89990234375,4462.0,4453.7001953125,4460.89990234375,4488,
,2026-01-08 20:00:00,,,4460.7998046875,4487.7001953125,4460.2998046875,4485.10009765625,12281,
,2026-01-08 21:00:00,,,4485.2001953125,4489.2998046875,4482.0,4487.89990234375,3624,
,2026-01-08 23:00:00,,,4489.2998046875,4493.7001953125,4482.2001953125,4485.2998046875,0,
,2026-01-09 00:00:00,,,4485.60009765625,4486.89990234375,4469.39990234375,4472.39990234375,3933,
,2026-01-09 01:00:00,,,4472.5,4478.7998046875,4461.7998046875,4477.39990234375,6734,
,2026-01-09 02:00:00,,,4477.7998046875,4485.5,4474.7998046875,4478.89990234375,4420,
,2026-01-09 03:00:00,,,4478.7001953125,4479.5,4469.39990234375,4472.7998046875,2641,
,2026-01-09 04:00:00,,,4473.10009765625,4475.7998046875,4469.39990234375,4474.5,2147,
,2026-01-09 05:00:00,,,4473.39990234375,4480.7998046875,4466.60009765625,4476.5,3551,
,2026-01-09 06:00:00,,,4477.10009765625,4486.0,4474.39990234375,4483.0,3876,
,2026-01-09 07:00:00,,,4483.2998046875,4484.7001953125,4477.2001953125,4479.2998046875,4245,
,2026-01-09 08:00:00,,,4478.7998046875,4485.7998046875,4472.7998046875,4476.89990234375,4536,
,2026-01-09 09:00:00,,,4477.10009765625,4486.39990234375,4477.0,4479.39990234375,3389,
,2026-01-09 10:00:00,,,4479.7001953125,4482.7001953125,4475.7001953125,4481.2998046875,3216,
,2026-01-09 11:00:00,,,4481.39990234375,4485.2998046875,4477.39990234375,4484.2998046875,4102,
,2026-01-09 12:00:00,,,4484.2001953125,4489.60009765625,4469.5,4474.5,6698,
,2026-01-09 13:00:00,,,4474.60009765625,4500.7998046875,4467.0,4492.0,18200,
,2026-01-09 14:00:00,,,4492.2001953125,4507.7998046875,4488.10009765625,4503.89990234375,24000,
,2026-01-09 15:00:00,,,4503.39990234375,4527.0,4499.2001953125,4521.5,25952,
,2026-01-09 16:00:00,,,4521.7998046875,4523.7998046875,4509.2998046875,4516.5,12664,
,2026-01-09 17:00:00,,,4516.39990234375,4521.5,4491.39990234375,4493.89990234375,17982,
,2026-01-09 18:00:00,,,4493.60009765625,4514.10009765625,4492.39990234375,4505.89990234375,27012,
,2026-01-09 19:00:00,,,4505.7998046875,4511.2998046875,4502.2998046875,4508.2998046875,4954,
,2026-01-09 20:00:00,,,4508.0,4518.7998046875,4506.7998046875,4516.10009765625,7020,
,2026-01-09 21:00:00,,,4516.0,4520.2998046875,4513.60009765625,4517.89990234375,2292,
,2026-01-11 23:00:00,,,4538.10009765625,4555.0,4531.39990234375,4550.10009765625,7488,
,2026-01-12 00:00:00,,,4550.0,4612.7001953125,4546.2998046875,4600.0,25099,
,2026-01-12 01:00:00,,,4600.2001953125,4606.10009765625,4581.39990234375,4582.10009765625,15923,
,2026-01-12 02:00:00,,,4581.60009765625,4594.0,4573.10009765625,4589.39990234375,9893,
,2026-01-12 03:00:00,,,4589.5,4593.5,4579.39990234375,4582.60009765625,4417,
,2026-01-12 04:00:00,,,4582.7998046875,4584.0,4574.7998046875,4579.39990234375,3594,
,2026-01-12 05:00:00,,,4580.0,4595.60009765625,4576.89990234375,4591.2998046875,5409,
,2026-01-12 06:00:00,,,4591.2998046875,4591.2998046875,4580.7998046875,4589.2998046875,4992,
,2026-01-12 07:00:00,,,4589.7001953125,4599.7998046875,4585.39990234375,4597.7998046875,7725,
,2026-01-12 08:00:00,,,4597.7001953125,4608.5,4589.60009765625,4607.0,7975,
,2026-01-12 09:00:00,,,4606.89990234375,4609.60009765625,4597.89990234375,4599.39990234375,6771,
,2026-01-12 10:00:00,,,4599.5,4605.7998046875,4596.10009765625,4604.5,5984,
,2026-01-12 11:00:00,,,4604.7001953125,4605.39990234375,4591.5,4594.7998046875,5061,
,2026-01-12 12:00:00,,,4595.0,4600.39990234375,4587.60009765625,4600.39990234375,7086,
,2026-01-12 13:00:00,,,4600.39990234375,4630.7998046875,4598.5,4626.2998046875,21446,
,2026-01-12 14:00:00,,,4626.60009765625,4628.10009765625,4595.10009765625,4612.10009765625,29042,
,2026-01-12 15:00:00,,,4611.7998046875,4638.2001953125,4611.39990234375,4630.89990234375,27369,
,2026-01-12 16:00:00,,,4630.89990234375,4640.5,4618.0,4627.0,22590,
,2026-01-12 17:00:00,,,4626.7998046875,4630.7001953125,4620.0,4626.89990234375,10555,
,2026-01-12 18:00:00,,,4626.89990234375,4629.2001953125,4609.7998046875,4620.2998046875,30106,
,2026-01-12 19:00:00,,,4620.60009765625,4628.89990234375,4618.2998046875,4620.60009765625,6888,
,2026-01-12 20:00:00,,,4620.5,4621.2001953125,4601.0,4603.2998046875,8921,
,2026-01-12 21:00:00,,,4603.39990234375,4609.0,4598.7001953125,4608.7998046875,4157,
,2026-01-12 23:00:00,,,4610.0,4616.89990234375,4586.39990234375,4607.60009765625,0,
,2026-01-13 00:00:00,,,4607.5,4607.7001953125,4593.2998046875,4595.7998046875,3692,
,2026-01-13 01:00:00,,,4596.2001953125,4604.5,4584.2998046875,4586.39990234375,6588,
,2026-01-13 02:00:00,,,4586.0,4604.2001953125,4585.0,4603.10009765625,4580,
,2026-01-13 03:00:00,,,4602.7998046875,4608.7001953125,4601.2998046875,4603.10009765625,3892,
,2026-01-13 04:00:00,,,4603.39990234375,4608.7998046875,4603.0,4606.39990234375,3136,
,2026-01-13 05:00:00,,,4605.60009765625,4611.2001953125,4594.0,4600.7001953125,4754,
,2026-01-13 06:00:00,,,4600.5,4600.7998046875,4582.7998046875,4590.5,5973,
,2026-01-13 07:00:00,,,4590.7998046875,4595.2998046875,4585.60009765625,4589.10009765625,5941,
,2026-01-13 08:00:00,,,4588.89990234375,4605.39990234375,4587.7998046875,4601.60009765625,6412,
,2026-01-13 09:00:00,,,4601.10009765625,4604.10009765625,4594.5,4595.2001953125,4291,
,2026-01-13 10:00:00,,,4595.2998046875,4597.2998046875,4589.39990234375,4595.0,4374,
,2026-01-13 11:00:00,,,4595.2001953125,4600.7998046875,4590.7998046875,4596.89990234375,7371,
,2026-01-13 12:00:00,,,4597.0,4603.89990234375,4586.2001953125,4602.0,6909,
,2026-01-13 13:00:00,,,4601.7001953125,4629.2998046875,4599.10009765625,4619.5,30128,
,2026-01-13 14:00:00,,,4619.5,4644.0,4617.0,4638.89990234375,27609,
,2026-01-13 15:00:00,,,4638.5,4639.89990234375,4609.10009765625,4627.60009765625,24098,
,2026-01-13 16:00:00,,,4627.7001953125,4629.5,4601.2998046875,4622.2001953125,15396,
,2026-01-13 17:00:00,,,4622.2998046875,4624.89990234375,4595.0,4599.0,16829,
,2026-01-13 18:00:00,,,4598.7998046875,4610.2001953125,4589.5,4602.2998046875,33579,
,2026-01-13 19:00:00,,,4602.60009765625,4606.7998046875,4592.39990234375,4605.2998046875,9069,
,2026-01-13 20:00:00,,,4605.2998046875,4605.60009765625,4576.7001953125,4594.10009765625,13414,
,2026-01-13 21:00:00,,,4594.2001953125,4597.7998046875,4590.7001953125,4594.39990234375,4129,
,2026-01-13 23:00:00,,,4594.2998046875,4606.5,4594.2998046875,4603.89990234375,0,
,2026-01-14 00:00:00,,,4604.39990234375,4618.39990234375,4604.39990234375,4616.89990234375,4482,
,2026-01-14 01:00:00,,,4617.2001953125,4627.60009765625,4613.7001953125,4626.7001953125,8894,
,2026-01-14 02:00:00,,,4626.89990234375,4631.5,4621.89990234375,4629.10009765625,5276,
,2026-01-14 03:00:00,,,4628.7998046875,4638.89990234375,4621.5,4636.5,6388,
,2026-01-14 04:00:00,,,4636.60009765625,4638.60009765625,4633.0,4636.0,5844,
,2026-01-14 05:00:00,,,4636.7998046875,4647.60009765625,4624.7001953125,4626.2998046875,12027,
,2026-01-14 06:00:00,,,4626.2998046875,4644.60009765625,4625.2001953125,4644.5,7172,
,2026-01-14 07:00:00,,,4644.7001953125,4647.2001953125,4638.89990234375,4639.7001953125,6779,
,2026-01-14 08:00:00,,,4639.89990234375,4644.89990234375,4628.39990234375,4641.7998046875,9485,
,2026-01-14 09:00:00,,,4641.89990234375,4646.7001953125,4634.5,4637.89990234375,6720,
,2026-01-14 10:00:00,,,4637.89990234375,4646.2001953125,4635.39990234375,4641.2001953125,6106,
,2026-01-14 11:00:00,,,4641.10009765625,4645.2998046875,4634.10009765625,4638.5,6054,
,2026-01-14 12:00:00,,,4638.60009765625,4650.10009765625,4638.2998046875,4646.89990234375,11058,
,2026-01-14 13:00:00,,,4647.0,4649.7998046875,4631.2998046875,4643.7998046875,15975,
,2026-01-14 14:00:00,,,4643.7001953125,4646.7001953125,4613.89990234375,4624.5,25345,
,2026-01-14 15:00:00,,,4624.39990234375,4633.60009765625,4605.89990234375,4624.7998046875,30072,
,2026-01-14 16:00:00,,,4624.89990234375,4631.7001953125,4615.2998046875,4624.10009765625,16176,
,2026-01-14 17:00:00,,,4624.0,4626.10009765625,4607.7001953125,4621.2998046875,23831,
,2026-01-14 18:00:00,,,4621.39990234375,4644.89990234375,4619.60009765625,4642.5,36263,
,2026-01-14 19:00:00,,,4642.60009765625,4650.5,4640.7998046875,4646.7001953125,16579,
,2026-01-14 20:00:00,,,4646.7001953125,4649.2001953125,4632.7001953125,4639.2001953125,21031,
,2026-01-14 21:00:00,,,4639.2998046875,4639.7998046875,4623.60009765625,4633.89990234375,5789,
,2026-01-14 23:00:00,,,4635.7001953125,4637.2001953125,4607.2001953125,4619.60009765625,0,
,2026-01-15 00:00:00,,,4619.39990234375,4622.89990234375,4614.5,4619.2998046875,4029,
,2026-01-15 01:00:00,,,4619.5,4622.0,4587.5,4604.2998046875,17788,
,2026-01-15 02:00:00,,,4604.0,4618.89990234375,4599.39990234375,4606.89990234375,9909,
,2026-01-15 03:00:00,,,4606.60009765625,4608.10009765625,4584.5,4596.10009765625,11140,
,2026-01-15 04:00:00,,,4595.7998046875,4601.39990234375,4590.7001953125,4596.60009765625,5575,
,2026-01-15 05:00:00,,,4595.7001953125,4602.60009765625,4584.60009765625,4599.10009765625,6426,
,2026-01-15 06:00:00,,,4598.89990234375,4616.39990234375,4597.39990234375,4614.5,6929,
,2026-01-15 07:00:00,,,4614.89990234375,4618.0,4603.5,4606.10009765625,5380,
,2026-01-15 08:00:00,,,4606.39990234375,4611.5,4602.2001953125,4608.2001953125,6197,
,2026-01-15 09:00:00,,,4608.10009765625,4617.2001953125,4604.60009765625,4616.89990234375,5953,
,2026-01-15 10:00:00,,,4616.7001953125,4624.89990234375,4613.39990234375,4624.2001953125,7304,
,2026-01-15 11:00:00,,,4624.2998046875,4627.0,4619.60009765625,4623.39990234375,5430,
,2026-01-15 12:00:00,,,4623.2998046875,4624.89990234375,4615.7001953125,4617.89990234375,4989,
,2026-01-15 13:00:00,,,4618.0,4620.2001953125,4584.0,4591.60009765625,21329,
,2026-01-15 14:00:00,,,4591.60009765625,4618.7998046875,4586.2998046875,4614.89990234375,21927,
,2026-01-15 15:00:00,,,4614.7998046875,4622.2998046875,4608.2001953125,4620.2001953125,15178,
,2026-01-15 16:00:00,,,4620.0,4630.10009765625,4605.7001953125,4610.2001953125,18463,
,2026-01-15 17:00:00,,,4610.39990234375,4621.7998046875,4610.2998046875,4621.5,9651,
,2026-01-15 18:00:00,,,4621.39990234375,4626.0,4617.60009765625,4622.10009765625,12867,
,2026-01-15 19:00:00,,,4622.2001953125,4626.5,4616.7998046875,4620.0,6399,
,2026-01-15 20:00:00,,,4620.2001953125,4620.7001953125,4604.2001953125,4609.7998046875,7888,
,2026-01-15 21:00:00,,,4609.5,4620.60009765625,4608.5,4620.5,2974,
,2026-01-15 23:00:00,,,4621.60009765625,4625.5,4610.60009765625,4614.60009765625,0,
,2026-01-16 00:00:00,,,4614.2001953125,4615.10009765625,4602.39990234375,4604.39990234375,4239,
,2026-01-16 01:00:00,,,4603.7998046875,4612.2998046875,4597.7998046875,4604.7998046875,7359,
,2026-01-16 02:00:00,,,4604.7998046875,4607.7001953125,4594.60009765625,4598.39990234375,8871,
,2026-01-16 03:00:00,,,4598.2001953125,4603.2001953125,4595.7998046875,4599.39990234375,2779,
,2026-01-16 04:00:00,,,4599.39990234375,4605.5,4599.2001953125,4604.60009765625,2377,
,2026-01-16 05:00:00,,,4604.5,4620.2001953125,4598.60009765625,4615.39990234375,5053,
,2026-01-16 06:00:00,,,4615.5,4616.2998046875,4597.10009765625,4601.7998046875,7871,
,2026-01-16 07:00:00,,,4601.5,4616.2001953125,4600.5,4611.5,8614,
,2026-01-16 08:00:00,,,4611.2001953125,4614.7998046875,4605.2001953125,4606.7998046875,4537,
,2026-01-16 09:00:00,,,4606.7998046875,4612.2001953125,4602.7001953125,4604.2001953125,3202,
,2026-01-16 10:00:00,,,4604.10009765625,4615.10009765625,4603.60009765625,4604.10009765625,5588,
,2026-01-16 11:00:00,,,4604.10009765625,4620.5,4602.2998046875,4616.5,6347,
,2026-01-16 12:00:00,,,4616.39990234375,4617.0,4601.0,4605.7001953125,6728,
,2026-01-16 13:00:00,,,4605.7998046875,4609.89990234375,4586.0,4605.7001953125,23000,
,2026-01-16 14:00:00,,,4605.7001953125,4618.89990234375,4599.89990234375,4611.89990234375,17115,
,2026-01-16 15:00:00,,,4611.39990234375,4624.60009765625,4539.10009765625,4574.7998046875,65602,
,2026-01-16 16:00:00,,,4574.60009765625,4603.89990234375,4570.7998046875,4595.7998046875,24830,
,2026-01-16 17:00:00,,,4596.2001953125,4597.89990234375,4581.0,4586.0,8833,
,2026-01-16 18:00:00,,,4586.0,4601.10009765625,4584.7001953125,4587.89990234375,10228,
,2026-01-16 19:00:00,,,4587.7998046875,4597.2001953125,4585.7998046875,4595.2001953125,4435,
,2026-01-16 20:00:00,,,4595.2998046875,4600.2001953125,4585.0,4587.2998046875,7957,
,2026-01-16 21:00:00,,,4587.2001953125,4602.10009765625,4587.2001953125,4595.39990234375,3758,
,2026-01-19 04:00:00,,,4595.39990234375,4672.2998046875,4595.39990234375,4671.2001953125,997,
,2026-01-20 05:00:00,,,4700.89990234375,4722.7998046875,4700.0,4720.60009765625,15150,
,2026-01-20 06:00:00,,,4720.7001953125,4723.39990234375,4711.2998046875,4718.60009765625,10913,
,2026-01-20 07:00:00,,,4718.39990234375,4728.0,4717.5,4721.39990234375,9599,
,2026-01-20 08:00:00,,,4721.39990234375,4738.0,4720.39990234375,4735.60009765625,11090,
,2026-01-20 09:00:00,,,4735.5,4742.89990234375,4727.2001953125,4737.60009765625,11763,
,2026-01-20 10:00:00,,,4737.5,4740.39990234375,4728.7001953125,4732.2998046875,7291,
,2026-01-20 11:00:00,,,4732.2998046875,4740.7998046875,4727.2998046875,4738.60009765625,5365,
,2026-01-20 12:00:00,,,4738.60009765625,4738.60009765625,4729.5,4733.2998046875,7862,
,2026-01-20 13:00:00,,,4733.39990234375,4743.7998046875,4720.0,4742.2998046875,21812,
,2026-01-20 14:00:00,,,4742.2998046875,4756.60009765625,4733.39990234375,4746.39990234375,32158,
,2026-01-20 15:00:00,,,4745.89990234375,4753.7001953125,4726.7001953125,4742.0,28924,
,2026-01-20 16:00:00,,,4742.10009765625,4762.0,4733.39990234375,4758.0,19673,
,2026-01-20 17:00:00,,,4757.7001953125,4767.0,4750.2998046875,4763.7001953125,15279,
,2026-01-20 18:00:00,,,4763.7998046875,4771.2001953125,4757.5,4764.2001953125,17373,
,2026-01-20 19:00:00,,,4764.39990234375,4771.5,4761.2998046875,4765.89990234375,6958,
,2026-01-20 20:00:00,,,4765.7998046875,4766.60009765625,4752.60009765625,4761.39990234375,9291,
,2026-01-20 21:00:00,,,4761.5,4769.2998046875,4761.10009765625,4769.10009765625,2587,
,2026-01-20 23:00:00,,,4767.5,4784.89990234375,4761.5,4779.7998046875,0,
,2026-01-21 00:00:00,,,4779.60009765625,4792.89990234375,4774.5,4789.60009765625,6393,
,2026-01-21 01:00:00,,,4789.60009765625,4847.7001953125,4788.5,4838.5,26857,
,2026-01-21 02:00:00,,,4838.60009765625,4845.2998046875,4820.39990234375,4839.39990234375,12218,
,2026-01-21 03:00:00,,,4839.2001953125,4852.60009765625,4829.5,4847.60009765625,11760,
,2026-01-21 04:00:00,,,4847.2998046875,4873.60009765625,4840.0,4867.5,8548,
,2026-01-21 05:00:00,,,4868.39990234375,4880.89990234375,4861.7001953125,4872.39990234375,9511,
,2026-01-21 06:00:00,,,4872.60009765625,4891.10009765625,4848.0,4850.2001953125,16912,
,2026-01-21 07:00:00,,,4849.89990234375,4859.39990234375,4835.2001953125,4857.5,16598,
,2026-01-21 08:00:00,,,4856.89990234375,4871.60009765625,4853.7001953125,4856.89990234375,10002,
,2026-01-21 09:00:00,,,4856.89990234375,4879.39990234375,4854.5,4862.39990234375,10928,
,2026-01-21 10:00:00,,,4862.5,4869.2001953125,4861.60009765625,4864.39990234375,7274,
,2026-01-21 11:00:00,,,4864.2998046875,4874.0,4857.39990234375,4869.10009765625,9609,
,2026-01-21 12:00:00,,,4869.2998046875,4873.5,4858.10009765625,4868.0,11558,
,2026-01-21 13:00:00,,,4868.2001953125,4883.2998046875,4861.0,4882.2998046875,17829,
,2026-01-21 14:00:00,,,4882.60009765625,4884.5,4840.7998046875,4853.7001953125,45513,
,2026-01-21 15:00:00,,,4853.7001953125,4871.2001953125,4813.7998046875,4850.0,38879,
,2026-01-21 16:00:00,,,4850.0,4858.7001953125,4821.60009765625,4836.5,21696,
,2026-01-21 17:00:00,,,4836.7001953125,4837.0,4804.60009765625,4829.0,26130,
,2026-01-21 18:00:00,,,4828.60009765625,4853.5,4822.60009765625,4853.2001953125,15720,
,2026-01-21 19:00:00,,,4853.10009765625,4857.2001953125,4757.10009765625,4783.39990234375,33073,
,2026-01-21 20:00:00,,,4783.0,4830.89990234375,4774.5,4830.0,21449,
,2026-01-21 21:00:00,,,4829.60009765625,4842.7998046875,4816.0,4836.2001953125,6107,
,2026-01-21 23:00:00,,,4836.2001953125,4837.7001953125,4779.2998046875,4779.60009765625,0,
,2026-01-22 00:00:00,,,4779.89990234375,4799.7998046875,4779.39990234375,4798.7998046875,6043,
,2026-01-22 01:00:00,,,4798.39990234375,4810.60009765625,4772.7001953125,4799.2001953125,10077,
,2026-01-22 02:00:00,,,4798.89990234375,4799.7998046875,4775.2998046875,4789.89990234375,7938,
,2026-01-22 03:00:00,,,4790.2001953125,4798.10009765625,4785.0,4797.39990234375,3213,
,2026-01-22 04:00:00,,,4797.89990234375,4801.7998046875,4794.7001953125,4797.7001953125,3241,
,2026-01-22 05:00:00,,,4798.10009765625,4822.10009765625,4794.7001953125,4821.7998046875,5861,
,2026-01-22 06:00:00,,,4821.60009765625,4829.60009765625,4816.60009765625,4827.2998046875,6795,
,2026-01-22 07:00:00,,,4827.39990234375,4841.10009765625,4826.39990234375,4833.5,7547,
,2026-01-22 08:00:00,,,4833.39990234375,4836.7998046875,4823.2998046875,4832.2001953125,6573,
,2026-01-22 09:00:00,,,4832.2001953125,4839.5,4815.2998046875,4824.39990234375,13123,
,2026-01-22 10:00:00,,,4824.7998046875,4833.7001953125,4820.7998046875,4831.0,5413,
,2026-01-22 11:00:00,,,4830.7998046875,4838.5,4826.2001953125,4833.2001953125,6128,
,2026-01-22 12:00:00,,,4832.89990234375,4834.60009765625,4820.5,4821.5,7341,
,2026-01-22 13:00:00,,,4821.60009765625,4837.39990234375,4809.60009765625,4823.7998046875,18049,
,2026-01-22 14:00:00,,,4823.5,4849.39990234375,4821.7001953125,4836.7001953125,25160,
,2026-01-22 15:00:00,,,4836.7001953125,4876.7998046875,4826.39990234375,4874.0,27507,
,2026-01-22 16:00:00,,,4874.2001953125,4888.10009765625,4870.10009765625,4880.7998046875,20778,
,2026-01-22 17:00:00,,,4880.7998046875,4909.5,4871.0,4907.7998046875,24733,
,2026-01-22 18:00:00,,,4907.7001953125,4922.5,4904.60009765625,4918.7001953125,19898,
,2026-01-22 19:00:00,,,4918.7001953125,4927.60009765625,4909.2998046875,4915.2001953125,11485,
,2026-01-22 20:00:00,,,4915.5,4932.2001953125,4914.7998046875,4920.5,9621,
,2026-01-22 21:00:00,,,4920.7001953125,4944.2998046875,4918.2998046875,4938.39990234375,5669,
,2026-01-22 23:00:00,,,4940.0,4964.0,4932.39990234375,4960.7998046875,0,
,2026-01-23 00:00:00,,,4961.2001953125,4968.5,4949.7001953125,4967.60009765625,7024,
,2026-01-23 01:00:00,,,4968.0,4970.0,4938.0,4956.7998046875,11674,
,2026-01-23 02:00:00,,,4956.0,4964.5,4948.39990234375,4957.7001953125,5877,
,2026-01-23 03:00:00,,,4957.39990234375,4961.10009765625,4939.5,4953.0,8448,
,2026-01-23 04:00:00,,,4952.7001953125,4960.0,4951.0,4958.0,3591,
,2026-01-23 05:00:00,,,4957.7998046875,4969.0,4955.7001953125,4962.10009765625,4891,
,2026-01-23 06:00:00,,,4962.2998046875,4964.2998046875,4946.2001953125,4954.10009765625,8519,
,2026-01-23 07:00:00,,,4954.5,4960.7001953125,4944.2998046875,4945.5,7081,
,2026-01-23 08:00:00,,,4945.2001953125,4948.7001953125,4901.89990234375,4915.2998046875,18527,
,2026-01-23 09:00:00,,,4914.7998046875,4922.7001953125,4901.2001953125,4919.39990234375,11840,
,2026-01-23 10:00:00,,,4919.60009765625,4933.2998046875,4916.60009765625,4931.0,7096,
,2026-01-23 11:00:00,,,4930.89990234375,4931.5,4912.7998046875,4923.2998046875,7366,
,2026-01-23 12:00:00,,,4923.7001953125,4943.39990234375,4918.7998046875,4940.0,7730,
,2026-01-23 13:00:00,,,4940.2001953125,4948.60009765625,4924.2998046875,4939.7998046875,18624,
,2026-01-23 14:00:00,,,4940.2998046875,4957.2998046875,4933.5,4944.10009765625,19594,
,2026-01-23 15:00:00,,,4943.60009765625,4964.0,4938.89990234375,4961.89990234375,23866,
,2026-01-23 16:00:00,,,4961.89990234375,4989.89990234375,4960.0,4981.39990234375,31217,
,2026-01-23 17:00:00,,,4981.7001953125,4989.39990234375,4963.0,4966.89990234375,17654,
,2026-01-23 18:00:00,,,4967.2001953125,4985.39990234375,4959.5,4967.7998046875,15931,
,2026-01-23 19:00:00,,,4968.2001953125,4991.39990234375,4968.2001953125,4985.2001953125,11212,
,2026-01-23 20:00:00,,,4985.10009765625,4986.7001953125,4971.7001953125,4981.39990234375,8924,
,2026-01-23 21:00:00,,,4981.39990234375,4990.2001953125,4978.60009765625,4979.7001953125,5214,
,2026-01-25 23:00:00,,,5023.7998046875,5039.39990234375,5010.89990234375,5038.7001953125,11387,
,2026-01-26 00:00:00,,,5039.39990234375,5051.39990234375,5029.2998046875,5041.0,9483,
,2026-01-26 01:00:00,,,5040.7998046875,5082.89990234375,5028.0,5068.7998046875,22345,
,2026-01-26 02:00:00,,,5068.89990234375,5091.5,5064.2001953125,5078.89990234375,10600,
,2026-01-26 03:00:00,,,5078.5,5086.5,5067.5,5073.89990234375,8406,
,2026-01-26 04:00:00,,,5074.10009765625,5076.0,5055.60009765625,5068.60009765625,7657,
,2026-01-26 05:00:00,,,5067.89990234375,5074.2998046875,5049.7001953125,5072.10009765625,12596,
,2026-01-26 06:00:00,,,5071.7998046875,5107.89990234375,5063.0,5074.2001953125,17432,
,2026-01-26 07:00:00,,,5074.5,5092.39990234375,5070.0,5086.39990234375,8053,
,2026-01-26 08:00:00,,,5086.2998046875,5096.10009765625,5077.39990234375,5081.2998046875,12598,
,2026-01-26 09:00:00,,,5081.2998046875,5097.39990234375,5073.10009765625,5082.2001953125,12726,
,2026-01-26 10:00:00,,,5082.39990234375,5093.0,5076.5,5090.10009765625,8797,
,2026-01-26 11:00:00,,,5090.10009765625,5091.2998046875,5076.5,5089.7998046875,8024,
,2026-01-26 12:00:00,,,5089.60009765625,5095.39990234375,5074.5,5076.2001953125,13054,
,2026-01-26 13:00:00,,,5076.60009765625,5080.89990234375,5052.0,5065.89990234375,26718,
,2026-01-26 14:00:00,,,5065.7001953125,5094.7001953125,5055.5,5093.7001953125,36919,
,2026-01-26 15:00:00,,,5094.10009765625,5095.2001953125,5071.2998046875,5088.39990234375,39649,
,2026-01-26 16:00:00,,,5088.39990234375,5103.0,5062.0,5086.39990234375,33155,
,2026-01-26 17:00:00,,,5087.0,5102.10009765625,5076.7001953125,5098.10009765625,19145,
,2026-01-26 18:00:00,,,5097.89990234375,5100.2998046875,5053.39990234375,5064.60009765625,28284,
,2026-01-26 19:00:00,,,5065.2001953125,5065.5,5002.7001953125,5023.60009765625,32637,
,2026-01-26 20:00:00,,,5023.60009765625,5058.2998046875,5022.0,5049.39990234375,18903,
,2026-01-26 21:00:00,,,5049.60009765625,5053.89990234375,4983.60009765625,5004.7998046875,14550,
,2026-01-26 23:00:00,,,5005.5,5056.0,5004.5,5037.7001953125,0,
,2026-01-27 00:00:00,,,5037.7001953125,5048.7001953125,5008.2998046875,5027.10009765625,6861,
,2026-01-27 01:00:00,,,5027.2998046875,5071.5,5013.0,5055.2998046875,12976,
,2026-01-27 02:00:00,,,5054.7001953125,5074.7998046875,5043.89990234375,5067.39990234375,6303,
,2026-01-27 03:00:00,,,5067.89990234375,5074.2998046875,5054.39990234375,5071.89990234375,4269,
,2026-01-27 04:00:00,,,5071.7001953125,5073.60009765625,5056.39990234375,5061.10009765625,3529,
,2026-01-27 05:00:00,,,5062.60009765625,5080.2998046875,5051.89990234375,5078.10009765625,6698,
,2026-01-27 06:00:00,,,5077.89990234375,5089.60009765625,5071.60009765625,5081.5,6453,
,2026-01-27 07:00:00,,,5081.39990234375,5097.2998046875,5077.10009765625,5081.60009765625,12397,
,2026-01-27 08:00:00,,,5081.5,5084.10009765625,5068.5,5075.60009765625,11072,
,2026-01-27 09:00:00,,,5075.0,5096.2998046875,5074.10009765625,5095.2998046875,8389,
,2026-01-27 10:00:00,,,5095.2001953125,5095.2998046875,5078.2001953125,5082.5,8333,
,2026-01-27 11:00:00,,,5082.7001953125,5087.0,5062.2001953125,5073.10009765625,8799,
,2026-01-27 12:00:00,,,5072.89990234375,5087.39990234375,5069.5,5081.60009765625,8729,
,2026-01-27 13:00:00,,,5081.5,5089.39990234375,5065.7998046875,5073.7998046875,21153,
,2026-01-27 14:00:00,,,5073.7001953125,5077.89990234375,5042.0,5049.60009765625,36300,
,2026-01-27 15:00:00,,,5049.2001953125,5088.2998046875,5042.2998046875,5087.60009765625,33547,
,2026-01-27 16:00:00,,,5087.5,5100.2998046875,5080.5,5085.10009765625,24390,
,2026-01-27 17:00:00,,,5085.2001953125,5092.0,5074.7001953125,5079.2001953125,18243,
,2026-01-27 18:00:00,,,5079.10009765625,5093.5,5074.0,5085.89990234375,14221,
,2026-01-27 19:00:00,,,5085.5,5098.2998046875,5078.60009765625,5097.2998046875,8348,
,2026-01-27 20:00:00,,,5097.10009765625,5184.2001953125,5096.2001953125,5174.7001953125,37840,
,2026-01-27 21:00:00,,,5175.0,5190.7998046875,5169.10009765625,5179.60009765625,11934,
,2026-01-27 23:00:00,,,5179.0,5181.89990234375,5156.39990234375,5169.2001953125,0,
,2026-01-28 00:00:00,,,5169.2998046875,5177.0,5154.7998046875,5168.5,2637,
,2026-01-28 01:00:00,,,5168.89990234375,5220.7001953125,5165.10009765625,5199.5,5399,
,2026-01-28 02:00:00,,,5199.0,5228.89990234375,5196.60009765625,5226.39990234375,3722,
,2026-01-28 03:00:00,,,5226.2998046875,5242.2001953125,5218.7001953125,5229.2001953125,3621,
,2026-01-28 04:00:00,,,5228.7998046875,5244.0,5227.39990234375,5242.7001953125,2002,
,2026-01-28 05:00:00,,,5240.89990234375,5259.2998046875,5237.10009765625,5253.89990234375,2298,
,2026-01-28 06:00:00,,,5253.10009765625,5264.39990234375,5245.0,5262.7001953125,2150,
,2026-01-28 07:00:00,,,5263.2001953125,5288.0,5255.7001953125,5286.2001953125,3634,
,2026-01-28 08:00:00,,,5285.39990234375,5345.0,5282.0,5327.0,80993,
,2026-01-28 09:00:00,,,5326.7998046875,5331.2001953125,5296.7998046875,5311.7998046875,12951,
,2026-01-28 10:00:00,,,5311.89990234375,5319.89990234375,5302.5,5303.7001953125,9074,
,2026-01-28 11:00:00,,,5304.2998046875,5305.0,5271.0,5294.2001953125,13736,
,2026-01-28 12:00:00,,,5294.39990234375,5311.7998046875,5284.2998046875,5311.7001953125,13005,
,2026-01-28 13:00:00,,,5311.60009765625,5322.10009765625,5288.7001953125,5298.60009765625,22859,
,2026-01-28 14:00:00,,,5299.0,5321.39990234375,5280.7001953125,5318.7998046875,31539,
,2026-01-28 15:00:00,,,5318.7001953125,5331.0,5266.5,5311.2998046875,52543,
,2026-01-28 16:00:00,,,5311.60009765625,5334.5,5307.5,5333.60009765625,28880,
,2026-01-28 17:00:00,,,5334.0,5341.2001953125,5316.10009765625,5332.2001953125,22438,
,2026-01-28 18:00:00,,,5332.39990234375,5360.60009765625,5301.10009765625,5317.2998046875,29811,
,2026-01-28 19:00:00,,,5315.0,5365.89990234375,5301.0,5359.10009765625,20627,
,2026-01-28 20:00:00,,,5358.60009765625,5425.10009765625,5353.39990234375,5409.39990234375,25096,
,2026-01-28 21:00:00,,,5409.7998046875,5452.7998046875,5409.39990234375,5447.7998046875,10471,
,2026-01-28 23:00:00,,,5449.89990234375,5626.7998046875,5449.39990234375,5539.39990234375,0,
,2026-01-29 00:00:00,,,5539.89990234375,5555.0,5481.39990234375,5548.5,19633,
,2026-01-29 01:00:00,,,5548.89990234375,5580.5,5472.39990234375,5574.0,25886,
,2026-01-29 02:00:00,,,5574.10009765625,5578.39990234375,5532.60009765625,5565.7001953125,15871,
,2026-01-29 03:00:00,,,5565.2001953125,5579.2998046875,5538.2001953125,5576.89990234375,12276,
,2026-01-29 04:00:00,,,5570.7998046875,5595.0,5563.7001953125,5589.7998046875,10714,
,2026-01-29 05:00:00,,,5585.5,5593.2998046875,5544.5,5590.89990234375,13796,
,2026-01-29 06:00:00,,,5591.10009765625,5625.89990234375,5583.7998046875,5591.0,15859,
,2026-01-29 07:00:00,,,5591.0,5604.0,5566.2001953125,5578.39990234375,12955,
,2026-01-29 08:00:00,,,5578.39990234375,5584.7998046875,5503.89990234375,5540.60009765625,23677,
,2026-01-29 09:00:00,,,5540.10009765625,5560.2998046875,5528.10009765625,5544.7998046875,13386,
,2026-01-29 10:00:00,,,5544.7001953125,5556.39990234375,5513.0,5514.10009765625,12294,
,2026-01-29 11:00:00,,,5514.5,5559.89990234375,5501.0,5553.5,12240,
,2026-01-29 12:00:00,,,5553.2001953125,5573.2998046875,5549.2001953125,5564.5,10412,
,2026-01-29 13:00:00,,,5565.2001953125,5571.5,5528.7998046875,5540.2998046875,19323,
,2026-01-29 14:00:00,,,5540.7001953125,5581.2998046875,5519.2998046875,5525.2998046875,42708,
,2026-01-29 15:00:00,,,5525.2998046875,5525.2998046875,5126.0,5212.89990234375,124149,
,2026-01-29 16:00:00,,,5210.7001953125,5338.89990234375,5201.5,5292.5,41840,
,2026-01-29 17:00:00,,,5292.89990234375,5404.2001953125,5292.2001953125,5364.2998046875,28595,
,2026-01-29 18:00:00,,,5364.0,5390.60009765625,5336.0,5367.7001953125,19482,
,2026-01-29 19:00:00,,,5368.60009765625,5374.2998046875,5318.7001953125,5334.10009765625,13291,
,2026-01-29 20:00:00,,,5334.7998046875,5438.60009765625,5311.0,5423.2998046875,17959,
,2026-01-29 21:00:00,,,5422.89990234375,5456.2001953125,5400.0,5410.7998046875,8391,
,2026-01-29 23:00:00,,,5410.0,5478.60009765625,5407.5,5467.60009765625,0,
,2026-01-30 00:00:00,,,5467.5,5480.2001953125,5418.2001953125,5435.2998046875,11362,
,2026-01-30 01:00:00,,,5436.0,5438.89990234375,5320.39990234375,5331.7001953125,20582,
,2026-01-30 02:00:00,,,5330.2998046875,5345.7998046875,5145.7998046875,5255.0,35979,
,2026-01-30 03:00:00,,,5254.7998046875,5259.7998046875,5176.89990234375,5225.10009765625,12685,
,2026-01-30 04:00:00,,,5224.2001953125,5354.7998046875,5222.0,5243.10009765625,5883,
,2026-01-30 05:00:00,,,5242.10009765625,5269.2001953125,5208.0,5212.39990234375,6286,
,2026-01-30 06:00:00,,,5210.7001953125,5232.7001953125,5171.39990234375,5183.89990234375,8910,
,2026-01-30 07:00:00,,,5184.10009765625,5215.0,5143.7001953125,5209.2001953125,12118,
,2026-01-30 08:00:00,,,5208.7998046875,5208.7998046875,5075.10009765625,5145.0,19132,
,2026-01-30 09:00:00,,,5143.7998046875,5161.5,4962.7001953125,5040.0,31830,
,2026-01-30 10:00:00,,,5039.2998046875,5150.2001953125,5027.0,5147.7001953125,15150,
,2026-01-30 11:00:00,,,5146.0,5173.89990234375,5114.7001953125,5164.7001953125,13555,
,2026-01-30 12:00:00,,,5165.2998046875,5175.60009765625,5082.60009765625,5092.0,13558,
,2026-01-30 13:00:00,,,5093.10009765625,5127.7998046875,5018.2998046875,5045.60009765625,23045,
,2026-01-30 14:00:00,,,5046.7001953125,5142.2998046875,5039.60009765625,5061.0,29988,
,2026-01-30 15:00:00,,,5059.7001953125,5104.0,5006.2998046875,5078.7998046875,31608,
,2026-01-30 16:00:00,,,5079.2998046875,5080.7001953125,4961.10009765625,5011.7001953125,30024,
,2026-01-30 17:00:00,,,5009.60009765625,5012.2998046875,4825.0,4874.5,46197,
,2026-01-30 18:00:00,,,4874.39990234375,4917.0,4700.39990234375,4899.60009765625,69670,
,2026-01-30 19:00:00,,,4898.2998046875,4971.89990234375,4860.0,4954.89990234375,21131,
,2026-01-30 20:00:00,,,4955.2998046875,4956.60009765625,4828.5,4870.7998046875,17193,
,2026-01-30 21:00:00,,,4871.2001953125,4917.89990234375,4855.5,4907.5,8153,
,2026-02-01 23:00:00,,,4828.5,4834.0,4705.2998046875,4764.7001953125,15367,
,2026-02-02 00:00:00,,,4765.60009765625,4905.60009765625,4763.2998046875,4790.60009765625,16050,
,2026-02-02 01:00:00,,,4791.2998046875,4809.2001953125,4604.2998046875,4764.7998046875,30605,
,2026-02-02 02:00:00,,,4758.7001953125,4797.0,4720.0,4733.2998046875,12611,
,2026-02-02 03:00:00,,,4733.39990234375,4752.7001953125,4650.0,4665.60009765625,13549,
,2026-02-02 04:00:00,,,4667.0,4734.5,4622.60009765625,4701.39990234375,11036,
,2026-02-02 05:00:00,,,4698.0,4717.10009765625,4515.0,4571.5,20293,
,2026-02-02 06:00:00,,,4573.0,4596.7001953125,4423.2001953125,4526.2001953125,22568,
,2026-02-02 07:00:00,,,4525.7998046875,4641.0,4504.89990234375,4609.5,15661,
,2026-02-02 08:00:00,,,4609.5,4674.10009765625,4579.39990234375,4662.10009765625,13712,
,2026-02-02 09:00:00,,,4661.5,4754.0,4623.0,4743.10009765625,12155,
,2026-02-02 10:00:00,,,4740.0,4757.60009765625,4678.0,4727.2998046875,10577,
,2026-02-02 11:00:00,,,4728.39990234375,4805.10009765625,4726.10009765625,4790.2998046875,12168,
,2026-02-02 12:00:00,,,4791.2001953125,4837.60009765625,4767.39990234375,4816.10009765625,11210,
,2026-02-02 13:00:00,,,4816.0,4828.0,4692.10009765625,4729.0,28219,
,2026-02-02 14:00:00,,,4729.60009765625,4818.0,4703.39990234375,4744.0,26736,
,2026-02-02 15:00:00,,,4739.5,4768.0,4638.0,4641.7001953125,24373,
,2026-02-02 16:00:00,,,4642.89990234375,4733.10009765625,4617.60009765625,4687.5,20618,
,2026-02-02 17:00:00,,,4687.5,4737.7001953125,4678.10009765625,4696.0,17772,
,2026-02-02 18:00:00,,,4695.89990234375,4696.10009765625,4639.60009765625,4679.5,16517,
,2026-02-02 19:00:00,,,4679.5,4736.0,4653.5,4707.39990234375,8451,
,2026-02-02 20:00:00,,,4707.39990234375,4723.2998046875,4671.2998046875,4676.2998046875,7834,
,2026-02-02 21:00:00,,,4677.89990234375,4712.0,4667.0,4680.89990234375,3235,
,2026-02-02 23:00:00,,,4691.0,4799.89990234375,4690.2001953125,4798.5,0,
,2026-02-03 00:00:00,,,4798.7001953125,4853.7001953125,4788.10009765625,4802.7001953125,8631,
,2026-02-03 01:00:00,,,4803.10009765625,4882.0,4788.0,4862.7001953125,10523,
,2026-02-03 02:00:00,,,4863.2001953125,4864.0,4768.5,4806.2001953125,10293,
,2026-02-03 03:00:00,,,4806.10009765625,4836.10009765625,4774.2998046875,4831.60009765625,5403,
,2026-02-03 04:00:00,,,4831.0,4848.39990234375,4822.60009765625,4832.60009765625,2820,
,2026-02-03 05:00:00,,,4832.7998046875,4865.5,4831.2998046875,4846.2998046875,4168,
,2026-02-03 06:00:00,,,4848.0,4916.0,4838.0,4903.0,8443,
,2026-02-03 07:00:00,,,4901.2001953125,4956.0,4893.0,4940.0,10850,
,2026-02-03 08:00:00,,,4940.2001953125,4975.5,4921.0,4935.7998046875,12609,
,2026-02-03 09:00:00,,,4935.7998046875,4950.0,4908.7001953125,4939.7998046875,10289,
,2026-02-03 10:00:00,,,4939.60009765625,4953.0,4922.39990234375,4924.7998046875,7412,
,2026-02-03 11:00:00,,,4925.2001953125,4941.89990234375,4905.2001953125,4938.89990234375,5909,
,2026-02-03 12:00:00,,,4939.60009765625,4959.5,4915.0,4938.2001953125,8331,
,2026-02-03 13:00:00,,,4938.39990234375,4977.7001953125,4926.7001953125,4958.0,20413,
,2026-02-03 14:00:00,,,4958.7001953125,4963.10009765625,4917.60009765625,4939.2001953125,21666,
,2026-02-03 15:00:00,,,4939.10009765625,4971.2001953125,4926.89990234375,4957.7001953125,16881,
,2026-02-03 16:00:00,,,4957.2001953125,5018.10009765625,4952.10009765625,4978.2001953125,20560,
,2026-02-03 17:00:00,,,4978.2998046875,4992.7001953125,4929.7001953125,4951.5,19867,
,2026-02-03 18:00:00,,,4951.10009765625,4977.2998046875,4900.5,4930.5,18951,
,2026-02-03 19:00:00,,,4930.2001953125,4971.89990234375,4902.0,4949.2998046875,11046,
,2026-02-03 20:00:00,,,4949.89990234375,4980.0,4924.5,4967.5,7920,
,2026-02-03 21:00:00,,,4967.10009765625,4987.5,4957.2998046875,4970.5,2613,
,2026-02-03 23:00:00,,,4966.10009765625,4997.7998046875,4930.39990234375,4968.7001953125,0,
,2026-02-04 00:00:00,,,4969.89990234375,5039.7001953125,4966.89990234375,5038.10009765625,7602,
,2026-02-04 01:00:00,,,5038.60009765625,5075.5,5006.39990234375,5067.2001953125,12502,
,2026-02-04 02:00:00,,,5067.89990234375,5086.7998046875,5055.10009765625,5061.60009765625,6794,
,2026-02-04 03:00:00,,,5060.89990234375,5094.0,5056.2001953125,5090.2998046875,4868,
,2026-02-04 04:00:00,,,5090.7001953125,5101.0,5076.2998046875,5100.2001953125,3264,
,2026-02-04 05:00:00,,,5100.10009765625,5109.2998046875,5088.5,5098.2998046875,5560,
,2026-02-04 06:00:00,,,5099.39990234375,5102.5,5071.0,5096.60009765625,7355,
,2026-02-04 07:00:00,,,5098.0,5113.5,5082.5,5106.7998046875,7432,
,2026-02-04 08:00:00,,,5106.2998046875,5113.89990234375,5091.10009765625,5106.5,6436,
,2026-02-04 09:00:00,,,5105.89990234375,5109.7001953125,5065.0,5082.2998046875,8029,
,2026-02-04 10:00:00,,,5083.10009765625,5086.89990234375,5064.7001953125,5072.2001953125,6371,
,2026-02-04 11:00:00,,,5070.7001953125,5076.89990234375,5036.0,5071.2998046875,6647,
,2026-02-04 12:00:00,,,5070.60009765625,5088.10009765625,5058.60009765625,5064.60009765625,5171,
,2026-02-04 13:00:00,,,5064.2998046875,5087.0,5045.0,5077.0,10243,
,2026-02-04 14:00:00,,,5077.7998046875,5082.5,4988.39990234375,5008.39990234375,27799,
,2026-02-04 15:00:00,,,5007.2998046875,5030.7001953125,4909.0,4943.10009765625,33383,
,2026-02-04 16:00:00,,,4943.10009765625,4964.10009765625,4867.7001953125,4926.89990234375,25838,
,2026-02-04 17:00:00,,,4926.5,4953.0,4909.60009765625,4921.2998046875,17490,
,2026-02-04 18:00:00,,,4919.60009765625,4956.89990234375,4893.89990234375,4949.7001953125,15469,
,2026-02-04 19:00:00,,,4949.7998046875,4979.39990234375,4936.7001953125,4963.5,9302,
,2026-02-04 20:00:00,,,4963.60009765625,4973.39990234375,4936.0,4961.60009765625,6067,
,2026-02-04 21:00:00,,,4960.89990234375,4994.10009765625,4960.0,4986.39990234375,1836,
,2026-02-04 23:00:00,,,4986.60009765625,5045.0,4986.60009765625,5033.39990234375,0,
,2026-02-05 00:00:00,,,5033.2001953125,5041.89990234375,5017.60009765625,5028.10009765625,4288,
,2026-02-05 01:00:00,,,5028.7001953125,5033.7001953125,4957.0,4978.2998046875,11866,
,2026-02-05 02:00:00,,,4979.2001953125,4982.10009765625,4822.60009765625,4831.0,22912,
,2026-02-05 03:00:00,,,4830.39990234375,4907.10009765625,4805.0,4898.5,12491,
,2026-02-05 04:00:00,,,4898.39990234375,4910.7998046875,4880.7998046875,4888.5,3893,
,2026-02-05 05:00:00,,,4881.7001953125,4923.7001953125,4842.0,4911.7998046875,7408,
,2026-02-05 06:00:00,,,4914.10009765625,4951.89990234375,4893.0,4938.7998046875,5889,
,2026-02-05 07:00:00,,,4937.2001953125,4960.2001953125,4914.7001953125,4934.2998046875,6507,
,2026-02-05 08:00:00,,,4934.10009765625,4962.0,4921.39990234375,4934.0,5814,
,2026-02-05 09:00:00,,,4934.39990234375,4937.10009765625,4871.10009765625,4876.89990234375,9116,
,2026-02-05 10:00:00,,,4875.89990234375,4907.60009765625,4868.0,4897.89990234375,4913,
,2026-02-05 11:00:00,,,4896.7998046875,4915.5,4885.60009765625,4889.10009765625,4140,
,2026-02-05 12:00:00,,,4889.2998046875,4899.89990234375,4831.0,4876.2001953125,12916,
,2026-02-05 13:00:00,,,4876.10009765625,4893.10009765625,4822.0,4858.2001953125,14918,
,2026-02-05 14:00:00,,,4858.0,4891.10009765625,4827.2001953125,4867.7998046875,21283,
,2026-02-05 15:00:00,,,4866.5,4888.0,4820.7998046875,4838.60009765625,20830,
,2026-02-05 16:00:00,,,4837.7998046875,4930.0,4833.5,4912.0,16183,
,2026-02-05 17:00:00,,,4910.89990234375,4913.2998046875,4881.5,4891.5,7495,
,2026-02-05 18:00:00,,,4891.39990234375,4898.39990234375,4872.7998046875,4880.39990234375,8473,
,2026-02-05 19:00:00,,,4881.2001953125,4889.0,4847.0,4852.5,5456,
,2026-02-05 20:00:00,,,4853.0,4866.2001953125,4814.60009765625,4833.60009765625,8194,
,2026-02-05 21:00:00,,,4833.2001953125,4848.5,4779.60009765625,4798.10009765625,8870,
,2026-02-05 23:00:00,,,4800.0,4815.89990234375,4721.2001953125,4722.0,0,
,2026-02-06 00:00:00,,,4722.0,4781.7001953125,4670.0,4779.89990234375,17110,
,2026-02-06 01:00:00,,,4779.10009765625,4803.39990234375,4710.0,4792.10009765625,11834,
,2026-02-06 02:00:00,,,4792.7001953125,4863.5,4777.7998046875,4833.5,10104,
,2026-02-06 03:00:00,,,4832.5,4856.39990234375,4816.7001953125,4841.10009765625,4063,
,2026-02-06 04:00:00,,,4842.0,4848.89990234375,4823.89990234375,4831.89990234375,1665,
,2026-02-06 05:00:00,,,4830.39990234375,4916.2001953125,4824.5,4915.2998046875,7342,
,2026-02-06 06:00:00,,,4916.2998046875,4921.60009765625,4841.0,4865.60009765625,7624,
,2026-02-06 07:00:00,,,4865.0,4881.89990234375,4856.7998046875,4862.2998046875,4156,
,2026-02-06 08:00:00,,,4861.60009765625,4904.5,4849.5,4884.7998046875,5998,
,2026-02-06 09:00:00,,,4884.10009765625,4896.5,4862.2001953125,4889.5,4583,
,2026-02-06 10:00:00,,,4888.0,4901.7001953125,4872.60009765625,4899.89990234375,3696,
,2026-02-06 11:00:00,,,4899.7001953125,4918.7001953125,4885.60009765625,4909.10009765625,4559,
,2026-02-06 12:00:00,,,4910.10009765625,4926.0,4892.0,4921.7001953125,7041,
,2026-02-06 13:00:00,,,4922.0,4961.0,4918.2001953125,4951.0,11464,
,2026-02-06 14:00:00,,,4951.7001953125,4973.7001953125,4916.2001953125,4972.5,14712,
,2026-02-06 15:00:00,,,4970.7998046875,4988.7998046875,4951.2001953125,4967.60009765625,12299,
,2026-02-06 16:00:00,,,4967.7998046875,4978.0,4945.0,4975.2998046875,7501,
,2026-02-06 17:00:00,,,4975.2998046875,4992.89990234375,4972.2001953125,4984.2998046875,7007,
,2026-02-06 18:00:00,,,4984.7998046875,4995.60009765625,4967.89990234375,4986.2998046875,7843,
,2026-02-06 19:00:00,,,4986.2998046875,4987.0,4971.7998046875,4980.7001953125,3083,
,2026-02-06 20:00:00,,,4980.39990234375,4983.0,4960.39990234375,4977.2001953125,4524,
,2026-02-06 21:00:00,,,4977.2001953125,4992.10009765625,4970.10009765625,4979.7998046875,2361,
1.0,2026-02-08 23:00:00,2026-02-08,23:00:00,5000.0,5069.0,4991.2998046875,5057.39990234375,6457,2.0
2.0,2026-02-09 00:00:00,2026-02-09,00:00:00,5057.5,5068.0,5033.10009765625,5041.2001953125,3871,2.0
3.0,2026-02-09 01:00:00,2026-02-09,01:00:00,5042.10009765625,5064.2001953125,4997.0,5002.2998046875,7071,2.0
4.0,2026-02-09 02:00:00,2026-02-09,02:00:00,5002.39990234375,5037.2001953125,4989.2998046875,5026.60009765625,4859,2.0
5.0,2026-02-09 03:00:00,2026-02-09,03:00:00,5026.5,5051.7998046875,5025.7998046875,5037.10009765625,2817,2.0
6.0,2026-02-09 04:00:00,2026-02-09,04:00:00,5036.5,5045.60009765625,5028.7001953125,5034.7001953125,1638,2.0
7.0,2026-02-09 05:00:00,2026-02-09,05:00:00,5034.0,5063.10009765625,5032.39990234375,5058.0,2666,2.0
8.0,2026-02-09 06:00:00,2026-02-09,06:00:00,5058.60009765625,5067.60009765625,5035.10009765625,5052.39990234375,3922,2.0
9.0,2026-02-09 07:00:00,2026-02-09,07:00:00,5052.5,5052.5,5015.2001953125,5027.2001953125,4089,2.0
10.0,2026-02-09 08:00:00,2026-02-09,08:00:00,5026.7998046875,5057.0,5023.89990234375,5048.10009765625,3516,2.0
11.0,2026-02-09 09:00:00,2026-02-09,09:00:00,5048.7001953125,5062.60009765625,5023.60009765625,5028.2001953125,3814,2.0
12.0,2026-02-09 10:00:00,2026-02-09,10:00:00,5028.5,5036.89990234375,5002.60009765625,5011.2998046875,5560,2.0
13.0,2026-02-09 11:00:00,2026-02-09,11:00:00,5011.5,5040.0,5009.2001953125,5031.10009765625,2963,2.0
14.0,2026-02-09 12:00:00,2026-02-09,12:00:00,5032.0,5043.60009765625,5028.2998046875,5035.7001953125,2809,2.0
15.0,2026-02-09 13:00:00,2026-02-09,13:00:00,5035.39990234375,5046.7998046875,5016.89990234375,5028.89990234375,6500,2.0
16.0,2026-02-09 14:00:00,2026-02-09,14:00:00,5028.39990234375,5063.2998046875,5023.7998046875,5059.60009765625,9817,2.0
17.0,2026-02-09 15:00:00,2026-02-09,15:00:00,5059.5,5084.39990234375,5045.60009765625,5082.2001953125,10311,2.0
18.0,2026-02-09 16:00:00,2026-02-09,16:00:00,5082.60009765625,5106.7998046875,5079.7998046875,5096.89990234375,10426,2.0
19.0,2026-02-09 17:00:00,2026-02-09,17:00:00,5097.7998046875,5099.7001953125,5064.39990234375,5069.7998046875,6127,2.0
20.0,2026-02-09 18:00:00,2026-02-09,18:00:00,5070.60009765625,5088.39990234375,5068.5,5087.0,7065,2.0
21.0,2026-02-09 19:00:00,2026-02-09,19:00:00,5086.89990234375,5104.0,5086.5,5098.39990234375,3210,2.0
22.0,2026-02-09 20:00:00,2026-02-09,20:00:00,5098.2998046875,5111.10009765625,5096.60009765625,5102.89990234375,4015,2.0
23.0,2026-02-09 21:00:00,2026-02-09,21:00:00,5103.60009765625,5107.10009765625,5072.5,5084.2001953125,2351,2.0
24.0,2026-02-09 23:00:00,2026-02-09,23:00:00,5084.2998046875,5100.89990234375,5011.0,5055.2998046875,0,2.0
25.0,2026-02-10 00:00:00,2026-02-10,00:00:00,5056.39990234375,5073.0,5031.0,5042.60009765625,2729,2.0
26.0,2026-02-10 01:00:00,2026-02-10,01:00:00,5042.89990234375,5062.0,5035.5,5054.89990234375,3609,2.0
27.0,2026-02-10 02:00:00,2026-02-10,02:00:00,5055.10009765625,5079.0,5053.2001953125,5061.2001953125,2939,2.0
28.0,2026-02-10 03:00:00,2026-02-10,03:00:00,5059.0,5060.7001953125,5036.5,5051.5,2451,2.0
29.0,2026-02-10 04:00:00,2026-02-10,04:00:00,5052.39990234375,5056.2998046875,5039.5,5052.7998046875,1284,2.0
30.0,2026-02-10 05:00:00,2026-02-10,05:00:00,5052.89990234375,5064.0,5032.7998046875,5061.89990234375,2500,2.0
31.0,2026-02-10 06:00:00,2026-02-10,06:00:00,5061.39990234375,5068.39990234375,5041.0,5045.7998046875,2190,2.0
32.0,2026-02-10 07:00:00,2026-02-10,07:00:00,5045.7001953125,5057.10009765625,5040.0,5055.2998046875,2074,2.0
33.0,2026-02-10 08:00:00,2026-02-10,08:00:00,5054.5,5077.10009765625,5049.60009765625,5063.7998046875,3115,2.0
34.0,2026-02-10 09:00:00,2026-02-10,09:00:00,5063.60009765625,5085.2998046875,5062.60009765625,5068.5,3514,2.0
35.0,2026-02-10 10:00:00,2026-02-10,10:00:00,5068.60009765625,5081.2998046875,5059.89990234375,5070.2001953125,4846,2.0
36.0,2026-02-10 11:00:00,2026-02-10,11:00:00,5069.5,5081.0,5067.39990234375,5079.0,2410,2.0
37.0,2026-02-10 12:00:00,2026-02-10,12:00:00,5079.7001953125,5080.7001953125,5042.0,5054.89990234375,5392,2.0
38.0,2026-02-10 13:00:00,2026-02-10,13:00:00,5055.0,5082.39990234375,5048.60009765625,5074.10009765625,6628,2.0
39.0,2026-02-10 14:00:00,2026-02-10,14:00:00,5074.10009765625,5102.7001953125,5043.2001953125,5063.0,13131,2.0
40.0,2026-02-10 15:00:00,2026-02-10,15:00:00,5062.0,5070.89990234375,5021.2998046875,5041.60009765625,12477,2.0
41.0,2026-02-10 16:00:00,2026-02-10,16:00:00,5042.7001953125,5049.7001953125,5028.2001953125,5046.5,6430,2.0
42.0,2026-02-10 17:00:00,2026-02-10,17:00:00,5046.39990234375,5064.0,5043.60009765625,5049.7001953125,4121,2.0
43.0,2026-02-10 18:00:00,2026-02-10,18:00:00,5049.10009765625,5051.2998046875,5026.7001953125,5036.0,6989,2.0
44.0,2026-02-10 19:00:00,2026-02-10,19:00:00,5035.2998046875,5053.2001953125,5031.39990234375,5050.7998046875,2822,2.0
45.0,2026-02-10 20:00:00,2026-02-10,20:00:00,5050.5,5068.89990234375,5042.89990234375,5052.89990234375,3995,2.0
46.0,2026-02-10 21:00:00,2026-02-10,21:00:00,5052.0,5055.0,5043.0,5047.89990234375,1089,2.0
47.0,2026-02-10 23:00:00,2026-02-10,23:00:00,5048.0,5077.39990234375,5046.2998046875,5064.10009765625,0,2.0
48.0,2026-02-11 00:00:00,2026-02-11,00:00:00,5064.7001953125,5072.10009765625,5050.89990234375,5060.89990234375,2166,2.0
49.0,2026-02-11 01:00:00,2026-02-11,01:00:00,5060.39990234375,5075.89990234375,5053.39990234375,5075.0,2365,2.0
50.0,2026-02-11 02:00:00,2026-02-11,02:00:00,5075.60009765625,5081.0,5055.60009765625,5079.2001953125,2503,2.0
51.0,2026-02-11 03:00:00,2026-02-11,03:00:00,5078.60009765625,5085.0,5068.2001953125,5079.0,2024,2.0
52.0,2026-02-11 04:00:00,2026-02-11,04:00:00,5078.60009765625,5083.7001953125,5070.0,5073.2001953125,1272,2.0
53.0,2026-02-11 05:00:00,2026-02-11,05:00:00,5071.2001953125,5088.10009765625,5067.60009765625,5076.7998046875,2430,2.0
54.0,2026-02-11 06:00:00,2026-02-11,06:00:00,5076.60009765625,5088.7998046875,5073.60009765625,5088.2998046875,2169,2.0
55.0,2026-02-11 07:00:00,2026-02-11,07:00:00,5088.39990234375,5093.2998046875,5072.2001953125,5078.7001953125,5930,2.0
56.0,2026-02-11 08:00:00,2026-02-11,08:00:00,5078.89990234375,5084.10009765625,5068.7998046875,5077.0,2218,2.0
57.0,2026-02-11 09:00:00,2026-02-11,09:00:00,5077.39990234375,5095.89990234375,5070.39990234375,5086.60009765625,3770,2.0
58.0,2026-02-11 10:00:00,2026-02-11,10:00:00,5086.5,5128.7998046875,5086.0,5118.60009765625,9425,2.0
59.0,2026-02-11 11:00:00,2026-02-11,11:00:00,5118.7998046875,5141.7998046875,5107.39990234375,5136.7998046875,6612,2.0
60.0,2026-02-11 12:00:00,2026-02-11,12:00:00,5137.39990234375,5144.5,5071.39990234375,5107.2001953125,11454,2.0
61.0,2026-02-11 13:00:00,2026-02-11,13:00:00,5107.5,5115.0,5036.2998046875,5089.60009765625,16452,2.0
62.0,2026-02-11 14:00:00,2026-02-11,14:00:00,5088.2001953125,5107.10009765625,5058.7001953125,5082.2998046875,10920,2.0
63.0,2026-02-11 15:00:00,2026-02-11,15:00:00,5082.2998046875,5105.5,5062.0,5084.2001953125,10824,2.0
64.0,2026-02-11 16:00:00,2026-02-11,16:00:00,5083.10009765625,5101.7998046875,5065.5,5099.2001953125,6992,2.0
65.0,2026-02-11 17:00:00,2026-02-11,17:00:00,5098.7001953125,5123.39990234375,5091.39990234375,5116.5,7602,2.0
66.0,2026-02-11 18:00:00,2026-02-11,18:00:00,5115.7998046875,5117.89990234375,5090.10009765625,5107.39990234375,9363,2.0
67.0,2026-02-11 19:00:00,2026-02-11,19:00:00,5107.7998046875,5119.39990234375,5101.10009765625,5106.5,3511,2.0
68.0,2026-02-11 20:00:00,2026-02-11,20:00:00,5106.2001953125,5114.7998046875,5102.39990234375,5111.39990234375,1845,2.0
69.0,2026-02-11 21:00:00,2026-02-11,21:00:00,5111.39990234375,5118.0,5094.10009765625,5107.7998046875,1800,2.0
70.0,2026-02-11 23:00:00,2026-02-11,23:00:00,5107.2998046875,5122.7998046875,5074.0,5083.5,0,2.0
71.0,2026-02-12 00:00:00,2026-02-12,00:00:00,5083.5,5090.0,5071.0,5084.89990234375,2347,2.0
72.0,2026-02-12 01:00:00,2026-02-12,01:00:00,5083.0,5085.7998046875,5065.0,5084.7998046875,2821,2.0
73.0,2026-02-12 02:00:00,2026-02-12,02:00:00,5084.89990234375,5094.0,5075.5,5086.7001953125,2028,2.0
74.0,2026-02-12 03:00:00,2026-02-12,03:00:00,5085.7001953125,5096.0,5075.7001953125,5078.2001953125,1797,2.0
75.0,2026-02-12 04:00:00,2026-02-12,04:00:00,5077.7001953125,5091.10009765625,5072.2001953125,5090.39990234375,1115,2.0
76.0,2026-02-12 05:00:00,2026-02-12,05:00:00,5090.0,5099.2998046875,5085.7001953125,5096.2998046875,2409,2.0
77.0,2026-02-12 06:00:00,2026-02-12,06:00:00,5097.2001953125,5097.7998046875,5068.89990234375,5081.10009765625,3276,2.0
78.0,2026-02-12 07:00:00,2026-02-12,07:00:00,5080.89990234375,5087.5,5073.60009765625,5085.2998046875,2198,2.0
79.0,2026-02-12 08:00:00,2026-02-12,08:00:00,5085.7001953125,5095.0,5073.5,5090.0,3030,2.0
80.0,2026-02-12 09:00:00,2026-02-12,09:00:00,5089.5,5102.5,5087.2998046875,5095.0,3191,2.0
81.0,2026-02-12 10:00:00,2026-02-12,10:00:00,5094.7998046875,5099.2998046875,5077.0,5083.7998046875,4105,2.0
82.0,2026-02-12 11:00:00,2026-02-12,11:00:00,5084.0,5090.2001953125,5080.60009765625,5085.60009765625,1553,2.0
83.0,2026-02-12 12:00:00,2026-02-12,12:00:00,5086.5,5090.7998046875,5070.60009765625,5074.2001953125,3673,2.0
84.0,2026-02-12 13:00:00,2026-02-12,13:00:00,5074.39990234375,5106.7001953125,5073.10009765625,5098.2001953125,6855,2.0
85.0,2026-02-12 14:00:00,2026-02-12,14:00:00,5098.2001953125,5101.10009765625,5061.2998046875,5067.0,11711,2.0
86.0,2026-02-12 15:00:00,2026-02-12,15:00:00,5066.39990234375,5098.0,5061.7001953125,5083.89990234375,10454,2.0
87.0,2026-02-12 16:00:00,2026-02-12,16:00:00,5083.5,5091.60009765625,4900.0,4976.2998046875,51512,2.0
88.0,2026-02-12 17:00:00,2026-02-12,17:00:00,4974.5,5004.39990234375,4959.89990234375,4961.5,13967,2.0
89.0,2026-02-12 18:00:00,2026-02-12,18:00:00,4961.7001953125,4972.39990234375,4926.89990234375,4955.89990234375,13114,2.0
90.0,2026-02-12 19:00:00,2026-02-12,19:00:00,4956.10009765625,4978.2998046875,4947.10009765625,4965.0,4519,2.0
91.0,2026-02-12 20:00:00,2026-02-12,20:00:00,4965.2998046875,4968.39990234375,4931.0,4935.10009765625,4631,2.0
92.0,2026-02-12 21:00:00,2026-02-12,21:00:00,4935.7001953125,4947.2998046875,4932.0,4941.39990234375,2314,2.0
93.0,2026-02-12 23:00:00,2026-02-12,23:00:00,4950.0,4951.5,4907.10009765625,4939.7001953125,0,2.0
94.0,2026-02-13 00:00:00,2026-02-13,00:00:00,4938.5,4967.7001953125,4932.10009765625,4946.7001953125,3143,2.0
95.0,2026-02-13 01:00:00,2026-02-13,01:00:00,4946.7001953125,5007.7998046875,4945.60009765625,4999.7998046875,5529,2.0
96.0,2026-02-13 02:00:00,2026-02-13,02:00:00,5000.2998046875,5011.0,4991.0,5008.0,2966,2.0
97.0,2026-02-13 03:00:00,2026-02-13,03:00:00,5007.7998046875,5008.5,4992.0,5001.60009765625,1483,2.0
98.0,2026-02-13 04:00:00,2026-02-13,04:00:00,5000.0,5016.39990234375,4991.7001953125,4994.0,1415,2.0
99.0,2026-02-13 05:00:00,2026-02-13,05:00:00,4996.10009765625,5005.39990234375,4963.2001953125,4965.39990234375,3484,2.0
100.0,2026-02-13 06:00:00,2026-02-13,06:00:00,4964.60009765625,4988.0,4964.39990234375,4986.7001953125,3082,2.0
101.0,2026-02-13 07:00:00,2026-02-13,07:00:00,4985.89990234375,5001.89990234375,4970.0,4994.60009765625,4245,2.0
102.0,2026-02-13 08:00:00,2026-02-13,08:00:00,4995.0,5009.5,4990.0,5001.89990234375,3173,2.0
103.0,2026-02-13 09:00:00,2026-02-13,09:00:00,5002.7998046875,5002.7998046875,4981.2001953125,4990.10009765625,2990,2.0
104.0,2026-02-13 10:00:00,2026-02-13,10:00:00,4990.0,5000.89990234375,4967.2001953125,4970.7998046875,4740,2.0
105.0,2026-02-13 11:00:00,2026-02-13,11:00:00,4970.7998046875,4975.0,4952.7998046875,4973.39990234375,5683,2.0
106.0,2026-02-13 12:00:00,2026-02-13,12:00:00,4973.10009765625,4994.0,4971.7998046875,4988.7998046875,3926,2.0
107.0,2026-02-13 13:00:00,2026-02-13,13:00:00,4990.0,5024.5,4977.10009765625,5008.39990234375,10236,2.0
108.0,2026-02-13 14:00:00,2026-02-13,14:00:00,5007.2001953125,5036.7001953125,4986.10009765625,5017.39990234375,13825,2.0
109.0,2026-02-13 15:00:00,2026-02-13,15:00:00,5017.39990234375,5043.2998046875,4995.2001953125,4998.7001953125,12004,2.0
110.0,2026-02-13 16:00:00,2026-02-13,16:00:00,4999.0,5056.7998046875,4997.39990234375,5030.0,11191,2.0
111.0,2026-02-13 17:00:00,2026-02-13,17:00:00,5030.0,5051.5,5027.7998046875,5043.5,4925,2.0
112.0,2026-02-13 18:00:00,2026-02-13,18:00:00,5043.5,5058.89990234375,5038.0,5054.10009765625,6344,2.0
113.0,2026-02-13 19:00:00,2026-02-13,19:00:00,5054.7001953125,5069.10009765625,5046.39990234375,5046.39990234375,4536,2.0
114.0,2026-02-13 20:00:00,2026-02-13,20:00:00,5046.2001953125,5057.10009765625,5043.2998046875,5054.0,4187,2.0
115.0,2026-02-13 21:00:00,2026-02-13,21:00:00,5053.89990234375,5067.39990234375,5046.2998046875,5046.2998046875,1712,2.0
116.0,2026-02-15 23:00:00,2026-02-15,23:00:00,5046.2998046875,5051.60009765625,5031.60009765625,5038.5,917,2.0
117.0,2026-02-16 00:00:00,2026-02-16,00:00:00,5038.39990234375,5043.0,5018.2001953125,5035.0,1713,2.0
118.0,2026-02-16 01:00:00,2026-02-16,01:00:00,5034.10009765625,5051.39990234375,5026.39990234375,5047.60009765625,1387,2.0
119.0,2026-02-16 02:00:00,2026-02-16,02:00:00,5048.39990234375,5051.0,5011.2998046875,5014.7998046875,2108,2.0
120.0,2026-02-16 03:00:00,2026-02-16,03:00:00,5013.7001953125,5019.5,4986.0,5007.2001953125,2652,2.0
121.0,2026-02-16 04:00:00,2026-02-16,04:00:00,5006.2001953125,5012.2001953125,4988.0,4994.7001953125,2082,2.0
122.0,2026-02-17 05:00:00,2026-02-17,05:00:00,4970.7998046875,4972.2998046875,4875.2001953125,4906.89990234375,10392,2.0
123.0,2026-02-17 06:00:00,2026-02-17,06:00:00,4906.7001953125,4932.89990234375,4905.10009765625,4930.0,3806,2.0
124.0,2026-02-17 07:00:00,2026-02-17,07:00:00,4928.5,4941.7001953125,4922.2998046875,4935.7998046875,2829,2.0
125.0,2026-02-17 08:00:00,2026-02-17,08:00:00,4936.0,4949.39990234375,4934.7998046875,4939.5,2718,2.0
126.0,2026-02-17 09:00:00,2026-02-17,09:00:00,4939.0,4951.60009765625,4926.2998046875,4945.2001953125,3072,2.0
127.0,2026-02-17 10:00:00,2026-02-17,10:00:00,4944.60009765625,4959.5,4927.10009765625,4932.10009765625,4390,2.0
128.0,2026-02-17 11:00:00,2026-02-17,11:00:00,4932.5,4950.2998046875,4932.5,4948.7001953125,2585,2.0
129.0,2026-02-17 12:00:00,2026-02-17,12:00:00,4948.39990234375,4964.0,4947.5,4951.60009765625,3865,2.0
130.0,2026-02-17 13:00:00,2026-02-17,13:00:00,4951.2998046875,4953.0,4887.7998046875,4889.39990234375,11869,2.0
131.0,2026-02-17 14:00:00,2026-02-17,14:00:00,4888.7001953125,4926.2998046875,4854.2001953125,4881.2998046875,21246,2.0
132.0,2026-02-17 15:00:00,2026-02-17,15:00:00,4880.7998046875,4902.10009765625,4867.0,4897.2001953125,9723,2.0
133.0,2026-02-17 16:00:00,2026-02-17,16:00:00,4897.10009765625,4913.0,4886.7998046875,4887.7001953125,7222,2.0
134.0,2026-02-17 17:00:00,2026-02-17,17:00:00,4887.5,4890.0,4868.0,4884.0,6932,2.0
135.0,2026-02-17 18:00:00,2026-02-17,18:00:00,4883.5,4931.0,4881.10009765625,4917.7001953125,8956,2.0
136.0,2026-02-17 19:00:00,2026-02-17,19:00:00,4917.89990234375,4920.60009765625,4895.2001953125,4899.2998046875,3130,2.0
137.0,2026-02-17 20:00:00,2026-02-17,20:00:00,4899.2001953125,4902.60009765625,4891.7001953125,4896.7001953125,2072,2.0
138.0,2026-02-17 21:00:00,2026-02-17,21:00:00,4896.2001953125,4905.2001953125,4893.5,4896.10009765625,1097,2.0
139.0,2026-02-17 23:00:00,2026-02-17,23:00:00,4898.5,4902.2001953125,4868.5,4876.89990234375,0,2.0
140.0,2026-02-18 00:00:00,2026-02-18,00:00:00,4876.0,4901.2001953125,4875.7998046875,4891.7998046875,1748,2.0
141.0,2026-02-18 01:00:00,2026-02-18,01:00:00,4891.7998046875,4911.7001953125,4891.7998046875,4908.0,2132,2.0
142.0,2026-02-18 02:00:00,2026-02-18,02:00:00,4907.2998046875,4925.7998046875,4904.60009765625,4923.7998046875,1750,2.0
143.0,2026-02-18 03:00:00,2026-02-18,03:00:00,4924.0,4940.60009765625,4922.7001953125,4939.5,1742,2.0
144.0,2026-02-18 04:00:00,2026-02-18,04:00:00,4939.10009765625,4961.7998046875,4937.0,4951.60009765625,1792,2.0
145.0,2026-02-18 05:00:00,2026-02-18,05:00:00,4953.5,4959.10009765625,4949.2001953125,4952.39990234375,1050,2.0
146.0,2026-02-18 06:00:00,2026-02-18,06:00:00,4952.7001953125,4955.2998046875,4944.2001953125,4949.7001953125,1448,2.0
147.0,2026-02-18 07:00:00,2026-02-18,07:00:00,4949.60009765625,4962.2001953125,4948.60009765625,4949.5,2058,2.0
148.0,2026-02-18 08:00:00,2026-02-18,08:00:00,4950.2001953125,4953.2001953125,4936.2998046875,4937.7001953125,3508,2.0
149.0,2026-02-18 09:00:00,2026-02-18,09:00:00,4937.5,4943.5,4933.10009765625,4937.89990234375,3167,2.0
150.0,2026-02-18 10:00:00,2026-02-18,10:00:00,4937.39990234375,4945.39990234375,4929.2998046875,4935.0,3836,2.0
151.0,2026-02-18 11:00:00,2026-02-18,11:00:00,4934.5,4938.2001953125,4925.89990234375,4933.39990234375,2167,2.0
152.0,2026-02-18 12:00:00,2026-02-18,12:00:00,4932.7001953125,4967.5,4931.89990234375,4963.5,6203,2.0
153.0,2026-02-18 13:00:00,2026-02-18,13:00:00,4963.2998046875,4989.7998046875,4962.89990234375,4974.2001953125,10511,2.0
154.0,2026-02-18 14:00:00,2026-02-18,14:00:00,4975.0,5015.5,4972.60009765625,5012.2998046875,10946,2.0
155.0,2026-02-18 15:00:00,2026-02-18,15:00:00,5012.10009765625,5029.60009765625,5011.7001953125,5018.7998046875,11786,2.0
156.0,2026-02-18 16:00:00,2026-02-18,16:00:00,5018.89990234375,5031.89990234375,5011.5,5021.2001953125,6278,2.0
157.0,2026-02-18 17:00:00,2026-02-18,17:00:00,5021.39990234375,5022.7998046875,5014.2001953125,5020.10009765625,4022,2.0
158.0,2026-02-18 18:00:00,2026-02-18,18:00:00,5020.2001953125,5024.2001953125,5001.2001953125,5008.2001953125,6113,2.0
159.0,2026-02-18 19:00:00,2026-02-18,19:00:00,5007.60009765625,5016.39990234375,4993.7001953125,5000.7001953125,5046,2.0
160.0,2026-02-18 20:00:00,2026-02-18,20:00:00,5000.7001953125,5008.39990234375,4995.89990234375,5005.2998046875,2738,2.0
161.0,2026-02-18 21:00:00,2026-02-18,21:00:00,5004.89990234375,5006.7001953125,4995.60009765625,4996.10009765625,846,2.0
162.0,2026-02-18 23:00:00,2026-02-18,23:00:00,4993.7001953125,5007.7998046875,4971.5,4994.7998046875,0,2.0
163.0,2026-02-19 00:00:00,2026-02-19,00:00:00,4994.60009765625,4994.7998046875,4978.5,4980.2001953125,1684,2.0
164.0,2026-02-19 01:00:00,2026-02-19,01:00:00,4980.2001953125,4995.0,4979.10009765625,4992.10009765625,1184,2.0
165.0,2026-02-19 02:00:00,2026-02-19,02:00:00,4992.7001953125,4996.2001953125,4984.89990234375,4986.89990234375,1039,2.0
166.0,2026-02-19 03:00:00,2026-02-19,03:00:00,4986.89990234375,5002.60009765625,4985.2001953125,5000.39990234375,1638,2.0
167.0,2026-02-19 04:00:00,2026-02-19,04:00:00,5000.0,5004.7001953125,4995.2998046875,5002.7998046875,1162,2.0
168.0,2026-02-19 05:00:00,2026-02-19,05:00:00,5002.5,5017.60009765625,5002.5,5015.5,1530,2.0
169.0,2026-02-19 06:00:00,2026-02-19,06:00:00,5015.10009765625,5038.0,5014.39990234375,5035.39990234375,2594,2.0
170.0,2026-02-19 07:00:00,2026-02-19,07:00:00,5036.5,5039.7998046875,5026.89990234375,5028.0,2242,2.0
171.0,2026-02-19 08:00:00,2026-02-19,08:00:00,5028.0,5040.89990234375,5023.89990234375,5035.5,2642,2.0
172.0,2026-02-19 09:00:00,2026-02-19,09:00:00,5035.7998046875,5039.10009765625,5012.0,5014.39990234375,4046,2.0
173.0,2026-02-19 10:00:00,2026-02-19,10:00:00,5014.39990234375,5015.2001953125,5000.7001953125,5013.0,4185,2.0
174.0,2026-02-19 11:00:00,2026-02-19,11:00:00,5013.0,5016.7998046875,4997.10009765625,5003.2998046875,3820,2.0
175.0,2026-02-19 12:00:00,2026-02-19,12:00:00,5003.7998046875,5012.0,4999.7998046875,5004.39990234375,2918,2.0
176.0,2026-02-19 13:00:00,2026-02-19,13:00:00,5005.10009765625,5018.5,4990.10009765625,5016.60009765625,5679,2.0
177.0,2026-02-19 14:00:00,2026-02-19,14:00:00,5016.5,5029.60009765625,4982.0,5024.60009765625,10993,2.0
178.0,2026-02-19 15:00:00,2026-02-19,15:00:00,5025.2001953125,5042.7998046875,5014.7001953125,5033.39990234375,11551,2.0
179.0,2026-02-19 16:00:00,2026-02-19,16:00:00,5033.89990234375,5034.2001953125,5008.7998046875,5014.2001953125,6747,2.0
180.0,2026-02-19 17:00:00,2026-02-19,17:00:00,5014.2001953125,5021.10009765625,5001.89990234375,5004.2001953125,3945,2.0
181.0,2026-02-19 18:00:00,2026-02-19,18:00:00,5004.5,5008.7998046875,4994.0,5000.7001953125,4998,2.0
182.0,2026-02-19 19:00:00,2026-02-19,19:00:00,5000.7001953125,5009.7001953125,4996.7998046875,5006.5,2219,2.0
183.0,2026-02-19 20:00:00,2026-02-19,20:00:00,5006.89990234375,5022.2001953125,5006.89990234375,5020.60009765625,2448,2.0
184.0,2026-02-19 21:00:00,2026-02-19,21:00:00,5020.7001953125,5022.7998046875,5010.2001953125,5015.5,1675,2.0
185.0,2026-02-19 23:00:00,2026-02-19,23:00:00,5015.0,5026.5,5003.5,5005.60009765625,0,2.0
186.0,2026-02-20 00:00:00,2026-02-20,00:00:00,5006.39990234375,5025.5,5003.5,5024.5,1024,2.0
187.0,2026-02-20 01:00:00,2026-02-20,01:00:00,5024.60009765625,5033.39990234375,5012.89990234375,5016.7998046875,2111,2.0
188.0,2026-02-20 02:00:00,2026-02-20,02:00:00,5015.5,5025.7001953125,5010.60009765625,5013.7001953125,1747,2.0
189.0,2026-02-20 03:00:00,2026-02-20,03:00:00,5013.7001953125,5017.2001953125,4999.2998046875,5006.0,1783,2.0
190.0,2026-02-20 04:00:00,2026-02-20,04:00:00,5005.60009765625,5021.2001953125,5004.2001953125,5017.5,704,2.0
191.0,2026-02-20 05:00:00,2026-02-20,05:00:00,5018.10009765625,5030.10009765625,5015.89990234375,5030.10009765625,1447,2.0
192.0,2026-02-20 06:00:00,2026-02-20,06:00:00,5030.5,5048.89990234375,5029.7001953125,5039.60009765625,2923,2.0
193.0,2026-02-20 07:00:00,2026-02-20,07:00:00,5040.2998046875,5047.2998046875,5024.60009765625,5025.2998046875,3379,2.0
194.0,2026-02-20 08:00:00,2026-02-20,08:00:00,5025.60009765625,5050.60009765625,5023.7998046875,5048.7001953125,4073,2.0
195.0,2026-02-20 09:00:00,2026-02-20,09:00:00,5048.5,5063.0,5046.89990234375,5047.60009765625,4924,2.0
196.0,2026-02-20 10:00:00,2026-02-20,10:00:00,5047.7998046875,5058.10009765625,5038.5,5054.60009765625,4755,2.0
197.0,2026-02-20 11:00:00,2026-02-20,11:00:00,5054.7001953125,5054.7998046875,5034.7001953125,5036.7998046875,4381,2.0
198.0,2026-02-20 12:00:00,2026-02-20,12:00:00,5037.0,5045.60009765625,5025.7001953125,5044.5,5994,2.0
199.0,2026-02-20 13:00:00,2026-02-20,13:00:00,5044.10009765625,5068.7001953125,5037.7001953125,5063.5,7198,2.0
200.0,2026-02-20 14:00:00,2026-02-20,14:00:00,5063.10009765625,5081.2001953125,5056.7998046875,5074.7998046875,13288,2.0
201.0,2026-02-20 15:00:00,2026-02-20,15:00:00,5073.60009765625,5084.5,5005.5,5062.2998046875,24846,2.0
202.0,2026-02-20 16:00:00,2026-02-20,16:00:00,5062.2998046875,5089.7998046875,5058.2001953125,5087.0,9358,2.0
203.0,2026-02-20 17:00:00,2026-02-20,17:00:00,5087.0,5097.2998046875,5075.2001953125,5093.7001953125,8471,2.0
204.0,2026-02-20 18:00:00,2026-02-20,18:00:00,5093.7001953125,5097.0,5075.10009765625,5094.0,10467,2.0
205.0,2026-02-20 19:00:00,2026-02-20,19:00:00,5093.60009765625,5104.60009765625,5091.10009765625,5102.39990234375,4598,2.0
206.0,2026-02-20 20:00:00,2026-02-20,20:00:00,5102.2998046875,5120.7001953125,5099.7998046875,5119.39990234375,5258,2.0
207.0,2026-02-20 21:00:00,2026-02-20,21:00:00,5119.5,5131.0,5080.89990234375,5080.89990234375,3745,2.0
208.0,2026-02-22 23:00:00,2026-02-22,23:00:00,5157.0,5194.2001953125,5157.0,5187.2001953125,5616,2.0
209.0,2026-02-23 00:00:00,2026-02-23,00:00:00,5187.0,5188.5,5151.0,5165.89990234375,7692,2.0
210.0,2026-02-23 01:00:00,2026-02-23,01:00:00,5166.2998046875,5190.0,5161.60009765625,5179.39990234375,3469,2.0
211.0,2026-02-23 02:00:00,2026-02-23,02:00:00,5179.10009765625,5198.7998046875,5178.7998046875,5195.0,3198,2.0
212.0,2026-02-23 03:00:00,2026-02-23,03:00:00,5195.2001953125,5197.60009765625,5173.2001953125,5188.39990234375,3172,2.0
213.0,2026-02-23 04:00:00,2026-02-23,04:00:00,5188.2998046875,5190.2998046875,5177.2998046875,5181.2998046875,1696,2.0
214.0,2026-02-23 05:00:00,2026-02-23,05:00:00,5182.0,5183.2998046875,5173.89990234375,5179.89990234375,1702,2.0
215.0,2026-02-23 06:00:00,2026-02-23,06:00:00,5180.2998046875,5183.2001953125,5166.10009765625,5167.2998046875,2509,2.0
216.0,2026-02-23 07:00:00,2026-02-23,07:00:00,5167.39990234375,5176.2998046875,5145.10009765625,5157.60009765625,6027,2.0
217.0,2026-02-23 08:00:00,2026-02-23,08:00:00,5157.5,5162.89990234375,5142.7998046875,5161.0,4541,2.0
218.0,2026-02-23 09:00:00,2026-02-23,09:00:00,5160.7001953125,5170.60009765625,5159.39990234375,5170.10009765625,3962,2.0
219.0,2026-02-23 10:00:00,2026-02-23,10:00:00,5170.39990234375,5184.7998046875,5165.60009765625,5184.0,6079,2.0
220.0,2026-02-23 11:00:00,2026-02-23,11:00:00,5184.0,5184.5,5167.2998046875,5170.2998046875,3222,2.0
221.0,2026-02-23 12:00:00,2026-02-23,12:00:00,5170.2998046875,5186.39990234375,5165.89990234375,5185.0,4603,2.0
222.0,2026-02-23 13:00:00,2026-02-23,13:00:00,5185.0,5186.39990234375,5164.10009765625,5166.2001953125,6539,2.0
223.0,2026-02-23 14:00:00,2026-02-23,14:00:00,5165.89990234375,5221.89990234375,5161.5,5213.5,15876,2.0
224.0,2026-02-23 15:00:00,2026-02-23,15:00:00,5213.10009765625,5226.2001953125,5201.60009765625,5216.60009765625,13268,2.0
225.0,2026-02-23 16:00:00,2026-02-23,16:00:00,5216.2998046875,5240.89990234375,5196.0,5230.39990234375,12838,2.0
226.0,2026-02-23 17:00:00,2026-02-23,17:00:00,5231.10009765625,5234.5,5211.2001953125,5227.39990234375,7278,2.0
227.0,2026-02-23 18:00:00,2026-02-23,18:00:00,5228.0,5235.89990234375,5220.7998046875,5229.5,6167,2.0
228.0,2026-02-23 19:00:00,2026-02-23,19:00:00,5229.0,5238.39990234375,5226.39990234375,5235.39990234375,3290,2.0
229.0,2026-02-23 20:00:00,2026-02-23,20:00:00,5235.0,5257.2998046875,5234.60009765625,5255.60009765625,5334,2.0
230.0,2026-02-23 21:00:00,2026-02-23,21:00:00,5255.2001953125,5256.5,5245.89990234375,5247.89990234375,2092,2.0
231.0,2026-02-23 23:00:00,2026-02-23,23:00:00,5247.5,5269.39990234375,5241.0,5254.5,0,2.0
232.0,2026-02-24 00:00:00,2026-02-24,00:00:00,5254.10009765625,5257.39990234375,5236.7998046875,5243.10009765625,5485,2.0
233.0,2026-02-24 01:00:00,2026-02-24,01:00:00,5243.0,5243.0,5164.10009765625,5196.60009765625,15770,2.0
234.0,2026-02-24 02:00:00,2026-02-24,02:00:00,5197.0,5210.89990234375,5184.5,5209.0,3870,2.0
235.0,2026-02-24 03:00:00,2026-02-24,03:00:00,5209.39990234375,5212.2001953125,5190.7001953125,5192.0,1826,2.0
236.0,2026-02-24 04:00:00,2026-02-24,04:00:00,5191.5,5195.2998046875,5181.0,5188.39990234375,2002,2.0
237.0,2026-02-24 05:00:00,2026-02-24,05:00:00,5188.10009765625,5205.60009765625,5183.7001953125,5203.0,2836,2.0
238.0,2026-02-24 06:00:00,2026-02-24,06:00:00,5203.2001953125,5204.7998046875,5173.60009765625,5193.60009765625,3296,2.0
239.0,2026-02-24 07:00:00,2026-02-24,07:00:00,5193.0,5203.60009765625,5183.60009765625,5198.7001953125,5175,2.0
240.0,2026-02-24 08:00:00,2026-02-24,08:00:00,5198.60009765625,5201.60009765625,5184.5,5193.0,4477,2.0
241.0,2026-02-24 09:00:00,2026-02-24,09:00:00,5192.2998046875,5199.39990234375,5185.39990234375,5190.7001953125,2545,2.0
242.0,2026-02-24 10:00:00,2026-02-24,10:00:00,5190.2001953125,5201.0,5182.2998046875,5192.2998046875,4242,2.0
243.0,2026-02-24 11:00:00,2026-02-24,11:00:00,5192.2998046875,5198.0,5190.60009765625,5191.89990234375,1893,2.0
244.0,2026-02-24 12:00:00,2026-02-24,12:00:00,5192.10009765625,5192.5,5162.2001953125,5168.7998046875,7679,2.0
245.0,2026-02-24 13:00:00,2026-02-24,13:00:00,5169.2001953125,5180.10009765625,5126.89990234375,5132.2998046875,15665,2.0
246.0,2026-02-24 14:00:00,2026-02-24,14:00:00,5132.0,5157.0,5109.5,5145.5,20642,2.0
247.0,2026-02-24 15:00:00,2026-02-24,15:00:00,5147.7001953125,5173.39990234375,5135.2001953125,5168.2001953125,11233,2.0
248.0,2026-02-24 16:00:00,2026-02-24,16:00:00,5168.5,5170.7001953125,5147.7998046875,5159.7001953125,6548,2.0
249.0,2026-02-24 17:00:00,2026-02-24,17:00:00,5159.7001953125,5182.2998046875,5159.39990234375,5182.0,5999,2.0
250.0,2026-02-24 18:00:00,2026-02-24,18:00:00,5182.10009765625,5188.5,5171.2998046875,5178.89990234375,7822,2.0
251.0,2026-02-24 19:00:00,2026-02-24,19:00:00,5178.0,5178.5,5164.2001953125,5171.7998046875,3321,2.0
252.0,2026-02-24 20:00:00,2026-02-24,20:00:00,5172.10009765625,5191.39990234375,5164.2001953125,5181.7998046875,4246,2.0
253.0,2026-02-24 21:00:00,2026-02-24,21:00:00,5181.89990234375,5183.89990234375,5158.0,5160.5,1721,2.0
254.0,2026-02-24 23:00:00,2026-02-24,23:00:00,5160.0,5170.0,5135.89990234375,5165.0,0,2.0
255.0,2026-02-25 00:00:00,2026-02-25,00:00:00,5165.10009765625,5175.2998046875,5154.2998046875,5171.0,1902,2.0
256.0,2026-02-25 01:00:00,2026-02-25,01:00:00,5171.10009765625,5208.0,5162.7998046875,5195.10009765625,5376,2.0
257.0,2026-02-25 02:00:00,2026-02-25,02:00:00,5194.39990234375,5212.0,5184.2998046875,5198.60009765625,3435,2.0
258.0,2026-02-25 03:00:00,2026-02-25,03:00:00,5199.2998046875,5208.7001953125,5196.5,5200.60009765625,2213,2.0
259.0,2026-02-25 04:00:00,2026-02-25,04:00:00,5200.10009765625,5203.89990234375,5189.2998046875,5201.2998046875,1779,2.0
260.0,2026-02-25 05:00:00,2026-02-25,05:00:00,5202.10009765625,5230.0,5201.7001953125,5221.2001953125,4866,2.0
261.0,2026-02-25 06:00:00,2026-02-25,06:00:00,5220.10009765625,5220.89990234375,5201.7001953125,5213.2001953125,2933,2.0
262.0,2026-02-25 07:00:00,2026-02-25,07:00:00,5213.7001953125,5214.39990234375,5199.5,5203.7998046875,2765,2.0
263.0,2026-02-25 08:00:00,2026-02-25,08:00:00,5203.7001953125,5216.60009765625,5203.0,5204.5,2626,2.0
264.0,2026-02-25 09:00:00,2026-02-25,09:00:00,5204.2998046875,5213.89990234375,5194.5,5212.89990234375,4350,2.0
265.0,2026-02-25 10:00:00,2026-02-25,10:00:00,5212.39990234375,5214.7001953125,5188.0,5193.7001953125,4693,2.0
266.0,2026-02-25 11:00:00,2026-02-25,11:00:00,5193.2998046875,5200.7998046875,5173.2001953125,5199.5,5330,2.0
267.0,2026-02-25 12:00:00,2026-02-25,12:00:00,5199.2998046875,5205.2001953125,5195.0,5201.0,3851,2.0
268.0,2026-02-25 13:00:00,2026-02-25,13:00:00,5201.89990234375,5210.0,5199.0,5203.7001953125,5513,2.0
269.0,2026-02-25 14:00:00,2026-02-25,14:00:00,5203.2001953125,5211.7998046875,5177.0,5210.2001953125,13098,2.0
270.0,2026-02-25 15:00:00,2026-02-25,15:00:00,5209.2998046875,5222.0,5190.2998046875,5214.5,11560,2.0
271.0,2026-02-25 16:00:00,2026-02-25,16:00:00,5214.10009765625,5233.60009765625,5209.10009765625,5231.7001953125,7686,2.0
272.0,2026-02-25 17:00:00,2026-02-25,17:00:00,5232.0,5237.2998046875,5222.89990234375,5226.5,5380,2.0
273.0,2026-02-25 18:00:00,2026-02-25,18:00:00,5226.5,5227.0,5226.39990234375,5226.39990234375,8,2.0
274.0,2026-02-25 19:00:00,2026-02-25,19:00:00,5226.2001953125,5229.2998046875,5218.10009765625,5224.39990234375,2742,2.0
275.0,2026-02-25 20:00:00,2026-02-25,20:00:00,5224.10009765625,5225.0,5163.2998046875,5169.89990234375,8972,2.0
276.0,2026-02-25 21:00:00,2026-02-25,21:00:00,5171.2001953125,5191.39990234375,5168.60009765625,5183.7001953125,4053,2.0
277.0,2026-02-25 23:00:00,2026-02-25,23:00:00,5175.2998046875,5198.10009765625,5175.2001953125,5180.0,0,2.0
278.0,2026-02-26 00:00:00,2026-02-26,00:00:00,5179.10009765625,5207.39990234375,5170.10009765625,5203.2001953125,3822,2.0
279.0,2026-02-26 01:00:00,2026-02-26,01:00:00,5203.7998046875,5213.39990234375,5194.5,5206.7998046875,3994,2.0
280.0,2026-02-26 02:00:00,2026-02-26,02:00:00,5207.0,5211.5,5188.7998046875,5199.60009765625,2791,2.0
281.0,2026-02-26 03:00:00,2026-02-26,03:00:00,5199.39990234375,5209.39990234375,5198.2001953125,5208.10009765625,1622,2.0
282.0,2026-02-26 04:00:00,2026-02-26,04:00:00,5208.10009765625,5215.39990234375,5206.60009765625,5208.7001953125,2008,2.0
283.0,2026-02-26 05:00:00,2026-02-26,05:00:00,5208.7998046875,5221.89990234375,5206.10009765625,5214.39990234375,2922,2.0
284.0,2026-02-26 06:00:00,2026-02-26,06:00:00,5214.7998046875,5216.10009765625,5207.0,5209.7998046875,2410,2.0
285.0,2026-02-26 07:00:00,2026-02-26,07:00:00,5210.2001953125,5211.5,5196.39990234375,5202.60009765625,3643,2.0
286.0,2026-02-26 08:00:00,2026-02-26,08:00:00,5202.7998046875,5207.89990234375,5182.89990234375,5195.7998046875,5853,2.0
287.0,2026-02-26 09:00:00,2026-02-26,09:00:00,5195.39990234375,5205.7998046875,5190.10009765625,5202.39990234375,4452,2.0
288.0,2026-02-26 10:00:00,2026-02-26,10:00:00,5202.60009765625,5206.39990234375,5180.60009765625,5187.10009765625,5507,2.0
289.0,2026-02-26 11:00:00,2026-02-26,11:00:00,5186.7998046875,5194.2998046875,5176.39990234375,5180.7001953125,4170,2.0
290.0,2026-02-26 12:00:00,2026-02-26,12:00:00,5180.89990234375,5204.2001953125,5173.10009765625,5200.0,6294,2.0
291.0,2026-02-26 13:00:00,2026-02-26,13:00:00,5200.10009765625,5202.10009765625,5180.2001953125,5182.2998046875,7090,2.0
292.0,2026-02-26 14:00:00,2026-02-26,14:00:00,5182.2001953125,5192.2001953125,5154.60009765625,5181.10009765625,12544,2.0
293.0,2026-02-26 15:00:00,2026-02-26,15:00:00,5180.7001953125,5210.10009765625,5144.7998046875,5202.5,18806,2.0
294.0,2026-02-26 16:00:00,2026-02-26,16:00:00,5203.0,5204.2998046875,5189.39990234375,5196.2998046875,7721,2.0
295.0,2026-02-26 17:00:00,2026-02-26,17:00:00,5196.7001953125,5207.39990234375,5178.60009765625,5184.0,6613,2.0
296.0,2026-02-26 18:00:00,2026-02-26,18:00:00,5184.2001953125,5202.7998046875,5176.2998046875,5196.89990234375,10610,2.0
297.0,2026-02-26 19:00:00,2026-02-26,19:00:00,5197.2998046875,5211.2998046875,5195.89990234375,5204.2001953125,4640,2.0
298.0,2026-02-26 20:00:00,2026-02-26,20:00:00,5203.89990234375,5218.2001953125,5203.7998046875,5213.5,4489,2.0
299.0,2026-02-26 21:00:00,2026-02-26,21:00:00,5213.7998046875,5217.7998046875,5200.2001953125,5201.5,0,2.0
300.0,2026-02-26 23:00:00,2026-02-26,23:00:00,5201.89990234375,5206.7001953125,5191.5,5200.89990234375,1668,2.0
301.0,2026-02-27 00:00:00,2026-02-27,00:00:00,5201.60009765625,5212.0,5186.0,5191.60009765625,3018,2.0
302.0,2026-02-27 01:00:00,2026-02-27,01:00:00,5191.10009765625,5210.5,5182.89990234375,5210.2001953125,3294,2.0
303.0,2026-02-27 02:00:00,2026-02-27,02:00:00,5210.2001953125,5216.2001953125,5190.2001953125,5200.2998046875,4509,2.0
304.0,2026-02-27 03:00:00,2026-02-27,03:00:00,5200.7001953125,5207.39990234375,5197.5,5201.2001953125,2110,2.0
305.0,2026-02-27 04:00:00,2026-02-27,04:00:00,5200.60009765625,5205.5,5198.0,5200.5,937,2.0
306.0,2026-02-27 05:00:00,2026-02-27,05:00:00,5198.10009765625,5217.5,5198.0,5214.7001953125,2758,2.0
307.0,2026-02-27 06:00:00,2026-02-27,06:00:00,5214.60009765625,5216.2998046875,5201.89990234375,5202.7998046875,2816,2.0
308.0,2026-02-27 07:00:00,2026-02-27,07:00:00,5202.89990234375,5206.5,5192.60009765625,5193.10009765625,5669,2.0
309.0,2026-02-27 08:00:00,2026-02-27,08:00:00,5193.2001953125,5199.39990234375,5191.10009765625,5195.10009765625,2995,2.0
310.0,2026-02-27 09:00:00,2026-02-27,09:00:00,5195.39990234375,5199.2998046875,5188.5,5192.2998046875,3527,2.0
311.0,2026-02-27 10:00:00,2026-02-27,10:00:00,5192.5,5197.2001953125,5183.2001953125,5193.60009765625,4555,2.0
312.0,2026-02-27 11:00:00,2026-02-27,11:00:00,5193.60009765625,5202.2001953125,5188.2998046875,5202.0,2889,2.0
313.0,2026-02-27 12:00:00,2026-02-27,12:00:00,5202.10009765625,5207.0,5199.60009765625,5204.2998046875,3699,2.0
314.0,2026-02-27 13:00:00,2026-02-27,13:00:00,5204.5,5259.2998046875,5203.5,5240.7998046875,23821,2.0
315.0,2026-02-27 14:00:00,2026-02-27,14:00:00,5240.7998046875,5254.2998046875,5230.60009765625,5240.89990234375,13563,2.0
316.0,2026-02-27 15:00:00,2026-02-27,15:00:00,5240.7998046875,5265.0,5232.60009765625,5257.7998046875,17451,2.0
317.0,2026-02-27 16:00:00,2026-02-27,16:00:00,5258.0,5276.60009765625,5240.60009765625,5246.89990234375,14051,2.0
318.0,2026-02-27 17:00:00,2026-02-27,17:00:00,5247.10009765625,5254.5,5237.39990234375,5252.39990234375,9843,2.0
319.0,2026-02-27 18:00:00,2026-02-27,18:00:00,5252.2001953125,5264.7998046875,5240.0,5263.0,8215,2.0
320.0,2026-02-27 19:00:00,2026-02-27,19:00:00,5262.7998046875,5270.7998046875,5258.2001953125,5268.39990234375,4317,2.0
321.0,2026-02-27 20:00:00,2026-02-27,20:00:00,5267.89990234375,5283.7998046875,5266.89990234375,5281.2998046875,5019,2.0
322.0,2026-02-27 21:00:00,2026-02-27,21:00:00,5281.60009765625,5299.0,5247.89990234375,5247.89990234375,4487,2.0
323.0,2026-03-01 23:00:00,2026-03-01,23:00:00,5364.2001953125,5409.7001953125,5354.2998046875,5400.39990234375,10881,2.0
324.0,2026-03-02 00:00:00,2026-03-02,00:00:00,5401.2998046875,5402.0,5353.89990234375,5360.60009765625,7620,2.0
325.0,2026-03-02 01:00:00,2026-03-02,01:00:00,5360.5,5360.60009765625,5315.2998046875,5338.2998046875,12958,2.0
326.0,2026-03-02 02:00:00,2026-03-02,02:00:00,5338.5,5364.89990234375,5329.2001953125,5358.7998046875,4640,2.0
327.0,2026-03-02 03:00:00,2026-03-02,03:00:00,5358.7998046875,5379.5,5357.39990234375,5378.7001953125,3077,2.0
328.0,2026-03-02 04:00:00,2026-03-02,04:00:00,5378.60009765625,5380.0,5358.39990234375,5369.7998046875,2620,2.0
329.0,2026-03-02 05:00:00,2026-03-02,05:00:00,5368.2001953125,5380.0,5353.39990234375,5378.89990234375,3138,2.0
330.0,2026-03-02 06:00:00,2026-03-02,06:00:00,5378.7998046875,5403.89990234375,5376.7001953125,5401.5,6073,2.0
331.0,2026-03-02 07:00:00,2026-03-02,07:00:00,5401.7001953125,5434.10009765625,5398.89990234375,5423.0,10116,2.0
332.0,2026-03-02 08:00:00,2026-03-02,08:00:00,5422.7998046875,5432.0,5406.2998046875,5408.89990234375,9458,2.0
333.0,2026-03-02 09:00:00,2026-03-02,09:00:00,5409.10009765625,5418.39990234375,5400.0,5406.89990234375,6492,2.0
334.0,2026-03-02 10:00:00,2026-03-02,10:00:00,5407.7998046875,5416.7998046875,5393.60009765625,5404.10009765625,7210,2.0
335.0,2026-03-02 11:00:00,2026-03-02,11:00:00,5404.2001953125,5415.0,5386.0,5399.60009765625,5631,2.0
336.0,2026-03-02 12:00:00,2026-03-02,12:00:00,5399.89990234375,5413.7001953125,5393.5,5412.39990234375,5779,2.0
337.0,2026-03-02 13:00:00,2026-03-02,13:00:00,5412.2001953125,5432.2001953125,5396.7998046875,5409.7998046875,14541,2.0
338.0,2026-03-02 14:00:00,2026-03-02,14:00:00,5409.0,5410.7998046875,5318.60009765625,5346.39990234375,31605,2.0
339.0,2026-03-02 15:00:00,2026-03-02,15:00:00,5346.10009765625,5364.2998046875,5321.60009765625,5329.60009765625,15936,2.0
340.0,2026-03-02 16:00:00,2026-03-02,16:00:00,5328.7001953125,5329.2998046875,5272.89990234375,5304.0,22017,2.0
341.0,2026-03-02 17:00:00,2026-03-02,17:00:00,5303.60009765625,5335.10009765625,5300.39990234375,5321.10009765625,6716,2.0
342.0,2026-03-02 18:00:00,2026-03-02,18:00:00,5321.39990234375,5330.7998046875,5302.89990234375,5329.7998046875,7951,2.0
343.0,2026-03-02 19:00:00,2026-03-02,19:00:00,5329.89990234375,5348.5,5328.2001953125,5344.2001953125,5683,2.0
344.0,2026-03-02 20:00:00,2026-03-02,20:00:00,5344.10009765625,5360.89990234375,5342.2001953125,5346.10009765625,5997,2.0
345.0,2026-03-02 21:00:00,2026-03-02,21:00:00,5346.5,5354.60009765625,5335.39990234375,5335.89990234375,1860,2.0
346.0,2026-03-02 23:00:00,2026-03-02,23:00:00,5335.7001953125,5360.89990234375,5334.89990234375,5359.10009765625,0,2.0
347.0,2026-03-03 00:00:00,2026-03-03,00:00:00,5359.89990234375,5376.89990234375,5350.10009765625,5364.5,3197,2.0
348.0,2026-03-03 01:00:00,2026-03-03,01:00:00,5364.89990234375,5394.2001953125,5351.5,5352.89990234375,6470,2.0
349.0,2026-03-03 02:00:00,2026-03-03,02:00:00,5353.7001953125,5381.7998046875,5346.7001953125,5380.0,4266,2.0
350.0,2026-03-03 03:00:00,2026-03-03,03:00:00,5380.7001953125,5387.2001953125,5372.2001953125,5381.2001953125,2135,2.0
351.0,2026-03-03 04:00:00,2026-03-03,04:00:00,5380.7998046875,5389.2001953125,5373.0,5377.89990234375,2393,2.0
352.0,2026-03-03 05:00:00,2026-03-03,05:00:00,5374.7001953125,5381.5,5318.0,5331.89990234375,5796,2.0
353.0,2026-03-03 06:00:00,2026-03-03,06:00:00,5333.7001953125,5336.2001953125,5292.10009765625,5323.0,9322,2.0
354.0,2026-03-03 07:00:00,2026-03-03,07:00:00,5322.7998046875,5346.10009765625,5318.5,5340.60009765625,4818,2.0
355.0,2026-03-03 08:00:00,2026-03-03,08:00:00,5340.5,5349.0,5302.7998046875,5308.7998046875,6910,2.0
356.0,2026-03-03 09:00:00,2026-03-03,09:00:00,5308.5,5317.39990234375,5236.0,5286.7998046875,17993,2.0
357.0,2026-03-03 10:00:00,2026-03-03,10:00:00,5287.2998046875,5300.10009765625,5246.10009765625,5259.7001953125,8270,2.0
358.0,2026-03-03 11:00:00,2026-03-03,11:00:00,5258.2998046875,5274.7998046875,5081.39990234375,5154.0,35026,2.0
359.0,2026-03-03 12:00:00,2026-03-03,12:00:00,5154.5,5236.89990234375,5148.2001953125,5234.5,17701,2.0
360.0,2026-03-03 13:00:00,2026-03-03,13:00:00,5234.60009765625,5234.60009765625,5137.2001953125,5166.5,18681,2.0
361.0,2026-03-03 14:00:00,2026-03-03,14:00:00,5166.89990234375,5185.7998046875,5025.0,5048.0,33468,2.0
362.0,2026-03-03 15:00:00,2026-03-03,15:00:00,5048.7998046875,5107.39990234375,5005.0,5105.2998046875,29186,2.0
363.0,2026-03-03 16:00:00,2026-03-03,16:00:00,5105.39990234375,5145.2001953125,5100.2998046875,5117.89990234375,14875,2.0
364.0,2026-03-03 17:00:00,2026-03-03,17:00:00,5117.7998046875,5120.60009765625,5075.10009765625,5089.5,10853,2.0
365.0,2026-03-03 18:00:00,2026-03-03,18:00:00,5089.39990234375,5149.7998046875,5089.2998046875,5146.5,11291,2.0
366.0,2026-03-03 19:00:00,2026-03-03,19:00:00,5147.0,5161.5,5109.2998046875,5122.2998046875,7238,2.0
367.0,2026-03-03 20:00:00,2026-03-03,20:00:00,5123.7001953125,5141.7001953125,5096.0,5109.2998046875,5194,2.0
368.0,2026-03-03 21:00:00,2026-03-03,21:00:00,5108.60009765625,5115.2001953125,5093.2998046875,5099.5,2438,2.0
369.0,2026-03-03 23:00:00,2026-03-03,23:00:00,5110.0,5139.10009765625,5092.7998046875,5133.39990234375,0,2.0
370.0,2026-03-04 00:00:00,2026-03-04,00:00:00,5134.5,5149.5,5114.2998046875,5147.2998046875,3378,2.0
371.0,2026-03-04 01:00:00,2026-03-04,01:00:00,5148.2001953125,5188.10009765625,5147.89990234375,5183.7001953125,7682,2.0
372.0,2026-03-04 02:00:00,2026-03-04,02:00:00,5183.89990234375,5200.7001953125,5162.60009765625,5165.39990234375,6100,2.0
373.0,2026-03-04 03:00:00,2026-03-04,03:00:00,5164.7998046875,5186.2998046875,5150.0,5183.10009765625,3724,2.0
374.0,2026-03-04 04:00:00,2026-03-04,04:00:00,5183.2998046875,5189.60009765625,5160.10009765625,5166.39990234375,2344,2.0
375.0,2026-03-04 05:00:00,2026-03-04,05:00:00,5165.7001953125,5177.2001953125,5160.5,5169.5,2255,2.0
376.0,2026-03-04 06:00:00,2026-03-04,06:00:00,5168.39990234375,5170.2998046875,5130.0,5170.2998046875,5912,2.0
377.0,2026-03-04 07:00:00,2026-03-04,07:00:00,5169.0,5186.0,5168.5,5178.2001953125,5536,2.0
378.0,2026-03-04 08:00:00,2026-03-04,08:00:00,5178.2998046875,5192.7998046875,5157.7998046875,5178.60009765625,5306,2.0
379.0,2026-03-04 09:00:00,2026-03-04,09:00:00,5177.89990234375,5196.39990234375,5170.0,5193.89990234375,5123,2.0
380.0,2026-03-04 10:00:00,2026-03-04,10:00:00,5194.0,5214.7001953125,5191.2001953125,5201.89990234375,9054,2.0
381.0,2026-03-04 11:00:00,2026-03-04,11:00:00,5201.2998046875,5213.2001953125,5199.2998046875,5204.2001953125,3547,2.0
382.0,2026-03-04 12:00:00,2026-03-04,12:00:00,5204.2998046875,5218.2998046875,5167.89990234375,5182.0,7095,2.0
383.0,2026-03-04 13:00:00,2026-03-04,13:00:00,5182.2001953125,5207.5,5177.2998046875,5178.5,7694,2.0
384.0,2026-03-04 14:00:00,2026-03-04,14:00:00,5178.10009765625,5195.2001953125,5148.39990234375,5155.7001953125,13321,2.0
385.0,2026-03-04 15:00:00,2026-03-04,15:00:00,5155.2001953125,5177.2998046875,5140.2001953125,5161.60009765625,14335,2.0
386.0,2026-03-04 16:00:00,2026-03-04,16:00:00,5161.2001953125,5172.60009765625,5148.5,5161.5,7171,2.0
387.0,2026-03-04 17:00:00,2026-03-04,17:00:00,5160.89990234375,5165.0,5131.5,5153.60009765625,6703,2.0
388.0,2026-03-04 18:00:00,2026-03-04,18:00:00,5152.7001953125,5155.5,5119.39990234375,5144.7001953125,9422,2.0
389.0,2026-03-04 19:00:00,2026-03-04,19:00:00,5144.7998046875,5150.5,5133.60009765625,5148.7001953125,2883,2.0
390.0,2026-03-04 20:00:00,2026-03-04,20:00:00,5148.39990234375,5159.2001953125,5134.7998046875,5146.7998046875,2710,2.0
391.0,2026-03-04 21:00:00,2026-03-04,21:00:00,5146.89990234375,5156.2998046875,5141.39990234375,5151.60009765625,1768,2.0
392.0,2026-03-04 23:00:00,2026-03-04,23:00:00,5155.7001953125,5177.7998046875,5152.0,5176.2001953125,0,2.0
393.0,2026-03-05 00:00:00,2026-03-05,00:00:00,5176.5,5191.5,5170.39990234375,5183.89990234375,2613,2.0
394.0,2026-03-05 01:00:00,2026-03-05,01:00:00,5184.10009765625,5198.0,5177.10009765625,5181.7001953125,4535,2.0
395.0,2026-03-05 02:00:00,2026-03-05,02:00:00,5181.2001953125,5201.7998046875,5180.89990234375,5201.60009765625,3509,2.0
396.0,2026-03-05 03:00:00,2026-03-05,03:00:00,5201.7001953125,5204.2998046875,5187.2998046875,5189.5,2226,2.0
397.0,2026-03-05 04:00:00,2026-03-05,04:00:00,5189.39990234375,5195.89990234375,5175.2001953125,5179.7001953125,1907,2.0
398.0,2026-03-05 05:00:00,2026-03-05,05:00:00,5181.0,5185.89990234375,5156.89990234375,5157.7001953125,2764,2.0
399.0,2026-03-05 06:00:00,2026-03-05,06:00:00,5157.89990234375,5177.5,5129.0,5176.5,6396,2.0
400.0,2026-03-05 07:00:00,2026-03-05,07:00:00,5175.89990234375,5181.7998046875,5168.0,5171.39990234375,3259,2.0
401.0,2026-03-05 08:00:00,2026-03-05,08:00:00,5171.10009765625,5180.10009765625,5146.2001953125,5176.0,5568,2.0
402.0,2026-03-05 09:00:00,2026-03-05,09:00:00,5175.89990234375,5192.5,5162.7001953125,5171.7998046875,5482,2.0
403.0,2026-03-05 10:00:00,2026-03-05,10:00:00,5171.10009765625,5178.5,5156.89990234375,5175.60009765625,4286,2.0
404.0,2026-03-05 11:00:00,2026-03-05,11:00:00,5175.5,5178.5,5168.0,5174.7998046875,2856,2.0
405.0,2026-03-05 12:00:00,2026-03-05,12:00:00,5175.10009765625,5182.7001953125,5171.5,5173.0,3060,2.0
406.0,2026-03-05 13:00:00,2026-03-05,13:00:00,5173.60009765625,5174.89990234375,5085.5,5126.5,23141,2.0
407.0,2026-03-05 14:00:00,2026-03-05,14:00:00,5126.7998046875,5139.2001953125,5099.2001953125,5110.7998046875,13906,2.0
408.0,2026-03-05 15:00:00,2026-03-05,15:00:00,5110.7001953125,5128.5,5065.5,5111.2998046875,17528,2.0
409.0,2026-03-05 16:00:00,2026-03-05,16:00:00,5111.7998046875,5113.5,5062.39990234375,5086.5,9934,2.0
410.0,2026-03-05 17:00:00,2026-03-05,17:00:00,5086.60009765625,5098.5,5063.5,5071.2001953125,8948,2.0
411.0,2026-03-05 18:00:00,2026-03-05,18:00:00,5071.0,5094.60009765625,5058.89990234375,5077.60009765625,10075,2.0
412.0,2026-03-05 19:00:00,2026-03-05,19:00:00,5077.60009765625,5089.7001953125,5063.5,5074.60009765625,3501,2.0
413.0,2026-03-05 20:00:00,2026-03-05,20:00:00,5074.2998046875,5104.39990234375,5071.2001953125,5086.60009765625,6153,2.0
414.0,2026-03-05 21:00:00,2026-03-05,21:00:00,5086.2998046875,5094.60009765625,5082.0,5093.2998046875,1924,2.0
415.0,2026-03-05 23:00:00,2026-03-05,23:00:00,5099.7001953125,5119.2001953125,5092.2001953125,5095.60009765625,0,2.0
416.0,2026-03-06 00:00:00,2026-03-06,00:00:00,5095.5,5101.0,5082.89990234375,5092.5,2352,2.0
417.0,2026-03-06 01:00:00,2026-03-06,01:00:00,5092.39990234375,5151.2998046875,5074.0,5142.10009765625,6771,2.0
418.0,2026-03-06 02:00:00,2026-03-06,02:00:00,5142.0,5145.89990234375,5129.7998046875,5133.89990234375,3466,2.0
419.0,2026-03-06 03:00:00,2026-03-06,03:00:00,5134.7998046875,5149.7998046875,5132.10009765625,5139.89990234375,2568,2.0
420.0,2026-03-06 04:00:00,2026-03-06,04:00:00,5139.89990234375,5145.2001953125,5135.0,5137.2001953125,1108,2.0
421.0,2026-03-06 05:00:00,2026-03-06,05:00:00,5136.0,5138.89990234375,5122.89990234375,5126.60009765625,2591,2.0
422.0,2026-03-06 06:00:00,2026-03-06,06:00:00,5126.10009765625,5131.89990234375,5118.7001953125,5124.89990234375,2240,2.0
423.0,2026-03-06 07:00:00,2026-03-06,07:00:00,5124.7001953125,5129.39990234375,5114.0,5128.2001953125,4297,2.0
424.0,2026-03-06 08:00:00,2026-03-06,08:00:00,5128.0,5132.2998046875,5104.5,5116.7001953125,3493,2.0
425.0,2026-03-06 09:00:00,2026-03-06,09:00:00,5117.60009765625,5117.7998046875,5091.39990234375,5093.5,5714,2.0
426.0,2026-03-06 10:00:00,2026-03-06,10:00:00,5094.5,5102.0,5084.2001953125,5099.89990234375,4786,2.0
427.0,2026-03-06 11:00:00,2026-03-06,11:00:00,5100.7001953125,5109.60009765625,5071.0,5086.10009765625,5176,2.0
428.0,2026-03-06 12:00:00,2026-03-06,12:00:00,5086.2998046875,5105.7998046875,5085.2998046875,5091.89990234375,4662,2.0
429.0,2026-03-06 13:00:00,2026-03-06,13:00:00,5091.60009765625,5140.0,5073.89990234375,5093.7998046875,17370,2.0
430.0,2026-03-06 14:00:00,2026-03-06,14:00:00,5093.2001953125,5142.39990234375,5089.89990234375,5139.2998046875,15352,2.0
431.0,2026-03-06 15:00:00,2026-03-06,15:00:00,5139.2998046875,5182.0,5137.39990234375,5151.2001953125,22227,2.0
432.0,2026-03-06 16:00:00,2026-03-06,16:00:00,5151.7001953125,5163.0,5136.0,5149.5,9094,2.0
433.0,2026-03-06 17:00:00,2026-03-06,17:00:00,5150.10009765625,5162.7998046875,5138.7001953125,5150.2001953125,6214,2.0
434.0,2026-03-06 18:00:00,2026-03-06,18:00:00,5149.89990234375,5176.5,5147.89990234375,5170.2998046875,15790,2.0
435.0,2026-03-06 19:00:00,2026-03-06,19:00:00,5170.39990234375,5183.7998046875,5165.2001953125,5168.5,3745,2.0
436.0,2026-03-06 20:00:00,2026-03-06,20:00:00,5168.2001953125,5171.2001953125,5157.5,5161.39990234375,4144,2.0
437.0,2026-03-06 21:00:00,2026-03-06,21:00:00,5161.10009765625,5185.0,5158.7001953125,5158.7001953125,0,2.0
438.0,2026-03-08 22:00:00,2026-03-08,22:00:00,5165.5,5180.0,5113.5,5138.5,8786,2.0
439.0,2026-03-08 23:00:00,2026-03-08,23:00:00,5140.2998046875,5145.5,5050.0,5083.39990234375,10158,2.0
440.0,2026-03-09 00:00:00,2026-03-09,00:00:00,5083.10009765625,5088.89990234375,5035.5,5056.89990234375,8311,2.0
441.0,2026-03-09 01:00:00,2026-03-09,01:00:00,5056.7001953125,5094.39990234375,5021.2001953125,5077.60009765625,9663,2.0
442.0,2026-03-09 02:00:00,2026-03-09,02:00:00,5076.39990234375,5105.7998046875,5061.89990234375,5100.89990234375,7592,2.0
443.0,2026-03-09 03:00:00,2026-03-09,03:00:00,5101.2998046875,5109.10009765625,5087.60009765625,5098.0,3367,2.0
444.0,2026-03-09 04:00:00,2026-03-09,04:00:00,5098.0,5103.39990234375,5091.2998046875,5096.39990234375,1201,2.0
445.0,2026-03-09 05:00:00,2026-03-09,05:00:00,5096.60009765625,5147.60009765625,5087.10009765625,5131.60009765625,5859,2.0
446.0,2026-03-09 06:00:00,2026-03-09,06:00:00,5131.39990234375,5141.7001953125,5103.60009765625,5104.7998046875,4276,2.0
447.0,2026-03-09 07:00:00,2026-03-09,07:00:00,5104.7998046875,5115.2001953125,5095.39990234375,5106.7001953125,5055,2.0
448.0,2026-03-09 08:00:00,2026-03-09,08:00:00,5106.7998046875,5118.7001953125,5094.89990234375,5104.39990234375,4532,2.0
449.0,2026-03-09 09:00:00,2026-03-09,09:00:00,5104.10009765625,5140.5,5102.7998046875,5114.2998046875,7308,2.0
450.0,2026-03-09 10:00:00,2026-03-09,10:00:00,5114.0,5119.7998046875,5090.89990234375,5094.7998046875,6702,2.0
451.0,2026-03-09 11:00:00,2026-03-09,11:00:00,5094.7998046875,5104.7998046875,5086.5,5095.7001953125,5633,2.0
452.0,2026-03-09 12:00:00,2026-03-09,12:00:00,5096.2001953125,5120.5,5096.2001953125,5103.10009765625,7251,2.0
453.0,2026-03-09 13:00:00,2026-03-09,13:00:00,5103.10009765625,5119.5,5075.0,5081.5,13198,2.0
454.0,2026-03-09 14:00:00,2026-03-09,14:00:00,5081.10009765625,5124.7001953125,5066.89990234375,5102.60009765625,14107,2.0
455.0,2026-03-09 15:00:00,2026-03-09,15:00:00,5102.2001953125,5112.0,5087.7998046875,5108.5,11683,2.0
456.0,2026-03-09 16:00:00,2026-03-09,16:00:00,5108.10009765625,5119.7001953125,5103.10009765625,5113.10009765625,7788,2.0
457.0,2026-03-09 17:00:00,2026-03-09,17:00:00,5113.2001953125,5115.5,5097.7001953125,5104.89990234375,10656,2.0
458.0,2026-03-09 18:00:00,2026-03-09,18:00:00,5104.89990234375,5136.7001953125,5101.60009765625,5133.2001953125,7471,2.0
459.0,2026-03-09 19:00:00,2026-03-09,19:00:00,5133.2998046875,5154.7001953125,5128.2998046875,5150.5,7655,2.0
460.0,2026-03-09 20:00:00,2026-03-09,20:00:00,5150.89990234375,5158.0,5143.7001953125,5148.7001953125,2478,2.0
461.0,2026-03-09 22:00:00,2026-03-09,22:00:00,5152.39990234375,5163.0,5127.10009765625,5162.10009765625,0,2.0
462.0,2026-03-09 23:00:00,2026-03-09,23:00:00,5161.89990234375,5165.60009765625,5145.60009765625,5149.7998046875,2256,2.0
463.0,2026-03-10 00:00:00,2026-03-10,00:00:00,5149.2998046875,5151.10009765625,5134.7998046875,5140.2001953125,2782,2.0
464.0,2026-03-10 01:00:00,2026-03-10,01:00:00,5140.2998046875,5195.2001953125,5134.0,5193.2001953125,8128,2.0
465.0,2026-03-10 02:00:00,2026-03-10,02:00:00,5192.7998046875,5195.7998046875,5172.10009765625,5174.2998046875,4886,2.0
466.0,2026-03-10 03:00:00,2026-03-10,03:00:00,5173.7998046875,5181.89990234375,5163.0,5166.39990234375,2788,2.0
467.0,2026-03-10 04:00:00,2026-03-10,04:00:00,5165.2998046875,5175.2998046875,5162.39990234375,5172.10009765625,1931,2.0
468.0,2026-03-10 05:00:00,2026-03-10,05:00:00,5172.5,5188.2001953125,5172.39990234375,5186.7001953125,1828,2.0
469.0,2026-03-10 06:00:00,2026-03-10,06:00:00,5187.2998046875,5190.0,5180.7001953125,5183.60009765625,2357,2.0
470.0,2026-03-10 07:00:00,2026-03-10,07:00:00,5184.10009765625,5191.2998046875,5167.2998046875,5190.5,4821,2.0
471.0,2026-03-10 08:00:00,2026-03-10,08:00:00,5190.60009765625,5204.0,5184.5,5192.5,7353,2.0
472.0,2026-03-10 09:00:00,2026-03-10,09:00:00,5192.60009765625,5198.39990234375,5189.7001953125,5191.7998046875,3962,2.0
473.0,2026-03-10 10:00:00,2026-03-10,10:00:00,5191.5,5193.2998046875,5165.60009765625,5186.60009765625,6475,2.0
474.0,2026-03-10 11:00:00,2026-03-10,11:00:00,5186.60009765625,5201.10009765625,5180.89990234375,5184.2001953125,6776,2.0
475.0,2026-03-10 12:00:00,2026-03-10,12:00:00,5184.60009765625,5198.89990234375,5171.39990234375,5196.5,6641,2.0
476.0,2026-03-10 13:00:00,2026-03-10,13:00:00,5196.2001953125,5238.89990234375,5194.89990234375,5214.2001953125,23344,2.0
477.0,2026-03-10 14:00:00,2026-03-10,14:00:00,5215.39990234375,5224.0,5193.60009765625,5215.7998046875,16453,2.0
478.0,2026-03-10 15:00:00,2026-03-10,15:00:00,5216.0,5248.7001953125,5212.0,5238.0,16210,2.0
479.0,2026-03-10 16:00:00,2026-03-10,16:00:00,5238.10009765625,5245.10009765625,5232.2001953125,5236.89990234375,10769,2.0
480.0,2026-03-10 17:00:00,2026-03-10,17:00:00,5236.89990234375,5244.5,5232.60009765625,5237.10009765625,13336,2.0
481.0,2026-03-10 18:00:00,2026-03-10,18:00:00,5237.0,5237.2998046875,5169.0,5200.0,14491,2.0
482.0,2026-03-10 19:00:00,2026-03-10,19:00:00,5200.2998046875,5216.5,5188.7001953125,5207.0,5803,2.0
483.0,2026-03-10 20:00:00,2026-03-10,20:00:00,5206.7001953125,5207.7001953125,5198.5,5198.7001953125,1622,2.0
484.0,2026-03-10 22:00:00,2026-03-10,22:00:00,5194.0,5206.2001953125,5191.2998046875,5196.7001953125,0,2.0
485.0,2026-03-10 23:00:00,2026-03-10,23:00:00,5197.2001953125,5206.0,5195.2001953125,5204.89990234375,1487,2.0
486.0,2026-03-11 00:00:00,2026-03-11,00:00:00,5205.0,5227.0,5194.0,5223.10009765625,3771,2.0
487.0,2026-03-11 01:00:00,2026-03-11,01:00:00,5223.0,5230.89990234375,5215.89990234375,5215.89990234375,3201,2.0
488.0,2026-03-11 02:00:00,2026-03-11,02:00:00,5215.89990234375,5228.7001953125,5202.0,5225.39990234375,3951,2.0
489.0,2026-03-11 03:00:00,2026-03-11,03:00:00,5225.5,5228.5,5207.5,5211.10009765625,2384,2.0
490.0,2026-03-11 04:00:00,2026-03-11,04:00:00,5211.5,5217.10009765625,5207.89990234375,5212.7998046875,1413,2.0
491.0,2026-03-11 05:00:00,2026-03-11,05:00:00,5212.5,5216.7998046875,5197.7998046875,5207.60009765625,2569,2.0
492.0,2026-03-11 06:00:00,2026-03-11,06:00:00,5207.2001953125,5218.39990234375,5199.60009765625,5205.7998046875,2806,2.0
493.0,2026-03-11 07:00:00,2026-03-11,07:00:00,5205.0,5209.7998046875,5192.10009765625,5203.7001953125,5248,2.0
494.0,2026-03-11 08:00:00,2026-03-11,08:00:00,5203.2998046875,5206.7001953125,5183.2998046875,5195.2001953125,5657,2.0
495.0,2026-03-11 09:00:00,2026-03-11,09:00:00,5194.89990234375,5205.10009765625,5187.10009765625,5195.7001953125,4462,2.0
496.0,2026-03-11 10:00:00,2026-03-11,10:00:00,5195.7998046875,5203.0,5184.7998046875,5194.10009765625,4926,2.0
497.0,2026-03-11 11:00:00,2026-03-11,11:00:00,5194.2998046875,5201.10009765625,5182.2998046875,5189.2001953125,4825,2.0
498.0,2026-03-11 12:00:00,2026-03-11,12:00:00,5188.7001953125,5207.5,5172.0,5175.10009765625,9448,2.0
499.0,2026-03-11 13:00:00,2026-03-11,13:00:00,5174.7001953125,5191.10009765625,5155.89990234375,5184.2998046875,14343,2.0
500.0,2026-03-11 14:00:00,2026-03-11,14:00:00,5184.0,5204.2998046875,5181.7998046875,5190.7998046875,13639,2.0
501.0,2026-03-11 15:00:00,2026-03-11,15:00:00,5190.7001953125,5193.7998046875,5169.89990234375,5173.39990234375,10146,2.0
502.0,2026-03-11 16:00:00,2026-03-11,16:00:00,5173.39990234375,5185.5,5170.7998046875,5183.10009765625,6393,2.0
503.0,2026-03-11 17:00:00,2026-03-11,17:00:00,5183.2998046875,5188.5,5158.39990234375,5176.60009765625,20090,2.0
504.0,2026-03-11 18:00:00,2026-03-11,18:00:00,5176.60009765625,5186.2998046875,5176.2001953125,5180.10009765625,3915,2.0
505.0,2026-03-11 19:00:00,2026-03-11,19:00:00,5180.2001953125,5191.2001953125,5176.89990234375,5191.0,2266,2.0
506.0,2026-03-11 20:00:00,2026-03-11,20:00:00,5190.7998046875,5191.5,5182.89990234375,5183.89990234375,0,2.0
507.0,2026-03-11 22:00:00,2026-03-11,22:00:00,5185.39990234375,5189.7998046875,5135.0,5144.7998046875,3397,2.0
508.0,2026-03-11 23:00:00,2026-03-11,23:00:00,5144.5,5163.89990234375,5138.7998046875,5140.0,2955,2.0
509.0,2026-03-12 00:00:00,2026-03-12,00:00:00,5139.39990234375,5168.0,5130.0,5158.10009765625,4338,2.0
510.0,2026-03-12 01:00:00,2026-03-12,01:00:00,5158.2001953125,5178.39990234375,5156.2001953125,5174.39990234375,4479,2.0
511.0,2026-03-12 02:00:00,2026-03-12,02:00:00,5173.7001953125,5180.60009765625,5150.5,5156.0,4453,2.0
512.0,2026-03-12 03:00:00,2026-03-12,03:00:00,5155.7001953125,5160.5,5152.0,5158.2001953125,2543,2.0
513.0,2026-03-12 04:00:00,2026-03-12,04:00:00,5158.39990234375,5159.2001953125,5145.2998046875,5147.39990234375,1775,2.0
514.0,2026-03-12 05:00:00,2026-03-12,05:00:00,5147.60009765625,5162.5,5142.0,5159.7001953125,2469,2.0
515.0,2026-03-12 06:00:00,2026-03-12,06:00:00,5159.60009765625,5176.2001953125,5152.7001953125,5172.60009765625,3128,2.0
516.0,2026-03-12 07:00:00,2026-03-12,07:00:00,5171.89990234375,5190.89990234375,5170.2998046875,5188.39990234375,4092,2.0
517.0,2026-03-12 08:00:00,2026-03-12,08:00:00,5188.2001953125,5195.89990234375,5181.39990234375,5184.39990234375,4195,2.0
518.0,2026-03-12 09:00:00,2026-03-12,09:00:00,5184.60009765625,5196.2001953125,5179.7998046875,5194.2001953125,4448,2.0
519.0,2026-03-12 10:00:00,2026-03-12,10:00:00,5194.10009765625,5197.7998046875,5181.7998046875,5188.2001953125,4975,2.0
520.0,2026-03-12 11:00:00,2026-03-12,11:00:00,5187.89990234375,5189.60009765625,5178.60009765625,5184.7998046875,2449,2.0
521.0,2026-03-12 12:00:00,2026-03-12,12:00:00,5185.0,5192.2998046875,5168.5,5187.7001953125,7942,2.0
522.0,2026-03-12 13:00:00,2026-03-12,13:00:00,5187.5,5192.5,5152.10009765625,5157.39990234375,12991,2.0
523.0,2026-03-12 14:00:00,2026-03-12,14:00:00,5157.0,5170.2001953125,5144.2001953125,5148.7998046875,10328,2.0
524.0,2026-03-12 15:00:00,2026-03-12,15:00:00,5148.60009765625,5150.89990234375,5114.60009765625,5138.0,16059,2.0
525.0,2026-03-12 16:00:00,2026-03-12,16:00:00,5138.10009765625,5144.2998046875,5126.7998046875,5130.10009765625,10170,2.0
526.0,2026-03-12 17:00:00,2026-03-12,17:00:00,5129.89990234375,5136.5,5109.0,5112.39990234375,13911,2.0
527.0,2026-03-12 18:00:00,2026-03-12,18:00:00,5111.89990234375,5119.5,5095.2998046875,5100.0,6878,2.0
528.0,2026-03-12 19:00:00,2026-03-12,19:00:00,5100.2001953125,5102.89990234375,5084.5,5091.7001953125,7030,2.0
529.0,2026-03-12 20:00:00,2026-03-12,20:00:00,5092.0,5097.60009765625,5058.2001953125,5084.10009765625,0,2.0
530.0,2026-03-12 22:00:00,2026-03-12,22:00:00,5084.0,5099.2998046875,5074.60009765625,5099.10009765625,2227,2.0
531.0,2026-03-12 23:00:00,2026-03-12,23:00:00,5099.60009765625,5104.39990234375,5092.60009765625,5101.5,2764,2.0
532.0,2026-03-13 00:00:00,2026-03-13,00:00:00,5101.0,5118.10009765625,5100.39990234375,5116.60009765625,3464,2.0
533.0,2026-03-13 01:00:00,2026-03-13,01:00:00,5116.7001953125,5128.5,5111.39990234375,5128.5,7335,2.0
534.0,2026-03-13 02:00:00,2026-03-13,02:00:00,5127.89990234375,5132.39990234375,5113.7001953125,5115.39990234375,3702,2.0
535.0,2026-03-13 03:00:00,2026-03-13,03:00:00,5115.7998046875,5120.0,5109.39990234375,5119.2001953125,2329,2.0
536.0,2026-03-13 04:00:00,2026-03-13,04:00:00,5118.89990234375,5121.10009765625,5105.5,5107.10009765625,2037,2.0
537.0,2026-03-13 05:00:00,2026-03-13,05:00:00,5107.39990234375,5114.89990234375,5100.60009765625,5106.2001953125,4068,2.0
538.0,2026-03-13 06:00:00,2026-03-13,06:00:00,5106.10009765625,5111.2998046875,5088.60009765625,5092.2001953125,5385,2.0
539.0,2026-03-13 07:00:00,2026-03-13,07:00:00,5092.2001953125,5098.2998046875,5075.5,5089.5,5635,2.0
540.0,2026-03-13 08:00:00,2026-03-13,08:00:00,5089.7998046875,5092.7998046875,5066.0,5092.2001953125,6613,2.0
541.0,2026-03-13 09:00:00,2026-03-13,09:00:00,5092.2998046875,5101.89990234375,5087.89990234375,5094.2998046875,4103,2.0
542.0,2026-03-13 10:00:00,2026-03-13,10:00:00,5094.0,5103.39990234375,5085.0,5099.60009765625,4561,2.0
543.0,2026-03-13 11:00:00,2026-03-13,11:00:00,5099.89990234375,5112.89990234375,5091.10009765625,5112.89990234375,4828,2.0
544.0,2026-03-13 12:00:00,2026-03-13,12:00:00,5113.0,5128.5,5109.7998046875,5124.39990234375,7661,2.0
545.0,2026-03-13 13:00:00,2026-03-13,13:00:00,5124.60009765625,5127.89990234375,5102.10009765625,5107.5,8918,2.0
546.0,2026-03-13 14:00:00,2026-03-13,14:00:00,5107.10009765625,5114.10009765625,5039.2998046875,5045.7998046875,17577,2.0
547.0,2026-03-13 15:00:00,2026-03-13,15:00:00,5045.89990234375,5076.2001953125,5032.2001953125,5039.10009765625,20600,2.0
548.0,2026-03-13 16:00:00,2026-03-13,16:00:00,5038.7998046875,5057.0,5022.7998046875,5050.60009765625,13963,2.0
549.0,2026-03-13 17:00:00,2026-03-13,17:00:00,5050.10009765625,5068.10009765625,5047.5,5050.89990234375,9916,2.0
550.0,2026-03-13 18:00:00,2026-03-13,18:00:00,5050.7998046875,5056.0,5040.7001953125,5050.89990234375,4572,2.0
551.0,2026-03-13 19:00:00,2026-03-13,19:00:00,5050.89990234375,5054.2001953125,5014.10009765625,5022.0,8977,2.0
552.0,2026-03-13 20:00:00,2026-03-13,20:00:00,5022.2998046875,5061.7001953125,5017.0,5061.7001953125,0,2.0
553.0,2026-03-15 22:00:00,2026-03-15,22:00:00,5027.60009765625,5029.89990234375,5003.0,5028.7998046875,4915,2.0
554.0,2026-03-15 23:00:00,2026-03-15,23:00:00,5028.0,5030.0,4970.10009765625,5000.60009765625,6451,2.0
555.0,2026-03-16 00:00:00,2026-03-16,00:00:00,5001.10009765625,5035.39990234375,5000.0,5030.39990234375,5504,2.0
556.0,2026-03-16 01:00:00,2026-03-16,01:00:00,5031.5,5031.5,4986.0,5020.0,6495,2.0
557.0,2026-03-16 02:00:00,2026-03-16,02:00:00,5019.39990234375,5022.7001953125,5001.39990234375,5006.60009765625,2954,2.0
558.0,2026-03-16 03:00:00,2026-03-16,03:00:00,5007.2001953125,5024.2998046875,5001.39990234375,5022.5,2353,2.0
559.0,2026-03-16 04:00:00,2026-03-16,04:00:00,5023.2001953125,5030.10009765625,5016.0,5016.5,1556,2.0
560.0,2026-03-16 05:00:00,2026-03-16,05:00:00,5016.39990234375,5024.0,5006.89990234375,5021.10009765625,2199,2.0
561.0,2026-03-16 06:00:00,2026-03-16,06:00:00,5021.0,5039.7998046875,5008.5,5016.2001953125,5219,2.0
562.0,2026-03-16 07:00:00,2026-03-16,07:00:00,5016.10009765625,5020.0,4992.89990234375,4998.89990234375,6856,2.0
563.0,2026-03-16 08:00:00,2026-03-16,08:00:00,4998.7001953125,5008.0,4988.2001953125,4995.0,8068,2.0
564.0,2026-03-16 09:00:00,2026-03-16,09:00:00,4994.10009765625,4995.60009765625,4976.5,4979.39990234375,9581,2.0
565.0,2026-03-16 10:00:00,2026-03-16,10:00:00,4979.7001953125,5005.2998046875,4973.5,5004.2001953125,7860,2.0
566.0,2026-03-16 11:00:00,2026-03-16,11:00:00,5004.2998046875,5028.2001953125,4996.7998046875,5001.89990234375,9349,2.0
567.0,2026-03-16 12:00:00,2026-03-16,12:00:00,5001.7001953125,5033.5,4999.5,5024.89990234375,13053,2.0
568.0,2026-03-16 13:00:00,2026-03-16,13:00:00,5025.39990234375,5041.2998046875,5018.7998046875,5035.7001953125,12908,2.0
569.0,2026-03-16 14:00:00,2026-03-16,14:00:00,5035.7998046875,5044.5,4992.10009765625,5000.7998046875,16157,2.0
570.0,2026-03-16 15:00:00,2026-03-16,15:00:00,5000.39990234375,5010.89990234375,4988.5,4991.89990234375,14779,2.0
571.0,2026-03-16 16:00:00,2026-03-16,16:00:00,4991.5,5004.2001953125,4978.60009765625,4995.89990234375,9464,2.0
572.0,2026-03-16 17:00:00,2026-03-16,17:00:00,4996.10009765625,5009.60009765625,4989.5,4996.7001953125,8491,2.0
573.0,2026-03-16 18:00:00,2026-03-16,18:00:00,4997.0,5024.0,4995.7998046875,5018.89990234375,5640,2.0
574.0,2026-03-16 19:00:00,2026-03-16,19:00:00,5018.7001953125,5026.5,5014.0,5019.2998046875,4156,2.0
575.0,2026-03-16 20:00:00,2026-03-16,20:00:00,5018.89990234375,5028.0,5010.7998046875,5011.2998046875,2408,2.0
576.0,2026-03-16 22:00:00,2026-03-16,22:00:00,5012.2001953125,5021.89990234375,5003.89990234375,5007.60009765625,0,2.0
577.0,2026-03-16 23:00:00,2026-03-16,23:00:00,5007.2001953125,5021.0,5007.0,5018.0,1282,2.0
578.0,2026-03-17 00:00:00,2026-03-17,00:00:00,5018.0,5019.2998046875,5002.2998046875,5007.10009765625,1875,2.0
579.0,2026-03-17 01:00:00,2026-03-17,01:00:00,5006.2998046875,5032.7001953125,4998.7001953125,5032.10009765625,3693,2.0
580.0,2026-03-17 02:00:00,2026-03-17,02:00:00,5032.2998046875,5034.10009765625,5024.10009765625,5026.2001953125,1783,2.0
581.0,2026-03-17 03:00:00,2026-03-17,03:00:00,5026.0,5037.5,5024.2001953125,5030.2998046875,1698,2.0
582.0,2026-03-17 04:00:00,2026-03-17,04:00:00,5031.10009765625,5046.7001953125,5030.10009765625,5042.39990234375,2344,2.0
583.0,2026-03-17 05:00:00,2026-03-17,05:00:00,5043.10009765625,5049.39990234375,5024.2998046875,5024.5,4025,2.0
584.0,2026-03-17 06:00:00,2026-03-17,06:00:00,5025.2998046875,5027.0,5009.0,5013.89990234375,5001,2.0
585.0,2026-03-17 07:00:00,2026-03-17,07:00:00,5013.7001953125,5031.89990234375,5013.0,5025.0,4682,2.0
586.0,2026-03-17 08:00:00,2026-03-17,08:00:00,5025.2001953125,5033.5,5022.2998046875,5029.0,4513,2.0
587.0,2026-03-17 09:00:00,2026-03-17,09:00:00,5029.2001953125,5030.2998046875,5014.39990234375,5014.7001953125,4778,2.0
588.0,2026-03-17 10:00:00,2026-03-17,10:00:00,5014.7001953125,5020.7001953125,4994.7998046875,5004.39990234375,8149,2.0
589.0,2026-03-17 11:00:00,2026-03-17,11:00:00,5004.0,5016.10009765625,5001.0,5007.2998046875,4130,2.0
590.0,2026-03-17 12:00:00,2026-03-17,12:00:00,5007.0,5029.0,5003.2998046875,5016.2998046875,8058,2.0
591.0,2026-03-17 13:00:00,2026-03-17,13:00:00,5016.60009765625,5036.7001953125,5010.60009765625,5021.89990234375,12007,2.0
592.0,2026-03-17 14:00:00,2026-03-17,14:00:00,5021.60009765625,5026.5,5007.2001953125,5012.5,8055,2.0
593.0,2026-03-17 15:00:00,2026-03-17,15:00:00,5011.89990234375,5022.2001953125,4977.0,5002.60009765625,16059,2.0
594.0,2026-03-17 16:00:00,2026-03-17,16:00:00,5002.5,5010.2998046875,4995.60009765625,5006.39990234375,6952,2.0
595.0,2026-03-17 17:00:00,2026-03-17,17:00:00,5006.5,5013.7001953125,5001.0,5007.0,7244,2.0
596.0,2026-03-17 18:00:00,2026-03-17,18:00:00,5007.39990234375,5013.5,5003.89990234375,5007.5,2777,2.0
597.0,2026-03-17 19:00:00,2026-03-17,19:00:00,5007.10009765625,5009.39990234375,5000.39990234375,5005.10009765625,3302,2.0
598.0,2026-03-17 20:00:00,2026-03-17,20:00:00,5004.89990234375,5011.60009765625,5004.7001953125,5011.2998046875,1693,2.0
599.0,2026-03-17 22:00:00,2026-03-17,22:00:00,5010.60009765625,5011.2001953125,4996.89990234375,5003.60009765625,0,2.0
600.0,2026-03-17 23:00:00,2026-03-17,23:00:00,5003.39990234375,5007.89990234375,5002.2001953125,5006.60009765625,587,2.0
601.0,2026-03-18 00:00:00,2026-03-18,00:00:00,5006.60009765625,5017.2998046875,5004.7001953125,5008.39990234375,3174,2.0
602.0,2026-03-18 01:00:00,2026-03-18,01:00:00,5008.89990234375,5022.0,4994.2998046875,5002.2001953125,5126,2.0
603.0,2026-03-18 02:00:00,2026-03-18,02:00:00,5002.2001953125,5010.7001953125,4993.0,4994.89990234375,2187,2.0
604.0,2026-03-18 03:00:00,2026-03-18,03:00:00,4994.89990234375,5000.89990234375,4988.5,4992.7001953125,2088,2.0
605.0,2026-03-18 04:00:00,2026-03-18,04:00:00,4994.5,4997.0,4984.89990234375,4989.89990234375,2579,2.0
606.0,2026-03-18 05:00:00,2026-03-18,05:00:00,4990.39990234375,5006.2001953125,4987.7001953125,5001.10009765625,3782,2.0
607.0,2026-03-18 06:00:00,2026-03-18,06:00:00,5000.39990234375,5020.5,4999.60009765625,5013.7998046875,4444,2.0
608.0,2026-03-18 07:00:00,2026-03-18,07:00:00,5014.10009765625,5019.39990234375,4994.7001953125,4999.10009765625,3934,2.0
609.0,2026-03-18 08:00:00,2026-03-18,08:00:00,4999.0,5001.7001953125,4981.10009765625,4990.7001953125,10728,2.0
610.0,2026-03-18 09:00:00,2026-03-18,09:00:00,4991.10009765625,5000.0,4988.7001953125,4996.39990234375,4026,2.0
611.0,2026-03-18 10:00:00,2026-03-18,10:00:00,4996.2998046875,4996.39990234375,4962.60009765625,4971.7001953125,11330,2.0
612.0,2026-03-18 11:00:00,2026-03-18,11:00:00,4971.7001953125,4977.7001953125,4928.0,4933.2998046875,18535,2.0
613.0,2026-03-18 12:00:00,2026-03-18,12:00:00,4933.89990234375,4935.89990234375,4873.0,4884.39990234375,30884,2.0
614.0,2026-03-18 13:00:00,2026-03-18,13:00:00,4884.0,4889.2001953125,4837.10009765625,4881.7998046875,30042,2.0
615.0,2026-03-18 14:00:00,2026-03-18,14:00:00,4881.89990234375,4899.0,4859.39990234375,4873.10009765625,14620,2.0
616.0,2026-03-18 15:00:00,2026-03-18,15:00:00,4872.89990234375,4883.60009765625,4864.5,4866.2998046875,8080,2.0
617.0,2026-03-18 16:00:00,2026-03-18,16:00:00,4866.2001953125,4894.7998046875,4864.7001953125,4891.2001953125,7334,2.0
618.0,2026-03-18 17:00:00,2026-03-18,17:00:00,4891.39990234375,4904.0,4888.10009765625,4895.10009765625,10551,2.0
619.0,2026-03-18 18:00:00,2026-03-18,18:00:00,4895.2001953125,4904.5,4856.2001953125,4857.2998046875,12095,2.0
620.0,2026-03-18 19:00:00,2026-03-18,19:00:00,4856.89990234375,4868.89990234375,4841.39990234375,4846.7998046875,11113,2.0
621.0,2026-03-18 20:00:00,2026-03-18,20:00:00,4846.5,4852.10009765625,4809.2998046875,4823.89990234375,7915,2.0
622.0,2026-03-18 22:00:00,2026-03-18,22:00:00,4828.0,4842.0,4806.0,4837.10009765625,0,2.0
623.0,2026-03-18 23:00:00,2026-03-18,23:00:00,4836.5,4845.0,4830.5,4839.2001953125,1937,2.0
624.0,2026-03-19 00:00:00,2026-03-19,00:00:00,4838.39990234375,4850.7998046875,4837.60009765625,4842.60009765625,2707,2.0
625.0,2026-03-19 01:00:00,2026-03-19,01:00:00,4842.2998046875,4868.7001953125,4833.7001953125,4851.2998046875,5558,2.0
626.0,2026-03-19 02:00:00,2026-03-19,02:00:00,4851.2001953125,4863.39990234375,4842.60009765625,4859.5,2784,2.0
627.0,2026-03-19 03:00:00,2026-03-19,03:00:00,4859.7998046875,4867.39990234375,4852.2998046875,4852.7001953125,2038,2.0
628.0,2026-03-19 04:00:00,2026-03-19,04:00:00,4852.39990234375,4855.2001953125,4847.0,4851.7998046875,1193,2.0
629.0,2026-03-19 05:00:00,2026-03-19,05:00:00,4851.5,4855.7001953125,4828.10009765625,4829.2001953125,4298,2.0
630.0,2026-03-19 06:00:00,2026-03-19,06:00:00,4829.10009765625,4844.2001953125,4749.0,4765.2001953125,14291,2.0
631.0,2026-03-19 07:00:00,2026-03-19,07:00:00,4765.2998046875,4786.0,4727.2998046875,4729.60009765625,11354,2.0
632.0,2026-03-19 08:00:00,2026-03-19,08:00:00,4729.2998046875,4742.2001953125,4688.0,4710.60009765625,16114,2.0
633.0,2026-03-19 09:00:00,2026-03-19,09:00:00,4711.2001953125,4728.10009765625,4690.2998046875,4701.10009765625,12786,2.0
634.0,2026-03-19 10:00:00,2026-03-19,10:00:00,4700.60009765625,4722.0,4669.39990234375,4681.89990234375,16441,2.0
635.0,2026-03-19 11:00:00,2026-03-19,11:00:00,4682.2998046875,4702.7001953125,4652.39990234375,4654.39990234375,16882,2.0
636.0,2026-03-19 12:00:00,2026-03-19,12:00:00,4654.89990234375,4657.0,4533.10009765625,4577.2998046875,40229,2.0
637.0,2026-03-19 13:00:00,2026-03-19,13:00:00,4576.10009765625,4625.0,4505.0,4624.0,41771,2.0
638.0,2026-03-19 14:00:00,2026-03-19,14:00:00,4624.89990234375,4651.7998046875,4583.39990234375,4603.5,29577,2.0
639.0,2026-03-19 15:00:00,2026-03-19,15:00:00,4603.2001953125,4641.7001953125,4566.0,4598.2998046875,20907,2.0
640.0,2026-03-19 16:00:00,2026-03-19,16:00:00,4598.0,4628.0,4579.2001953125,4587.10009765625,13233,2.0
641.0,2026-03-19 17:00:00,2026-03-19,17:00:00,4587.2001953125,4633.2998046875,4576.7001953125,4618.7998046875,14104,2.0
642.0,2026-03-19 18:00:00,2026-03-19,18:00:00,4619.2998046875,4626.2998046875,4598.7001953125,4625.7998046875,7156,2.0
643.0,2026-03-19 19:00:00,2026-03-19,19:00:00,4625.7998046875,4666.89990234375,4625.7998046875,4647.89990234375,14104,2.0
644.0,2026-03-19 20:00:00,2026-03-19,20:00:00,4647.5,4664.7001953125,4646.0,4651.89990234375,3483,2.0
645.0,2026-03-19 22:00:00,2026-03-19,22:00:00,4653.89990234375,4679.5,4638.0,4638.10009765625,0,2.0
646.0,2026-03-19 23:00:00,2026-03-19,23:00:00,4638.7001953125,4650.0,4635.7998046875,4645.5,2093,2.0
647.0,2026-03-20 00:00:00,2026-03-20,00:00:00,4645.5,4666.60009765625,4643.89990234375,4649.5,3039,2.0
648.0,2026-03-20 01:00:00,2026-03-20,01:00:00,4649.60009765625,4701.5,4640.5,4679.10009765625,8676,2.0
649.0,2026-03-20 02:00:00,2026-03-20,02:00:00,4680.0,4704.5,4672.2001953125,4699.2998046875,5110,2.0
650.0,2026-03-20 03:00:00,2026-03-20,03:00:00,4698.89990234375,4738.2001953125,4694.39990234375,4725.2001953125,5710,2.0
651.0,2026-03-20 04:00:00,2026-03-20,04:00:00,4726.2998046875,4728.0,4715.5,4722.0,2676,2.0
652.0,2026-03-20 05:00:00,2026-03-20,05:00:00,4722.0,4724.10009765625,4686.7998046875,4689.89990234375,5495,2.0
653.0,2026-03-20 06:00:00,2026-03-20,06:00:00,4690.0,4702.60009765625,4661.60009765625,4670.2998046875,7131,2.0
654.0,2026-03-20 07:00:00,2026-03-20,07:00:00,4669.89990234375,4709.0,4668.7998046875,4707.2001953125,6768,2.0
655.0,2026-03-20 08:00:00,2026-03-20,08:00:00,4707.7001953125,4736.2998046875,4685.2001953125,4695.10009765625,11543,2.0
656.0,2026-03-20 09:00:00,2026-03-20,09:00:00,4694.5,4701.7998046875,4660.5,4668.39990234375,7183,2.0
657.0,2026-03-20 10:00:00,2026-03-20,10:00:00,4668.2998046875,4670.5,4639.10009765625,4646.39990234375,10086,2.0
658.0,2026-03-20 11:00:00,2026-03-20,11:00:00,4645.7998046875,4676.0,4638.2001953125,4673.39990234375,7046,2.0
659.0,2026-03-20 12:00:00,2026-03-20,12:00:00,4673.39990234375,4696.89990234375,4662.7998046875,4679.0,11455,2.0
660.0,2026-03-20 13:00:00,2026-03-20,13:00:00,4679.39990234375,4680.5,4613.10009765625,4617.0,19865,2.0
661.0,2026-03-20 14:00:00,2026-03-20,14:00:00,4617.10009765625,4623.2001953125,4547.60009765625,4564.89990234375,26207,2.0
662.0,2026-03-20 15:00:00,2026-03-20,15:00:00,4564.5,4582.39990234375,4542.10009765625,4555.2998046875,16663,2.0
663.0,2026-03-20 16:00:00,2026-03-20,16:00:00,4554.89990234375,4616.2998046875,4554.0,4585.2998046875,16772,2.0
664.0,2026-03-20 17:00:00,2026-03-20,17:00:00,4585.60009765625,4602.5,4556.7001953125,4575.89990234375,13556,2.0
665.0,2026-03-20 18:00:00,2026-03-20,18:00:00,4576.10009765625,4580.5,4478.39990234375,4500.7001953125,16249,2.0
666.0,2026-03-20 19:00:00,2026-03-20,19:00:00,4501.2998046875,4518.7001953125,4487.39990234375,4503.7998046875,10062,2.0
667.0,2026-03-20 20:00:00,2026-03-20,20:00:00,4503.5,4574.89990234375,4488.5,4492.0,4003,2.0
668.0,2026-03-22 22:00:00,2026-03-22,22:00:00,4511.7001953125,4537.10009765625,4490.0,4498.10009765625,5750,2.0
669.0,2026-03-22 23:00:00,2026-03-22,23:00:00,4499.2998046875,4511.2001953125,4453.2001953125,4465.89990234375,7327,2.0
670.0,2026-03-23 00:00:00,2026-03-23,00:00:00,4466.2001953125,4474.7998046875,4322.0,4356.39990234375,23933,2.0
671.0,2026-03-23 01:00:00,2026-03-23,01:00:00,4357.7001953125,4455.0,4330.0,4390.0,16646,2.0
672.0,2026-03-23 02:00:00,2026-03-23,02:00:00,4389.39990234375,4423.7998046875,4356.0,4362.2998046875,12129,2.0
673.0,2026-03-23 03:00:00,2026-03-23,03:00:00,4362.0,4379.39990234375,4337.5,4355.2998046875,8729,2.0
674.0,2026-03-23 04:00:00,2026-03-23,04:00:00,4355.89990234375,4385.0,4353.2001953125,4370.89990234375,6159,2.0
675.0,2026-03-23 05:00:00,2026-03-23,05:00:00,4370.5,4383.2001953125,4305.5,4314.10009765625,11549,2.0
676.0,2026-03-23 06:00:00,2026-03-23,06:00:00,4313.7998046875,4317.10009765625,4166.0,4225.10009765625,34076,2.0
677.0,2026-03-23 07:00:00,2026-03-23,07:00:00,4224.7998046875,4233.7998046875,4100.0,4205.7001953125,32362,2.0
678.0,2026-03-23 08:00:00,2026-03-23,08:00:00,4206.5,4273.2998046875,4203.60009765625,4251.7001953125,21649,2.0
679.0,2026-03-23 09:00:00,2026-03-23,09:00:00,4252.60009765625,4310.2998046875,4224.10009765625,4254.5,18698,2.0
680.0,2026-03-23 10:00:00,2026-03-23,10:00:00,4254.7001953125,4283.0,4241.7998046875,4270.0,10208,2.0
681.0,2026-03-23 11:00:00,2026-03-23,11:00:00,4270.39990234375,4466.2998046875,4270.10009765625,4379.2001953125,33188,2.0
682.0,2026-03-23 12:00:00,2026-03-23,12:00:00,4380.10009765625,4495.5,4338.0,4480.60009765625,21627,2.0
683.0,2026-03-23 13:00:00,2026-03-23,13:00:00,4481.60009765625,4489.0,4404.0,4457.60009765625,23269,2.0
684.0,2026-03-23 14:00:00,2026-03-23,14:00:00,4457.60009765625,4516.5,4455.89990234375,4463.5,23762,2.0
685.0,2026-03-23 15:00:00,2026-03-23,15:00:00,4464.39990234375,4488.89990234375,4350.7998046875,4365.60009765625,25658,2.0
686.0,2026-03-23 16:00:00,2026-03-23,16:00:00,4364.10009765625,4394.0,4354.10009765625,4378.10009765625,15172,2.0
687.0,2026-03-23 17:00:00,2026-03-23,17:00:00,4378.0,4441.5,4372.7001953125,4428.7998046875,18047,2.0
688.0,2026-03-23 18:00:00,2026-03-23,18:00:00,4428.89990234375,4469.5,4404.7998046875,4451.0,6833,2.0
689.0,2026-03-23 19:00:00,2026-03-23,19:00:00,4451.60009765625,4452.5,4394.60009765625,4401.5,9241,2.0
690.0,2026-03-23 20:00:00,2026-03-23,20:00:00,4400.7001953125,4416.10009765625,4385.0,4410.39990234375,2491,2.0
691.0,2026-03-23 22:00:00,2026-03-23,22:00:00,4414.7998046875,4433.7998046875,4363.5,4429.89990234375,0,2.0
692.0,2026-03-23 23:00:00,2026-03-23,23:00:00,4428.7001953125,4450.5,4424.0,4442.7998046875,3190,2.0
693.0,2026-03-24 00:00:00,2026-03-24,00:00:00,4442.7001953125,4448.39990234375,4329.0,4366.89990234375,7677,2.0
694.0,2026-03-24 01:00:00,2026-03-24,01:00:00,4366.60009765625,4376.89990234375,4309.2001953125,4323.39990234375,9231,2.0
695.0,2026-03-24 02:00:00,2026-03-24,02:00:00,4323.10009765625,4380.10009765625,4306.2998046875,4366.89990234375,6621,2.0
696.0,2026-03-24 03:00:00,2026-03-24,03:00:00,4367.10009765625,4368.60009765625,4335.39990234375,4346.7998046875,3073,2.0
697.0,2026-03-24 04:00:00,2026-03-24,04:00:00,4347.39990234375,4357.7001953125,4327.0,4334.0,2581,2.0
698.0,2026-03-24 05:00:00,2026-03-24,05:00:00,4334.5,4375.39990234375,4319.89990234375,4349.5,6232,2.0
699.0,2026-03-24 06:00:00,2026-03-24,06:00:00,4348.89990234375,4406.7001953125,4345.5,4403.7998046875,6113,2.0
700.0,2026-03-24 07:00:00,2026-03-24,07:00:00,4402.5,4437.60009765625,4401.0,4420.2001953125,8472,2.0
701.0,2026-03-24 08:00:00,2026-03-24,08:00:00,4420.10009765625,4423.60009765625,4392.7001953125,4413.5,8800,2.0
702.0,2026-03-24 09:00:00,2026-03-24,09:00:00,4413.10009765625,4432.2001953125,4397.2998046875,4427.7001953125,6689,2.0
703.0,2026-03-24 10:00:00,2026-03-24,10:00:00,4428.0,4442.89990234375,4415.2001953125,4439.7001953125,7584,2.0
704.0,2026-03-24 11:00:00,2026-03-24,11:00:00,4438.89990234375,4443.2001953125,4372.39990234375,4408.0,14144,2.0
705.0,2026-03-24 12:00:00,2026-03-24,12:00:00,4408.2001953125,4427.60009765625,4361.7001953125,4378.7001953125,15189,2.0
706.0,2026-03-24 13:00:00,2026-03-24,13:00:00,4379.0,4390.7001953125,4350.39990234375,4382.5,20103,2.0
707.0,2026-03-24 14:00:00,2026-03-24,14:00:00,4381.0,4435.0,4380.39990234375,4416.2998046875,17194,2.0
708.0,2026-03-24 15:00:00,2026-03-24,15:00:00,4415.7998046875,4431.2001953125,4396.5,4412.7998046875,14146,2.0
709.0,2026-03-24 16:00:00,2026-03-24,16:00:00,4412.39990234375,4428.89990234375,4403.7001953125,4422.2001953125,11557,2.0
710.0,2026-03-24 17:00:00,2026-03-24,17:00:00,4422.2001953125,4427.60009765625,4372.2001953125,4388.2998046875,13794,2.0
711.0,2026-03-24 18:00:00,2026-03-24,18:00:00,4388.2998046875,4424.5,4383.60009765625,4390.89990234375,7903,2.0
712.0,2026-03-24 19:00:00,2026-03-24,19:00:00,4390.0,4411.89990234375,4389.39990234375,4400.89990234375,3568,2.0
713.0,2026-03-24 20:00:00,2026-03-24,20:00:00,4400.7998046875,4485.60009765625,4397.7001953125,4474.89990234375,9429,2.0
714.0,2026-03-24 22:00:00,2026-03-24,22:00:00,4473.5,4492.2998046875,4458.2001953125,4487.7001953125,0,2.0
715.0,2026-03-24 23:00:00,2026-03-24,23:00:00,4487.5,4555.0,4475.39990234375,4549.2001953125,9333,2.0
716.0,2026-03-25 00:00:00,2026-03-25,00:00:00,4549.0,4572.7998046875,4540.5,4564.89990234375,10775,2.0
717.0,2026-03-25 01:00:00,2026-03-25,01:00:00,4564.7998046875,4600.0,4553.2998046875,4593.2001953125,13927,2.0
718.0,2026-03-25 02:00:00,2026-03-25,02:00:00,4593.2998046875,4601.0,4578.2998046875,4581.89990234375,9213,2.0
719.0,2026-03-25 03:00:00,2026-03-25,03:00:00,4581.5,4584.39990234375,4566.10009765625,4567.7998046875,6076,2.0
720.0,2026-03-25 04:00:00,2026-03-25,04:00:00,4568.5,4573.2001953125,4563.89990234375,4571.2001953125,3077,2.0
721.0,2026-03-25 05:00:00,2026-03-25,05:00:00,4571.10009765625,4572.0,4546.7001953125,4555.0,5910,2.0
722.0,2026-03-25 06:00:00,2026-03-25,06:00:00,4555.0,4556.10009765625,4532.5,4543.7998046875,7617,2.0
723.0,2026-03-25 07:00:00,2026-03-25,07:00:00,4543.89990234375,4561.7998046875,4536.7001953125,4539.0,9557,2.0
724.0,2026-03-25 08:00:00,2026-03-25,08:00:00,4539.2001953125,4568.7001953125,4535.60009765625,4555.60009765625,10282,2.0
725.0,2026-03-25 09:00:00,2026-03-25,09:00:00,4555.7001953125,4567.0,4525.7001953125,4550.39990234375,10492,2.0
726.0,2026-03-25 10:00:00,2026-03-25,10:00:00,4550.7001953125,4561.2998046875,4549.5,4557.10009765625,6186,2.0
727.0,2026-03-25 11:00:00,2026-03-25,11:00:00,4557.5,4586.2001953125,4554.60009765625,4577.39990234375,8361,2.0
728.0,2026-03-25 12:00:00,2026-03-25,12:00:00,4577.7998046875,4582.5,4519.5,4542.39990234375,17116,2.0
729.0,2026-03-25 13:00:00,2026-03-25,13:00:00,4542.7998046875,4575.7998046875,4539.2001953125,4543.2998046875,20226,2.0
730.0,2026-03-25 14:00:00,2026-03-25,14:00:00,4543.2998046875,4577.60009765625,4531.2001953125,4565.2998046875,14184,2.0
731.0,2026-03-25 15:00:00,2026-03-25,15:00:00,4565.2001953125,4567.60009765625,4522.0,4557.39990234375,17899,2.0
732.0,2026-03-25 16:00:00,2026-03-25,16:00:00,4557.10009765625,4563.2001953125,4543.5,4553.39990234375,8289,2.0
733.0,2026-03-25 17:00:00,2026-03-25,17:00:00,4553.5,4561.7001953125,4540.7998046875,4548.2001953125,19094,2.0
734.0,2026-03-25 18:00:00,2026-03-25,18:00:00,4548.0,4566.60009765625,4528.2001953125,4535.7001953125,9513,2.0
735.0,2026-03-25 19:00:00,2026-03-25,19:00:00,4535.0,4537.2998046875,4484.2998046875,4528.7001953125,12465,2.0
736.0,2026-03-25 20:00:00,2026-03-25,20:00:00,4528.2998046875,4539.60009765625,4492.89990234375,4503.2998046875,4308,2.0
737.0,2026-03-25 22:00:00,2026-03-25,22:00:00,4508.89990234375,4531.10009765625,4501.89990234375,4513.89990234375,0,2.0
738.0,2026-03-25 23:00:00,2026-03-25,23:00:00,4513.89990234375,4515.2001953125,4485.60009765625,4495.2998046875,3598,2.0
739.0,2026-03-26 00:00:00,2026-03-26,00:00:00,4495.2998046875,4536.60009765625,4495.2001953125,4533.2998046875,4567,2.0
740.0,2026-03-26 01:00:00,2026-03-26,01:00:00,4533.0,4541.60009765625,4518.7001953125,4532.0,3703,2.0
741.0,2026-03-26 02:00:00,2026-03-26,02:00:00,4532.2998046875,4532.2998046875,4501.89990234375,4505.2001953125,3542,2.0
742.0,2026-03-26 03:00:00,2026-03-26,03:00:00,4505.10009765625,4515.0,4495.7998046875,4510.2001953125,2651,2.0
743.0,2026-03-26 04:00:00,2026-03-26,04:00:00,4513.2998046875,4520.89990234375,4508.0,4516.89990234375,1749,2.0
744.0,2026-03-26 05:00:00,2026-03-26,05:00:00,4517.0,4518.7001953125,4434.89990234375,4435.0,9488,2.0
745.0,2026-03-26 06:00:00,2026-03-26,06:00:00,4434.7001953125,4456.39990234375,4412.10009765625,4452.89990234375,10332,2.0
746.0,2026-03-26 07:00:00,2026-03-26,07:00:00,4453.10009765625,4460.5,4434.2998046875,4449.39990234375,8135,2.0
747.0,2026-03-26 08:00:00,2026-03-26,08:00:00,4448.7001953125,4456.0,4409.2998046875,4424.7998046875,11850,2.0
748.0,2026-03-26 09:00:00,2026-03-26,09:00:00,4425.39990234375,4434.10009765625,4412.10009765625,4421.2998046875,10331,2.0
749.0,2026-03-26 10:00:00,2026-03-26,10:00:00,4421.10009765625,4445.2998046875,4414.60009765625,4440.2001953125,11194,2.0
750.0,2026-03-26 11:00:00,2026-03-26,11:00:00,4440.5,4453.10009765625,4415.89990234375,4419.7001953125,11846,2.0
751.0,2026-03-26 12:00:00,2026-03-26,12:00:00,4420.10009765625,4442.5,4412.7001953125,4426.7998046875,13200,2.0
752.0,2026-03-26 13:00:00,2026-03-26,13:00:00,4426.5,4457.7998046875,4417.60009765625,4450.10009765625,21820,2.0
753.0,2026-03-26 14:00:00,2026-03-26,14:00:00,4450.39990234375,4476.60009765625,4433.7001953125,4461.89990234375,21728,2.0
754.0,2026-03-26 15:00:00,2026-03-26,15:00:00,4461.5,4466.10009765625,4429.7998046875,4434.0,18036,2.0
755.0,2026-03-26 16:00:00,2026-03-26,16:00:00,4434.0,4438.89990234375,4362.7998046875,4385.2998046875,24936,2.0
756.0,2026-03-26 17:00:00,2026-03-26,17:00:00,4384.89990234375,4398.5,4372.5,4377.60009765625,16206,2.0
757.0,2026-03-26 18:00:00,2026-03-26,18:00:00,4377.2001953125,4394.5,4363.7001953125,4391.0,7403,2.0
758.0,2026-03-26 19:00:00,2026-03-26,19:00:00,4391.7001953125,4395.89990234375,4356.39990234375,4361.2998046875,7834,2.0
759.0,2026-03-26 20:00:00,2026-03-26,20:00:00,4361.10009765625,4416.7998046875,4348.2001953125,4376.89990234375,11897,2.0
760.0,2026-03-26 22:00:00,2026-03-26,22:00:00,4371.7998046875,4409.60009765625,4369.10009765625,4406.5,0,2.0
761.0,2026-03-26 23:00:00,2026-03-26,23:00:00,4404.89990234375,4408.5,4383.7998046875,4400.2998046875,1611,2.0
762.0,2026-03-27 00:00:00,2026-03-27,00:00:00,4399.39990234375,4405.2998046875,4370.5,4374.0,1168,2.0
763.0,2026-03-27 01:00:00,2026-03-27,01:00:00,4372.2998046875,4414.2998046875,4372.2998046875,4411.39990234375,1400,2.0
764.0,2026-03-27 02:00:00,2026-03-27,02:00:00,4413.39990234375,4434.60009765625,4413.39990234375,4426.10009765625,959,2.0
765.0,2026-03-27 03:00:00,2026-03-27,03:00:00,4427.0,4440.2001953125,4415.0,4432.0,565,2.0
766.0,2026-03-27 04:00:00,2026-03-27,04:00:00,4431.7998046875,4444.2001953125,4426.2001953125,4440.89990234375,400,2.0
767.0,2026-03-27 05:00:00,2026-03-27,05:00:00,4440.10009765625,4469.2998046875,4434.7001953125,4448.89990234375,1441,2.0
768.0,2026-03-27 06:00:00,2026-03-27,06:00:00,4448.0,4466.7998046875,4446.0,4453.60009765625,803,2.0
769.0,2026-03-27 07:00:00,2026-03-27,07:00:00,4453.10009765625,4483.2001953125,4441.2001953125,4475.2001953125,33353,2.0
770.0,2026-03-27 08:00:00,2026-03-27,08:00:00,4475.2998046875,4478.2001953125,4451.2998046875,4452.10009765625,7884,2.0
771.0,2026-03-27 09:00:00,2026-03-27,09:00:00,4452.0,4466.2001953125,4448.2998046875,4457.2001953125,5874,2.0
772.0,2026-03-27 10:00:00,2026-03-27,10:00:00,4457.2001953125,4461.0,4438.60009765625,4442.7998046875,8464,2.0
773.0,2026-03-27 11:00:00,2026-03-27,11:00:00,4443.2998046875,4453.7001953125,4432.2001953125,4447.5,9076,2.0
774.0,2026-03-27 12:00:00,2026-03-27,12:00:00,4447.60009765625,4472.39990234375,4439.7998046875,4465.39990234375,9804,2.0
775.0,2026-03-27 13:00:00,2026-03-27,13:00:00,4465.5,4471.2001953125,4441.0,4458.60009765625,16557,2.0
776.0,2026-03-27 14:00:00,2026-03-27,14:00:00,4460.5,4545.5,4459.0,4540.10009765625,25591,2.0
777.0,2026-03-27 15:00:00,2026-03-27,15:00:00,4540.2998046875,4585.2998046875,4531.60009765625,4554.39990234375,26505,2.0
778.0,2026-03-27 16:00:00,2026-03-27,16:00:00,4554.60009765625,4563.7998046875,4535.7998046875,4546.5,15121,2.0
779.0,2026-03-27 17:00:00,2026-03-27,17:00:00,4546.5,4552.7001953125,4515.0,4515.5,16961,2.0
780.0,2026-03-27 18:00:00,2026-03-27,18:00:00,4515.7998046875,4558.2998046875,4515.7998046875,4546.10009765625,6919,2.0
781.0,2026-03-27 19:00:00,2026-03-27,19:00:00,4547.10009765625,4555.2001953125,4529.39990234375,4543.10009765625,6096,2.0
782.0,2026-03-27 20:00:00,2026-03-27,20:00:00,4543.5,4549.2998046875,4518.89990234375,4521.2998046875,4464,2.0
783.0,2026-03-29 22:00:00,2026-03-29,22:00:00,4510.10009765625,4538.89990234375,4506.2998046875,4512.2998046875,3976,2.0
784.0,2026-03-29 23:00:00,2026-03-29,23:00:00,4513.39990234375,4521.10009765625,4472.0,4476.89990234375,5868,2.0
785.0,2026-03-30 00:00:00,2026-03-30,00:00:00,4477.0,4494.2001953125,4444.7001953125,4461.2001953125,9172,2.0
786.0,2026-03-30 01:00:00,2026-03-30,01:00:00,4460.60009765625,4506.39990234375,4460.2998046875,4498.5,7258,2.0
787.0,2026-03-30 02:00:00,2026-03-30,02:00:00,4498.7998046875,4528.7001953125,4487.7998046875,4510.89990234375,4454,2.0
788.0,2026-03-30 03:00:00,2026-03-30,03:00:00,4510.39990234375,4548.0,4508.10009765625,4528.10009765625,4735,2.0
789.0,2026-03-30 04:00:00,2026-03-30,04:00:00,4526.5,4528.5,4514.89990234375,4526.7998046875,2521,2.0
790.0,2026-03-30 05:00:00,2026-03-30,05:00:00,4526.7998046875,4557.39990234375,4526.60009765625,4551.5,3925,2.0
791.0,2026-03-30 06:00:00,2026-03-30,06:00:00,4551.60009765625,4579.2001953125,4545.7001953125,4560.0,6036,2.0
792.0,2026-03-30 07:00:00,2026-03-30,07:00:00,4559.60009765625,4562.7998046875,4543.2998046875,4555.2001953125,5488,2.0
793.0,2026-03-30 08:00:00,2026-03-30,08:00:00,4555.10009765625,4569.0,4552.7001953125,4566.89990234375,5381,2.0
794.0,2026-03-30 09:00:00,2026-03-30,09:00:00,4566.60009765625,4569.39990234375,4551.2998046875,4562.0,5278,2.0
795.0,2026-03-30 10:00:00,2026-03-30,10:00:00,4561.89990234375,4569.2001953125,4556.60009765625,4561.2001953125,3636,2.0
796.0,2026-03-30 11:00:00,2026-03-30,11:00:00,4561.39990234375,4611.39990234375,4553.89990234375,4589.0,10657,2.0
797.0,2026-03-30 12:00:00,2026-03-30,12:00:00,4589.5,4608.10009765625,4574.60009765625,4599.60009765625,8767,2.0
798.0,2026-03-30 13:00:00,2026-03-30,13:00:00,4599.89990234375,4609.0,4546.7001953125,4553.7001953125,14556,2.0
799.0,2026-03-30 14:00:00,2026-03-30,14:00:00,4553.2001953125,4571.89990234375,4542.0,4569.2001953125,12896,2.0
800.0,2026-03-30 15:00:00,2026-03-30,15:00:00,4569.0,4587.10009765625,4554.5,4578.10009765625,9848,2.0
801.0,2026-03-30 16:00:00,2026-03-30,16:00:00,4578.39990234375,4580.0,4560.10009765625,4569.5,6762,2.0
802.0,2026-03-30 17:00:00,2026-03-30,17:00:00,4569.10009765625,4572.0,4540.89990234375,4544.7998046875,8393,2.0
803.0,2026-03-30 18:00:00,2026-03-30,18:00:00,4545.10009765625,4553.10009765625,4528.0,4528.7998046875,5198,2.0
804.0,2026-03-30 19:00:00,2026-03-30,19:00:00,4528.5,4548.2998046875,4522.7001953125,4543.2001953125,5325,2.0
805.0,2026-03-30 20:00:00,2026-03-30,20:00:00,4543.7001953125,4547.0,4530.2001953125,4540.39990234375,1970,2.0
806.0,2026-03-30 22:00:00,2026-03-30,22:00:00,4538.89990234375,4552.5,4530.5,4539.39990234375,0,2.0
807.0,2026-03-30 23:00:00,2026-03-30,23:00:00,4539.10009765625,4550.10009765625,4520.7998046875,4542.10009765625,2139,2.0
808.0,2026-03-31 00:00:00,2026-03-31,00:00:00,4541.39990234375,4577.2998046875,4510.0,4576.60009765625,7357,2.0
809.0,2026-03-31 01:00:00,2026-03-31,01:00:00,4576.5,4649.5,4560.89990234375,4635.5,14017,2.0
810.0,2026-03-31 02:00:00,2026-03-31,02:00:00,4634.7001953125,4637.60009765625,4595.7001953125,4597.7998046875,5594,2.0
811.0,2026-03-31 03:00:00,2026-03-31,03:00:00,4597.5,4607.2998046875,4578.5,4584.89990234375,3694,2.0
812.0,2026-03-31 04:00:00,2026-03-31,04:00:00,4585.89990234375,4597.7998046875,4585.5,4592.89990234375,2768,2.0
813.0,2026-03-31 05:00:00,2026-03-31,05:00:00,4592.7001953125,4610.2001953125,4575.7001953125,4597.0,4743,2.0
814.0,2026-03-31 06:00:00,2026-03-31,06:00:00,4596.7001953125,4596.7001953125,4581.39990234375,4586.39990234375,4105,2.0
815.0,2026-03-31 07:00:00,2026-03-31,07:00:00,4586.89990234375,4596.0,4571.7998046875,4594.7001953125,5332,2.0
816.0,2026-03-31 08:00:00,2026-03-31,08:00:00,4594.5,4605.5,4590.60009765625,4599.0,5581,2.0
817.0,2026-03-31 09:00:00,2026-03-31,09:00:00,4599.2998046875,4602.7001953125,4580.10009765625,4585.2998046875,4846,2.0
818.0,2026-03-31 10:00:00,2026-03-31,10:00:00,4584.7001953125,4591.60009765625,4558.89990234375,4576.60009765625,5269,2.0
819.0,2026-03-31 11:00:00,2026-03-31,11:00:00,4577.5,4623.89990234375,4571.0,4612.7998046875,9904,2.0
820.0,2026-03-31 12:00:00,2026-03-31,12:00:00,4613.2998046875,4628.0,4599.39990234375,4604.5,8762,2.0
821.0,2026-03-31 13:00:00,2026-03-31,13:00:00,4605.39990234375,4640.0,4597.7998046875,4637.2998046875,14043,2.0
822.0,2026-03-31 14:00:00,2026-03-31,14:00:00,4637.2001953125,4662.0,4625.2998046875,4628.7001953125,17099,2.0
823.0,2026-03-31 15:00:00,2026-03-31,15:00:00,4629.5,4655.7998046875,4629.2998046875,4640.0,10382,2.0
824.0,2026-03-31 16:00:00,2026-03-31,16:00:00,4640.10009765625,4682.7001953125,4637.5,4669.10009765625,11774,2.0
825.0,2026-03-31 17:00:00,2026-03-31,17:00:00,4669.2001953125,4698.5,4667.0,4685.5,14550,2.0
826.0,2026-03-31 18:00:00,2026-03-31,18:00:00,4685.0,4702.0,4684.10009765625,4698.2001953125,5652,2.0
827.0,2026-03-31 19:00:00,2026-03-31,19:00:00,4698.2001953125,4716.2998046875,4691.7998046875,4713.2998046875,7286,2.0
828.0,2026-03-31 20:00:00,2026-03-31,20:00:00,4713.39990234375,4717.60009765625,4695.0,4699.60009765625,3842,2.0
829.0,2026-03-31 22:00:00,2026-03-31,22:00:00,4698.39990234375,4725.89990234375,4690.0,4709.7001953125,0,2.0
830.0,2026-03-31 23:00:00,2026-03-31,23:00:00,4709.39990234375,4728.7998046875,4700.2998046875,4723.60009765625,2962,2.0
831.0,2026-04-01 00:00:00,2026-04-01,00:00:00,4723.60009765625,4750.5,4721.5,4738.7998046875,7352,2.0
832.0,2026-04-01 01:00:00,2026-04-01,01:00:00,4738.60009765625,4751.89990234375,4708.2998046875,4718.7998046875,6443,2.0
833.0,2026-04-01 02:00:00,2026-04-01,02:00:00,4719.89990234375,4727.5,4704.5,4711.10009765625,4748,2.0
834.0,2026-04-01 03:00:00,2026-04-01,03:00:00,4710.2998046875,4720.2001953125,4705.5,4707.0,3239,2.0
835.0,2026-04-01 04:00:00,2026-04-01,04:00:00,4707.60009765625,4707.7001953125,4693.0,4702.7001953125,3646,2.0
836.0,2026-04-01 05:00:00,2026-04-01,05:00:00,4702.89990234375,4730.0,4700.7998046875,4710.2998046875,5342,2.0
837.0,2026-04-01 06:00:00,2026-04-01,06:00:00,4710.7998046875,4759.89990234375,4708.89990234375,4757.39990234375,9443,2.0
838.0,2026-04-01 07:00:00,2026-04-01,07:00:00,4757.5,4774.2001953125,4735.60009765625,4739.39990234375,10019,2.0
839.0,2026-04-01 08:00:00,2026-04-01,08:00:00,4739.60009765625,4767.5,4737.0,4755.7998046875,7421,2.0
840.0,2026-04-01 09:00:00,2026-04-01,09:00:00,4755.7998046875,4757.60009765625,4740.0,4750.5,4366,2.0
841.0,2026-04-01 10:00:00,2026-04-01,10:00:00,4750.0,4766.0,4742.39990234375,4758.7001953125,4270,2.0
842.0,2026-04-01 11:00:00,2026-04-01,11:00:00,4758.2001953125,4791.5,4755.2001953125,4780.2001953125,7281,2.0
843.0,2026-04-01 12:00:00,2026-04-01,12:00:00,4780.2001953125,4782.0,4752.0,4752.10009765625,12456,2.0
844.0,2026-04-01 13:00:00,2026-04-01,13:00:00,4752.0,4776.7998046875,4743.2998046875,4765.39990234375,11126,2.0
845.0,2026-04-01 14:00:00,2026-04-01,14:00:00,4765.2001953125,4796.7998046875,4751.2998046875,4788.39990234375,13958,2.0
846.0,2026-04-01 15:00:00,2026-04-01,15:00:00,4788.7998046875,4816.2001953125,4785.2001953125,4814.39990234375,11457,2.0
847.0,2026-04-01 16:00:00,2026-04-01,16:00:00,4814.2998046875,4818.89990234375,4802.10009765625,4815.0,5512,2.0
848.0,2026-04-01 17:00:00,2026-04-01,17:00:00,4815.2001953125,4821.0,4800.39990234375,4801.39990234375,6303,2.0
849.0,2026-04-01 18:00:00,2026-04-01,18:00:00,4801.10009765625,4802.60009765625,4768.2001953125,4779.5,8859,2.0
850.0,2026-04-01 19:00:00,2026-04-01,19:00:00,4780.0,4804.39990234375,4777.60009765625,4791.7001953125,5102,2.0
851.0,2026-04-01 20:00:00,2026-04-01,20:00:00,4791.7001953125,4797.2001953125,4780.0,4784.60009765625,1583,2.0
852.0,2026-04-01 22:00:00,2026-04-01,22:00:00,4783.0,4808.10009765625,4776.60009765625,4801.10009765625,0,2.0
853.0,2026-04-01 23:00:00,2026-04-01,23:00:00,4802.2001953125,4825.89990234375,4798.5,4808.89990234375,3496,2.0
854.0,2026-04-02 00:00:00,2026-04-02,00:00:00,4809.2998046875,4823.89990234375,4800.0,4810.39990234375,4032,2.0
855.0,2026-04-02 01:00:00,2026-04-02,01:00:00,4811.0,4813.39990234375,4675.7001953125,4723.7998046875,23580,2.0
856.0,2026-04-02 02:00:00,2026-04-02,02:00:00,4723.10009765625,4732.2001953125,4683.39990234375,4715.10009765625,10428,2.0
857.0,2026-04-02 03:00:00,2026-04-02,03:00:00,4714.0,4726.7998046875,4702.7998046875,4707.10009765625,3622,2.0
858.0,2026-04-02 04:00:00,2026-04-02,04:00:00,4703.60009765625,4708.60009765625,4683.7998046875,4698.89990234375,3813,2.0
859.0,2026-04-02 05:00:00,2026-04-02,05:00:00,4699.2998046875,4706.60009765625,4612.2001953125,4622.10009765625,10617,2.0
860.0,2026-04-02 06:00:00,2026-04-02,06:00:00,4621.7998046875,4635.60009765625,4580.39990234375,4625.0,16255,2.0
861.0,2026-04-02 07:00:00,2026-04-02,07:00:00,4624.5,4677.0,4623.7001953125,4668.2001953125,8174,2.0
862.0,2026-04-02 08:00:00,2026-04-02,08:00:00,4668.10009765625,4674.5,4641.60009765625,4646.10009765625,7660,2.0
863.0,2026-04-02 09:00:00,2026-04-02,09:00:00,4645.5,4657.2998046875,4638.2001953125,4647.2998046875,5929,2.0
864.0,2026-04-02 10:00:00,2026-04-02,10:00:00,4647.5,4661.10009765625,4629.5,4646.7001953125,4593,2.0
865.0,2026-04-02 11:00:00,2026-04-02,11:00:00,4647.10009765625,4656.7998046875,4618.7998046875,4626.2001953125,4927,2.0
866.0,2026-04-02 12:00:00,2026-04-02,12:00:00,4626.60009765625,4656.5,4620.7998046875,4628.10009765625,7419,2.0
867.0,2026-04-02 13:00:00,2026-04-02,13:00:00,4628.2998046875,4679.10009765625,4605.5,4672.89990234375,16316,2.0
868.0,2026-04-02 14:00:00,2026-04-02,14:00:00,4672.7001953125,4726.39990234375,4657.60009765625,4707.89990234375,20776,2.0
869.0,2026-04-02 15:00:00,2026-04-02,15:00:00,4708.39990234375,4710.2998046875,4678.5,4687.5,8983,2.0
870.0,2026-04-02 16:00:00,2026-04-02,16:00:00,4686.89990234375,4697.89990234375,4668.60009765625,4686.5,8730,2.0
871.0,2026-04-02 17:00:00,2026-04-02,17:00:00,4685.7001953125,4695.7998046875,4672.7001953125,4675.7001953125,6570,2.0
872.0,2026-04-02 18:00:00,2026-04-02,18:00:00,4676.5,4699.0,4674.10009765625,4695.2001953125,2799,2.0
873.0,2026-04-02 19:00:00,2026-04-02,19:00:00,4695.7998046875,4708.60009765625,4687.7998046875,4697.89990234375,3569,2.0
874.0,2026-04-02 20:00:00,2026-04-02,20:00:00,4698.60009765625,4703.60009765625,4690.39990234375,4701.2998046875,1922,2.0
875.0,2026-04-05 22:00:00,2026-04-05,22:00:00,4675.0,4699.2998046875,4634.89990234375,4673.60009765625,7570,2.0
876.0,2026-04-05 23:00:00,2026-04-05,23:00:00,4673.7998046875,4678.39990234375,4631.0,4636.7998046875,3466,2.0
877.0,2026-04-06 00:00:00,2026-04-06,00:00:00,4637.2001953125,4655.7001953125,4626.2001953125,4647.89990234375,3008,2.0
878.0,2026-04-06 01:00:00,2026-04-06,01:00:00,4648.89990234375,4668.7001953125,4645.7998046875,4651.7998046875,3577,2.0
879.0,2026-04-06 02:00:00,2026-04-06,02:00:00,4650.60009765625,4697.5,4649.7998046875,4673.60009765625,3842,2.0
880.0,2026-04-06 03:00:00,2026-04-06,03:00:00,4673.10009765625,4673.5,4650.5,4666.2998046875,2820,2.0
881.0,2026-04-06 04:00:00,2026-04-06,04:00:00,4665.2998046875,4685.2998046875,4665.10009765625,4685.10009765625,1481,2.0
882.0,2026-04-06 05:00:00,2026-04-06,05:00:00,4684.89990234375,4704.39990234375,4677.5,4678.5,2974,2.0
883.0,2026-04-06 06:00:00,2026-04-06,06:00:00,4678.7001953125,4693.2998046875,4669.2998046875,4691.7001953125,2943,2.0
884.0,2026-04-06 07:00:00,2026-04-06,07:00:00,4691.89990234375,4714.2998046875,4670.2998046875,4710.5,3530,2.0
885.0,2026-04-06 08:00:00,2026-04-06,08:00:00,4710.39990234375,4724.7001953125,4704.7001953125,4722.7998046875,3512,2.0
886.0,2026-04-06 09:00:00,2026-04-06,09:00:00,4722.7998046875,4733.10009765625,4717.0,4719.89990234375,3164,2.0
887.0,2026-04-06 10:00:00,2026-04-06,10:00:00,4720.0,4723.89990234375,4710.10009765625,4715.2998046875,2384,2.0
888.0,2026-04-06 11:00:00,2026-04-06,11:00:00,4716.2998046875,4723.2001953125,4703.39990234375,4704.60009765625,2761,2.0
889.0,2026-04-06 12:00:00,2026-04-06,12:00:00,4704.89990234375,4712.89990234375,4685.60009765625,4701.5,3728,2.0
890.0,2026-04-06 13:00:00,2026-04-06,13:00:00,4701.7998046875,4708.2001953125,4684.5,4705.60009765625,6754,2.0
891.0,2026-04-06 14:00:00,2026-04-06,14:00:00,4707.39990234375,4724.0,4686.0,4708.60009765625,8157,2.0
892.0,2026-04-06 15:00:00,2026-04-06,15:00:00,4709.0,4709.7001953125,4677.39990234375,4693.39990234375,6748,2.0
893.0,2026-04-06 16:00:00,2026-04-06,16:00:00,4693.5,4698.0,4683.39990234375,4685.60009765625,3375,2.0
894.0,2026-04-06 17:00:00,2026-04-06,17:00:00,4685.89990234375,4688.60009765625,4671.39990234375,4680.60009765625,4920,2.0
895.0,2026-04-06 18:00:00,2026-04-06,18:00:00,4680.7998046875,4694.0,4675.89990234375,4685.2001953125,3184,2.0
896.0,2026-04-06 19:00:00,2026-04-06,19:00:00,4685.2001953125,4686.60009765625,4672.60009765625,4682.2001953125,2573,2.0
897.0,2026-04-06 20:00:00,2026-04-06,20:00:00,4682.60009765625,4685.60009765625,4674.60009765625,4676.10009765625,920,2.0
898.0,2026-04-06 22:00:00,2026-04-06,22:00:00,4678.60009765625,4694.89990234375,4675.60009765625,4685.10009765625,0,2.0
899.0,2026-04-06 23:00:00,2026-04-06,23:00:00,4684.89990234375,4688.0,4677.89990234375,4685.89990234375,859,2.0
900.0,2026-04-07 00:00:00,2026-04-07,00:00:00,4685.89990234375,4689.10009765625,4675.7998046875,4681.89990234375,1692,2.0
901.0,2026-04-07 01:00:00,2026-04-07,01:00:00,4681.39990234375,4692.0,4641.39990234375,4651.89990234375,10971,2.0
902.0,2026-04-07 02:00:00,2026-04-07,02:00:00,4652.2998046875,4679.2001953125,4645.0,4675.89990234375,3438,2.0
903.0,2026-04-07 03:00:00,2026-04-07,03:00:00,4675.89990234375,4679.39990234375,4664.7001953125,4674.89990234375,1706,2.0
904.0,2026-04-07 04:00:00,2026-04-07,04:00:00,4675.2001953125,4690.2998046875,4670.7998046875,4686.39990234375,2476,2.0
905.0,2026-04-07 05:00:00,2026-04-07,05:00:00,4686.89990234375,4687.5,4648.39990234375,4668.0,5065,2.0
906.0,2026-04-07 06:00:00,2026-04-07,06:00:00,4668.10009765625,4681.89990234375,4662.7998046875,4680.5,3953,2.0
907.0,2026-04-07 07:00:00,2026-04-07,07:00:00,4684.7001953125,4684.7001953125,4661.60009765625,4671.10009765625,3750,2.0
908.0,2026-04-07 08:00:00,2026-04-07,08:00:00,4671.2001953125,4717.60009765625,4669.60009765625,4709.60009765625,8194,2.0
909.0,2026-04-07 09:00:00,2026-04-07,09:00:00,4709.7998046875,4721.2001953125,4684.0,4696.60009765625,8561,2.0
910.0,2026-04-07 10:00:00,2026-04-07,10:00:00,4696.7998046875,4706.60009765625,4674.89990234375,4677.5,8402,2.0
911.0,2026-04-07 11:00:00,2026-04-07,11:00:00,4677.10009765625,4690.0,4653.89990234375,4684.60009765625,7000,2.0
912.0,2026-04-07 12:00:00,2026-04-07,12:00:00,4685.2001953125,4696.2998046875,4671.60009765625,4676.10009765625,6139,2.0
913.0,2026-04-07 13:00:00,2026-04-07,13:00:00,4676.2001953125,4688.7998046875,4660.0,4668.60009765625,8082,2.0
914.0,2026-04-07 14:00:00,2026-04-07,14:00:00,4668.5,4687.39990234375,4631.89990234375,4658.10009765625,16969,2.0
915.0,2026-04-07 15:00:00,2026-04-07,15:00:00,4658.2998046875,4685.0,4650.0,4681.2998046875,9889,2.0
916.0,2026-04-07 16:00:00,2026-04-07,16:00:00,4681.7998046875,4694.60009765625,4678.10009765625,4682.39990234375,6317,2.0
917.0,2026-04-07 17:00:00,2026-04-07,17:00:00,4682.5,4712.7998046875,4679.39990234375,4701.7001953125,7814,2.0
918.0,2026-04-07 18:00:00,2026-04-07,18:00:00,4702.2998046875,4712.7001953125,4683.0,4688.5,5367,2.0
919.0,2026-04-07 19:00:00,2026-04-07,19:00:00,4688.5,4745.7001953125,4686.89990234375,4727.2998046875,10531,2.0
920.0,2026-04-07 20:00:00,2026-04-07,20:00:00,4727.2998046875,4743.7001953125,4723.0,4733.2998046875,3858,2.0
921.0,2026-04-07 22:00:00,2026-04-07,22:00:00,4747.2001953125,4847.10009765625,4740.5,4845.10009765625,0,2.0
922.0,2026-04-07 23:00:00,2026-04-07,23:00:00,4844.7998046875,4863.5,4828.2998046875,4860.7001953125,11790,2.0
923.0,2026-04-08 00:00:00,2026-04-08,00:00:00,4860.7001953125,4888.0,4836.89990234375,4845.60009765625,14347,2.0
924.0,2026-04-08 01:00:00,2026-04-08,01:00:00,4846.7001953125,4854.10009765625,4817.2001953125,4838.60009765625,15364,2.0
925.0,2026-04-08 02:00:00,2026-04-08,02:00:00,4838.5,4853.7998046875,4828.2001953125,4833.39990234375,5693,2.0
926.0,2026-04-08 03:00:00,2026-04-08,03:00:00,4833.7998046875,4835.2998046875,4824.39990234375,4828.2001953125,3330,2.0
927.0,2026-04-08 04:00:00,2026-04-08,04:00:00,4826.7998046875,4836.10009765625,4819.7998046875,4832.7001953125,3686,2.0
928.0,2026-04-08 05:00:00,2026-04-08,05:00:00,4833.0,4872.2001953125,4829.39990234375,4855.5,6295,2.0
929.0,2026-04-08 06:00:00,2026-04-08,06:00:00,4855.2001953125,4866.7998046875,4846.2001953125,4846.60009765625,10373,2.0
930.0,2026-04-08 07:00:00,2026-04-08,07:00:00,4846.7998046875,4847.2998046875,4831.0,4839.7001953125,5643,2.0
931.0,2026-04-08 08:00:00,2026-04-08,08:00:00,4839.89990234375,4846.0,4817.5,4821.7998046875,6574,2.0
932.0,2026-04-08 09:00:00,2026-04-08,09:00:00,4821.89990234375,4834.0,4802.89990234375,4810.2001953125,7407,2.0
933.0,2026-04-08 10:00:00,2026-04-08,10:00:00,4810.2998046875,4823.10009765625,4798.2001953125,4809.7001953125,5244,2.0
934.0,2026-04-08 11:00:00,2026-04-08,11:00:00,4809.2998046875,4830.39990234375,4806.39990234375,4826.39990234375,7574,2.0
935.0,2026-04-08 12:00:00,2026-04-08,12:00:00,4826.2998046875,4834.7998046875,4793.7001953125,4827.10009765625,11105,2.0
936.0,2026-04-08 13:00:00,2026-04-08,13:00:00,4826.60009765625,4833.60009765625,4792.7998046875,4804.10009765625,14078,2.0
937.0,2026-04-08 14:00:00,2026-04-08,14:00:00,4803.7001953125,4818.7998046875,4757.60009765625,4762.2001953125,20500,2.0
938.0,2026-04-08 15:00:00,2026-04-08,15:00:00,4761.60009765625,4788.7998046875,4759.89990234375,4782.0,10212,2.0
939.0,2026-04-08 16:00:00,2026-04-08,16:00:00,4782.2001953125,4791.10009765625,4770.89990234375,4785.89990234375,6265,2.0
940.0,2026-04-08 17:00:00,2026-04-08,17:00:00,4785.7001953125,4789.89990234375,4755.5,4759.5,10144,2.0
941.0,2026-04-08 18:00:00,2026-04-08,18:00:00,4759.10009765625,4769.7998046875,4728.10009765625,4730.10009765625,11362,2.0
942.0,2026-04-08 19:00:00,2026-04-08,19:00:00,4729.2998046875,4756.60009765625,4720.60009765625,4755.2998046875,6064,2.0
943.0,2026-04-08 20:00:00,2026-04-08,20:00:00,4755.2001953125,4757.2998046875,4742.10009765625,4745.0,1801,2.0
944.0,2026-04-08 22:00:00,2026-04-08,22:00:00,4744.7998046875,4757.7001953125,4728.5,4741.5,0,2.0
945.0,2026-04-08 23:00:00,2026-04-08,23:00:00,4741.2001953125,4743.39990234375,4728.5,4738.7998046875,2259,2.0
946.0,2026-04-09 00:00:00,2026-04-09,00:00:00,4739.39990234375,4742.39990234375,4718.60009765625,4730.39990234375,3881,2.0
947.0,2026-04-09 01:00:00,2026-04-09,01:00:00,4730.2001953125,4752.2001953125,4722.39990234375,4751.2001953125,5911,2.0
948.0,2026-04-09 02:00:00,2026-04-09,02:00:00,4751.5,4756.60009765625,4741.0,4742.10009765625,3799,2.0
949.0,2026-04-09 03:00:00,2026-04-09,03:00:00,4742.2001953125,4743.39990234375,4728.0,4735.0,3062,2.0
950.0,2026-04-09 04:00:00,2026-04-09,04:00:00,4734.60009765625,4748.39990234375,4733.0,4744.2001953125,1950,2.0
951.0,2026-04-09 05:00:00,2026-04-09,05:00:00,4743.89990234375,4749.60009765625,4729.10009765625,4736.39990234375,3592,2.0
952.0,2026-04-09 06:00:00,2026-04-09,06:00:00,4736.7001953125,4749.2001953125,4727.2001953125,4736.2998046875,4878,2.0
953.0,2026-04-09 07:00:00,2026-04-09,07:00:00,4736.5,4755.2001953125,4729.5,4748.39990234375,8895,2.0
954.0,2026-04-09 08:00:00,2026-04-09,08:00:00,4748.2998046875,4758.60009765625,4744.10009765625,4750.5,4214,2.0
955.0,2026-04-09 09:00:00,2026-04-09,09:00:00,4750.10009765625,4758.5,4747.7001953125,4753.89990234375,3833,2.0
956.0,2026-04-09 10:00:00,2026-04-09,10:00:00,4753.89990234375,4771.39990234375,4748.10009765625,4765.7001953125,3965,2.0
957.0,2026-04-09 11:00:00,2026-04-09,11:00:00,4765.7998046875,4782.7001953125,4762.89990234375,4781.2998046875,4044,2.0
958.0,2026-04-09 12:00:00,2026-04-09,12:00:00,4781.7001953125,4785.0,4759.60009765625,4770.89990234375,6789,2.0
959.0,2026-04-09 13:00:00,2026-04-09,13:00:00,4771.2998046875,4802.7998046875,4763.89990234375,4789.60009765625,11381,2.0
960.0,2026-04-09 14:00:00,2026-04-09,14:00:00,4790.0,4801.7998046875,4772.5,4794.0,10881,2.0
961.0,2026-04-09 15:00:00,2026-04-09,15:00:00,4794.0,4823.89990234375,4786.2001953125,4817.39990234375,16462,2.0
962.0,2026-04-09 16:00:00,2026-04-09,16:00:00,4817.7001953125,4825.5,4808.7998046875,4813.0,6507,2.0
963.0,2026-04-09 17:00:00,2026-04-09,17:00:00,4813.5,4826.0,4810.89990234375,4822.2998046875,8397,2.0
964.0,2026-04-09 18:00:00,2026-04-09,18:00:00,4822.60009765625,4822.7001953125,4792.2001953125,4796.60009765625,6445,2.0
965.0,2026-04-09 19:00:00,2026-04-09,19:00:00,4796.60009765625,4806.89990234375,4790.7001953125,4793.0,3483,2.0
966.0,2026-04-09 20:00:00,2026-04-09,20:00:00,4793.0,4797.39990234375,4784.60009765625,4790.5,1549,2.0
967.0,2026-04-09 22:00:00,2026-04-09,22:00:00,4790.5,4810.0,4782.2001953125,4787.60009765625,0,2.0
968.0,2026-04-09 23:00:00,2026-04-09,23:00:00,4787.39990234375,4787.39990234375,4779.7998046875,4787.0,1829,2.0
969.0,2026-04-10 00:00:00,2026-04-10,00:00:00,4786.60009765625,4786.60009765625,4773.7998046875,4786.39990234375,3505,2.0
970.0,2026-04-10 01:00:00,2026-04-10,01:00:00,4786.2001953125,4800.39990234375,4781.2998046875,4787.2998046875,5109,2.0
971.0,2026-04-10 02:00:00,2026-04-10,02:00:00,4787.5,4788.2001953125,4760.39990234375,4775.5,6207,2.0
972.0,2026-04-10 03:00:00,2026-04-10,03:00:00,4775.60009765625,4793.2998046875,4775.2001953125,4789.10009765625,3908,2.0
973.0,2026-04-10 04:00:00,2026-04-10,04:00:00,4790.39990234375,4794.60009765625,4781.7998046875,4781.7998046875,2078,2.0
974.0,2026-04-10 05:00:00,2026-04-10,05:00:00,4782.5,4793.0,4781.2998046875,4789.89990234375,2041,2.0
975.0,2026-04-10 06:00:00,2026-04-10,06:00:00,4790.0,4790.2001953125,4766.2998046875,4769.7001953125,4933,2.0
976.0,2026-04-10 07:00:00,2026-04-10,07:00:00,4769.60009765625,4781.2001953125,4764.60009765625,4773.0,2815,2.0
977.0,2026-04-10 08:00:00,2026-04-10,08:00:00,4773.2998046875,4776.5,4752.7001953125,4763.10009765625,6126,2.0
978.0,2026-04-10 09:00:00,2026-04-10,09:00:00,4763.60009765625,4783.2998046875,4763.10009765625,4774.60009765625,4786,2.0
979.0,2026-04-10 10:00:00,2026-04-10,10:00:00,4774.7001953125,4784.0,4765.2998046875,4780.7001953125,3004,2.0
980.0,2026-04-10 11:00:00,2026-04-10,11:00:00,4780.7001953125,4792.89990234375,4777.10009765625,4792.0,2403,2.0
981.0,2026-04-10 12:00:00,2026-04-10,12:00:00,4792.10009765625,4806.89990234375,4783.89990234375,4795.5,9756,2.0
982.0,2026-04-10 13:00:00,2026-04-10,13:00:00,4795.39990234375,4804.39990234375,4788.89990234375,4799.2998046875,9565,2.0
983.0,2026-04-10 14:00:00,2026-04-10,14:00:00,4799.10009765625,4820.0,4791.7001953125,4799.2998046875,12260,2.0
984.0,2026-04-10 15:00:00,2026-04-10,15:00:00,4799.39990234375,4811.89990234375,4779.2998046875,4785.7998046875,9232,2.0
985.0,2026-04-10 16:00:00,2026-04-10,16:00:00,4785.89990234375,4790.7001953125,4768.39990234375,4788.10009765625,8217,2.0
986.0,2026-04-10 17:00:00,2026-04-10,17:00:00,4788.39990234375,4793.2998046875,4782.10009765625,4784.5,6905,2.0
987.0,2026-04-10 18:00:00,2026-04-10,18:00:00,4784.7001953125,4797.7001953125,4775.10009765625,4789.5,4567,2.0
988.0,2026-04-10 19:00:00,2026-04-10,19:00:00,4789.5,4794.60009765625,4782.0,4783.60009765625,2701,2.0
989.0,2026-04-10 20:00:00,2026-04-10,20:00:00,4783.5,4783.5,4764.0,4771.0,3254,2.0
990.0,2026-04-12 22:00:00,2026-04-12,22:00:00,4688.7001953125,4707.39990234375,4665.2001953125,4680.60009765625,6936,2.0
991.0,2026-04-12 23:00:00,2026-04-12,23:00:00,4680.5,4694.2001953125,4664.60009765625,4693.60009765625,3815,2.0
992.0,2026-04-13 00:00:00,2026-04-13,00:00:00,4693.7001953125,4721.0,4686.89990234375,4718.0,3775,2.0
993.0,2026-04-13 01:00:00,2026-04-13,01:00:00,4717.5,4749.5,4716.0,4743.10009765625,7086,2.0
994.0,2026-04-13 02:00:00,2026-04-13,02:00:00,4743.7001953125,4749.5,4732.5,4742.0,2759,2.0
995.0,2026-04-13 03:00:00,2026-04-13,03:00:00,4742.5,4745.7998046875,4733.7001953125,4741.60009765625,1479,2.0
996.0,2026-04-13 04:00:00,2026-04-13,04:00:00,4740.0,4747.0,4729.2001953125,4744.7001953125,2648,2.0
997.0,2026-04-13 05:00:00,2026-04-13,05:00:00,4744.89990234375,4752.60009765625,4737.89990234375,4751.10009765625,2387,2.0
998.0,2026-04-13 06:00:00,2026-04-13,06:00:00,4751.5,4754.7001953125,4742.7001953125,4747.89990234375,3468,2.0
999.0,2026-04-13 07:00:00,2026-04-13,07:00:00,4748.0,4762.5,4747.39990234375,4756.39990234375,3696,2.0
1000.0,2026-04-13 08:00:00,2026-04-13,08:00:00,4756.7001953125,4761.2001953125,4743.2998046875,4746.2998046875,3351,2.0
1001.0,2026-04-13 09:00:00,2026-04-13,09:00:00,4746.2998046875,4751.5,4733.2001953125,4737.39990234375,4062,2.0
1002.0,2026-04-13 10:00:00,2026-04-13,10:00:00,4737.39990234375,4746.2001953125,4730.5,4744.2001953125,2368,2.0
1003.0,2026-04-13 11:00:00,2026-04-13,11:00:00,4744.7998046875,4751.39990234375,4725.2001953125,4729.10009765625,3912,2.0
1004.0,2026-04-13 12:00:00,2026-04-13,12:00:00,4728.60009765625,4747.7998046875,4725.60009765625,4745.89990234375,6057,2.0
1005.0,2026-04-13 13:00:00,2026-04-13,13:00:00,4745.7998046875,4768.0,4743.0,4753.2998046875,13761,2.0
1006.0,2026-04-13 14:00:00,2026-04-13,14:00:00,4753.2001953125,4754.2998046875,4731.89990234375,4742.2001953125,8407,2.0
1007.0,2026-04-13 15:00:00,2026-04-13,15:00:00,4742.60009765625,4743.10009765625,4722.5,4736.89990234375,5623,2.0
1008.0,2026-04-13 16:00:00,2026-04-13,16:00:00,4737.2001953125,4770.60009765625,4731.5,4756.39990234375,14166,2.0
1009.0,2026-04-13 17:00:00,2026-04-13,17:00:00,4756.7001953125,4774.39990234375,4748.39990234375,4753.2998046875,12009,2.0
1010.0,2026-04-13 18:00:00,2026-04-13,18:00:00,4753.5,4764.2001953125,4746.10009765625,4762.0,2668,2.0
1011.0,2026-04-13 19:00:00,2026-04-13,19:00:00,4762.0,4770.7001953125,4753.7998046875,4765.5,3145,2.0
1012.0,2026-04-13 20:00:00,2026-04-13,20:00:00,4765.2998046875,4768.39990234375,4762.2001953125,4766.60009765625,1091,2.0
1013.0,2026-04-13 22:00:00,2026-04-13,22:00:00,4769.2998046875,4783.2998046875,4767.60009765625,4782.0,0,2.0
1014.0,2026-04-13 23:00:00,2026-04-13,23:00:00,4782.0,4789.7001953125,4778.2001953125,4781.2998046875,2053,2.0
1015.0,2026-04-14 00:00:00,2026-04-14,00:00:00,4781.7001953125,4799.39990234375,4775.5,4792.7001953125,3390,2.0
1016.0,2026-04-14 01:00:00,2026-04-14,01:00:00,4792.7001953125,4802.7998046875,4784.10009765625,4787.2001953125,3839,2.0
1017.0,2026-04-14 02:00:00,2026-04-14,02:00:00,4787.10009765625,4800.39990234375,4784.2998046875,4797.60009765625,2277,2.0
1018.0,2026-04-14 03:00:00,2026-04-14,03:00:00,4797.7001953125,4797.7998046875,4787.89990234375,4792.2998046875,1150,2.0
1019.0,2026-04-14 04:00:00,2026-04-14,04:00:00,4790.0,4799.2001953125,4789.2001953125,4796.2998046875,1117,2.0
1020.0,2026-04-14 05:00:00,2026-04-14,05:00:00,4796.10009765625,4796.2998046875,4780.0,4782.2998046875,2584,2.0
1021.0,2026-04-14 06:00:00,2026-04-14,06:00:00,4782.60009765625,4806.2998046875,4782.39990234375,4805.39990234375,3622,2.0
1022.0,2026-04-14 07:00:00,2026-04-14,07:00:00,4805.39990234375,4820.39990234375,4790.89990234375,4800.2001953125,8922,2.0
1023.0,2026-04-14 08:00:00,2026-04-14,08:00:00,4799.60009765625,4813.7001953125,4797.2001953125,4810.0,3480,2.0
1024.0,2026-04-14 09:00:00,2026-04-14,09:00:00,4810.5,4813.0,4794.7998046875,4801.60009765625,5260,2.0
1025.0,2026-04-14 10:00:00,2026-04-14,10:00:00,4801.7001953125,4811.10009765625,4773.2998046875,4791.10009765625,6404,2.0
1026.0,2026-04-14 11:00:00,2026-04-14,11:00:00,4790.60009765625,4805.7998046875,4789.39990234375,4797.10009765625,4787,2.0
1027.0,2026-04-14 12:00:00,2026-04-14,12:00:00,4797.10009765625,4800.2001953125,4784.2001953125,4793.2998046875,6565,2.0
1028.0,2026-04-14 13:00:00,2026-04-14,13:00:00,4793.0,4828.89990234375,4792.89990234375,4818.7998046875,13726,2.0
1029.0,2026-04-14 14:00:00,2026-04-14,14:00:00,4818.39990234375,4842.0,4816.7001953125,4827.2998046875,15730,2.0
1030.0,2026-04-14 15:00:00,2026-04-14,15:00:00,4827.2998046875,4839.7998046875,4814.39990234375,4831.89990234375,8092,2.0
1031.0,2026-04-14 16:00:00,2026-04-14,16:00:00,4832.10009765625,4844.0,4829.0,4833.5,6345,2.0
1032.0,2026-04-14 17:00:00,2026-04-14,17:00:00,4833.39990234375,4867.7001953125,4832.89990234375,4859.5,15236,2.0
1033.0,2026-04-14 18:00:00,2026-04-14,18:00:00,4859.60009765625,4867.7998046875,4855.2001953125,4860.10009765625,4222,2.0
1034.0,2026-04-14 19:00:00,2026-04-14,19:00:00,4860.2998046875,4870.0,4860.2998046875,4868.7001953125,3359,2.0
1035.0,2026-04-14 20:00:00,2026-04-14,20:00:00,4869.2001953125,4870.2998046875,4863.0,4864.5,1559,2.0
1036.0,2026-04-14 22:00:00,2026-04-14,22:00:00,4862.7001953125,4874.60009765625,4857.2001953125,4859.5,0,2.0
1037.0,2026-04-14 23:00:00,2026-04-14,23:00:00,4859.10009765625,4869.0,4857.5,4861.7001953125,2473,2.0
1038.0,2026-04-15 00:00:00,2026-04-15,00:00:00,4861.5,4864.10009765625,4851.60009765625,4859.7001953125,2620,2.0
1039.0,2026-04-15 01:00:00,2026-04-15,01:00:00,4860.10009765625,4895.39990234375,4852.5,4871.0,8495,2.0
1040.0,2026-04-15 02:00:00,2026-04-15,02:00:00,4870.2998046875,4877.2001953125,4844.5,4847.7001953125,4517,2.0
1041.0,2026-04-15 03:00:00,2026-04-15,03:00:00,4848.2001953125,4853.60009765625,4841.0,4849.60009765625,2928,2.0
1042.0,2026-04-15 04:00:00,2026-04-15,04:00:00,4848.0,4851.60009765625,4844.5,4848.89990234375,1089,2.0
1043.0,2026-04-15 05:00:00,2026-04-15,05:00:00,4849.10009765625,4854.2998046875,4835.89990234375,4843.2998046875,3173,2.0
1044.0,2026-04-15 06:00:00,2026-04-15,06:00:00,4843.39990234375,4848.5,4834.2001953125,4834.89990234375,3181,2.0
1045.0,2026-04-15 07:00:00,2026-04-15,07:00:00,4835.2001953125,4840.0,4827.39990234375,4834.10009765625,5425,2.0
1046.0,2026-04-15 08:00:00,2026-04-15,08:00:00,4833.7998046875,4845.39990234375,4827.10009765625,4841.60009765625,4178,2.0
1047.0,2026-04-15 09:00:00,2026-04-15,09:00:00,4841.39990234375,4842.39990234375,4808.39990234375,4821.2001953125,7859,2.0
1048.0,2026-04-15 10:00:00,2026-04-15,10:00:00,4820.60009765625,4829.2001953125,4812.7001953125,4822.7998046875,3680,2.0
1049.0,2026-04-15 11:00:00,2026-04-15,11:00:00,4822.7998046875,4837.7998046875,4818.39990234375,4835.7001953125,3358,2.0
1050.0,2026-04-15 12:00:00,2026-04-15,12:00:00,4835.0,4838.7001953125,4829.2998046875,4833.89990234375,4057,2.0
1051.0,2026-04-15 13:00:00,2026-04-15,13:00:00,4834.39990234375,4853.5,4831.10009765625,4851.89990234375,7410,2.0
1052.0,2026-04-15 14:00:00,2026-04-15,14:00:00,4851.7001953125,4854.60009765625,4836.2001953125,4838.39990234375,7008,2.0
1053.0,2026-04-15 15:00:00,2026-04-15,15:00:00,4839.0,4839.0,4807.89990234375,4823.5,10578,2.0
1054.0,2026-04-15 16:00:00,2026-04-15,16:00:00,4824.0,4835.0,4822.0,4825.89990234375,6127,2.0
1055.0,2026-04-15 17:00:00,2026-04-15,17:00:00,4826.2001953125,4830.7998046875,4812.89990234375,4814.7998046875,5612,2.0
1056.0,2026-04-15 18:00:00,2026-04-15,18:00:00,4814.7998046875,4825.2998046875,4812.2001953125,4822.2001953125,3533,2.0
1057.0,2026-04-15 19:00:00,2026-04-15,19:00:00,4822.2001953125,4826.10009765625,4817.10009765625,4818.2998046875,1686,2.0
1058.0,2026-04-15 20:00:00,2026-04-15,20:00:00,4818.7001953125,4819.39990234375,4810.5,4813.89990234375,1178,2.0
1059.0,2026-04-15 22:00:00,2026-04-15,22:00:00,4813.60009765625,4833.7998046875,4812.39990234375,4829.2001953125,0,2.0
1060.0,2026-04-15 23:00:00,2026-04-15,23:00:00,4829.2001953125,4848.60009765625,4829.2001953125,4845.39990234375,2689,2.0
1061.0,2026-04-16 00:00:00,2026-04-16,00:00:00,4845.39990234375,4859.7001953125,4841.10009765625,4854.7001953125,6260,2.0
1062.0,2026-04-16 01:00:00,2026-04-16,01:00:00,4854.7001953125,4858.60009765625,4832.89990234375,4839.89990234375,3063,2.0
1063.0,2026-04-16 02:00:00,2026-04-16,02:00:00,4840.7001953125,4847.2001953125,4834.60009765625,4842.10009765625,1734,2.0
1064.0,2026-04-16 03:00:00,2026-04-16,03:00:00,4841.7998046875,4849.60009765625,4841.5,4847.7001953125,1357,2.0
1065.0,2026-04-16 04:00:00,2026-04-16,04:00:00,4846.2998046875,4856.10009765625,4845.2001953125,4855.7001953125,1204,2.0
1066.0,2026-04-16 05:00:00,2026-04-16,05:00:00,4855.5,4861.2998046875,4843.7001953125,4844.10009765625,4390,2.0
1067.0,2026-04-16 06:00:00,2026-04-16,06:00:00,4843.60009765625,4852.10009765625,4836.0,4848.2998046875,8371,2.0
1068.0,2026-04-16 07:00:00,2026-04-16,07:00:00,4848.0,4852.7998046875,4838.2998046875,4843.0,6619,2.0
1069.0,2026-04-16 08:00:00,2026-04-16,08:00:00,4842.7998046875,4843.2001953125,4827.7998046875,4834.7001953125,4341,2.0
1070.0,2026-04-16 09:00:00,2026-04-16,09:00:00,4834.89990234375,4839.5,4827.7001953125,4834.2001953125,3324,2.0
1071.0,2026-04-16 10:00:00,2026-04-16,10:00:00,4834.10009765625,4838.7001953125,4825.60009765625,4838.7001953125,2183,2.0
1072.0,2026-04-16 11:00:00,2026-04-16,11:00:00,4838.7001953125,4844.2998046875,4836.7998046875,4843.89990234375,2185,2.0
1073.0,2026-04-16 12:00:00,2026-04-16,12:00:00,4844.10009765625,4845.0,4833.0,4837.7998046875,4452,2.0
1074.0,2026-04-16 13:00:00,2026-04-16,13:00:00,4838.2998046875,4846.2001953125,4805.2998046875,4815.89990234375,12136,2.0
1075.0,2026-04-16 14:00:00,2026-04-16,14:00:00,4815.7998046875,4828.39990234375,4792.10009765625,4810.2998046875,14057,2.0
1076.0,2026-04-16 15:00:00,2026-04-16,15:00:00,4810.39990234375,4834.7001953125,4809.89990234375,4828.2001953125,7900,2.0
1077.0,2026-04-16 16:00:00,2026-04-16,16:00:00,4828.60009765625,4831.39990234375,4806.0,4812.7001953125,5836,2.0
1078.0,2026-04-16 17:00:00,2026-04-16,17:00:00,4812.60009765625,4816.60009765625,4802.0,4810.10009765625,5596,2.0
1079.0,2026-04-16 18:00:00,2026-04-16,18:00:00,4810.0,4815.5,4806.5,4809.7001953125,2187,2.0
1080.0,2026-04-16 19:00:00,2026-04-16,19:00:00,4810.89990234375,4819.7001953125,4810.2998046875,4814.5,2245,2.0
1081.0,2026-04-16 20:00:00,2026-04-16,20:00:00,4814.7998046875,4815.10009765625,4806.0,4810.89990234375,1172,2.0
1082.0,2026-04-16 22:00:00,2026-04-16,22:00:00,4811.7998046875,4818.7998046875,4811.39990234375,4816.0,0,2.0
1083.0,2026-04-16 23:00:00,2026-04-16,23:00:00,4815.60009765625,4818.7001953125,4812.39990234375,4812.5,661,2.0
1084.0,2026-04-17 00:00:00,2026-04-17,00:00:00,4812.0,4822.2001953125,4806.7001953125,4816.2998046875,1571,2.0
1085.0,2026-04-17 01:00:00,2026-04-17,01:00:00,4815.60009765625,4816.5,4785.89990234375,4810.2001953125,5852,2.0
1086.0,2026-04-17 02:00:00,2026-04-17,02:00:00,4809.7998046875,4815.0,4804.2998046875,4804.60009765625,1861,2.0
1087.0,2026-04-17 03:00:00,2026-04-17,03:00:00,4804.7998046875,4819.10009765625,4804.7998046875,4814.10009765625,1690,2.0
1088.0,2026-04-17 04:00:00,2026-04-17,04:00:00,4813.89990234375,4825.60009765625,4813.10009765625,4824.2001953125,1647,2.0
1089.0,2026-04-17 05:00:00,2026-04-17,05:00:00,4823.7001953125,4827.2001953125,4815.10009765625,4815.89990234375,2754,2.0
1090.0,2026-04-17 06:00:00,2026-04-17,06:00:00,4815.89990234375,4816.5,4800.0,4805.5,3515,2.0
1091.0,2026-04-17 07:00:00,2026-04-17,07:00:00,4806.0,4815.2998046875,4800.2001953125,4805.5,4069,2.0
1092.0,2026-04-17 08:00:00,2026-04-17,08:00:00,4806.10009765625,4818.7998046875,4802.60009765625,4817.7998046875,3350,2.0
1093.0,2026-04-17 09:00:00,2026-04-17,09:00:00,4817.7998046875,4822.7001953125,4812.0,4812.2001953125,3446,2.0
1094.0,2026-04-17 10:00:00,2026-04-17,10:00:00,4812.60009765625,4816.0,4803.10009765625,4809.0,2512,2.0
1095.0,2026-04-17 11:00:00,2026-04-17,11:00:00,4809.2001953125,4834.0,4805.5,4822.0,4953,2.0
1096.0,2026-04-17 12:00:00,2026-04-17,12:00:00,4821.7001953125,4870.7998046875,4819.7998046875,4869.0,16391,2.0
1097.0,2026-04-17 13:00:00,2026-04-17,13:00:00,4869.0,4917.7001953125,4856.89990234375,4903.10009765625,30171,2.0
1098.0,2026-04-17 14:00:00,2026-04-17,14:00:00,4903.2998046875,4908.89990234375,4883.39990234375,4895.7001953125,13244,2.0
1099.0,2026-04-17 15:00:00,2026-04-17,15:00:00,4896.2001953125,4903.5,4877.2998046875,4889.7001953125,10994,2.0
1100.0,2026-04-17 16:00:00,2026-04-17,16:00:00,4889.5,4896.0,4886.0,4889.0,3510,2.0
1101.0,2026-04-17 17:00:00,2026-04-17,17:00:00,4889.0,4891.60009765625,4875.0,4884.60009765625,5717,2.0
1102.0,2026-04-17 18:00:00,2026-04-17,18:00:00,4884.7001953125,4890.10009765625,4877.0,4879.60009765625,2583,2.0
1103.0,2026-04-17 19:00:00,2026-04-17,19:00:00,4879.89990234375,4882.60009765625,4873.60009765625,4875.5,3124,2.0
1104.0,2026-04-17 20:00:00,2026-04-17,20:00:00,4875.60009765625,4876.2998046875,4848.0,4849.39990234375,5343,2.0
1105.0,2026-04-19 22:00:00,2026-04-19,22:00:00,4813.39990234375,4815.0,4797.60009765625,4799.39990234375,4068,2.0
1106.0,2026-04-19 23:00:00,2026-04-19,23:00:00,4798.89990234375,4799.39990234375,4752.0,4775.0,7507,2.0
1107.0,2026-04-20 00:00:00,2026-04-20,00:00:00,4774.39990234375,4793.7998046875,4764.2001953125,4792.0,5566,2.0
1108.0,2026-04-20 01:00:00,2026-04-20,01:00:00,4792.0,4834.5,4790.2998046875,4827.7998046875,8257,2.0
1109.0,2026-04-20 02:00:00,2026-04-20,02:00:00,4827.39990234375,4828.7998046875,4813.10009765625,4813.2998046875,3314,2.0
1110.0,2026-04-20 09:00:00,2026-04-20,09:00:00,4879.60009765625,4879.60009765625,4804.60009765625,4811.39990234375,1759,2.0
1111.0,2026-04-20 10:00:00,2026-04-20,10:00:00,4811.7001953125,4879.60009765625,4809.60009765625,4815.7001953125,2236,2.0
1112.0,2026-04-20 11:00:00,2026-04-20,11:00:00,4815.7001953125,4879.60009765625,4806.2998046875,4830.89990234375,5065,2.0
1113.0,2026-04-20 12:00:00,2026-04-20,12:00:00,4830.7998046875,4842.89990234375,4818.7998046875,4823.2998046875,9971,2.0
1114.0,2026-04-20 13:00:00,2026-04-20,13:00:00,4823.60009765625,4847.2998046875,4819.7001953125,4838.7998046875,8710,2.0
1115.0,2026-04-20 14:00:00,2026-04-20,14:00:00,4838.7998046875,4847.89990234375,4811.89990234375,4824.89990234375,12687,2.0
1116.0,2026-04-20 15:00:00,2026-04-20,15:00:00,4825.7001953125,4829.7998046875,4812.60009765625,4819.89990234375,7638,2.0
1117.0,2026-04-20 16:00:00,2026-04-20,16:00:00,4819.7998046875,4826.60009765625,4812.5,4825.60009765625,4422,2.0
1118.0,2026-04-20 17:00:00,2026-04-20,17:00:00,4825.89990234375,4832.39990234375,4824.0,4827.10009765625,4628,2.0
1119.0,2026-04-20 18:00:00,2026-04-20,18:00:00,4827.60009765625,4837.0,4827.60009765625,4834.7998046875,2573,2.0
1120.0,2026-04-20 19:00:00,2026-04-20,19:00:00,4834.7001953125,4842.10009765625,4829.7001953125,4834.7998046875,2916,2.0
1121.0,2026-04-20 20:00:00,2026-04-20,20:00:00,4835.0,4837.39990234375,4834.5,4836.10009765625,241,2.0
