id,timestamp,date,time,open,high,low,close,volume,spread
1,2025-02-26 04:00:00,2025-02-26,04:00:00,2912.15991,2913.42993,2910.97998,2912.80005,0,2
2,2025-02-26 08:00:00,2025-02-26,08:00:00,2912.87012,2926.22998,2912.71997,2923.56006,0,2
3,2025-02-26 12:00:00,2025-02-26,12:00:00,2924.060059,2930.25,2912.81006,2915.060059,0,2
4,2025-02-26 16:00:00,2025-02-26,16:00:00,2915.050049,2921.1001,2905.90991,2918.1499,0,2
5,2025-02-26 20:00:00,2025-02-26,20:00:00,2918.060059,2919.080078,2910.18994,2913.96997,0,2
6,2025-02-27 00:00:00,2025-02-27,00:00:00,2914.1001,2916.72998,2890.8999,2913.20996,0,2
7,2025-02-27 04:00:00,2025-02-27,04:00:00,2913.18994,2916.76001,2910.72998,2916.47998,0,2
8,2025-02-27 08:00:00,2025-02-27,08:00:00,2916.30005,2920.8501,2915.79004,2917.21997,0,2
9,2025-02-27 12:00:00,2025-02-27,12:00:00,2917.19995,2918.3999,2896.5,2897.43994,0,2
10,2025-02-27 16:00:00,2025-02-27,16:00:00,2897.40991,2898.6001,2880.88989,2881.42993,0,2
11,2025-02-27 20:00:00,2025-02-27,20:00:00,2881.25,2895.1001,2877.060059,2885.21997,0,2
12,2025-02-28 00:00:00,2025-02-28,00:00:00,2885.17993,2892.44995,2868.090088,2877.46997,0,2
13,2025-02-28 04:00:00,2025-02-28,04:00:00,2877.87988,2887.72998,2872.91992,2874.1001,0,2
14,2025-02-28 08:00:00,2025-02-28,08:00:00,2874.060059,2880.34009,2871.3999,2877.12988,0,2
15,2025-02-28 12:00:00,2025-02-28,12:00:00,2877.1499,2885.22998,2857.22998,2863.79004,0,2
16,2025-02-28 16:00:00,2025-02-28,16:00:00,2863.58008,2867.13989,2851.13989,2856.18994,0,2
17,2025-02-28 20:00:00,2025-02-28,20:00:00,2856.080078,2865.0,2854.56006,2856.5,0,2
18,2025-03-01 00:00:00,2025-03-01,00:00:00,2856.65991,2862.22998,2832.77002,2848.72998,0,2
19,2025-03-01 04:00:00,2025-03-01,04:00:00,2848.68994,2854.95996,2838.13989,2854.81006,0,2
20,2025-03-01 08:00:00,2025-03-01,08:00:00,2854.71997,2859.36011,2853.37012,2857.44995,0,2
21,2025-03-03 08:00:00,2025-03-03,08:00:00,2873.30005,2876.75,2864.56006,2865.82007,0,2
22,2025-03-03 12:00:00,2025-03-03,12:00:00,2865.80005,2872.050049,2859.44995,2867.37012,0,2
23,2025-03-03 16:00:00,2025-03-03,16:00:00,2867.1001,2868.88989,2859.02002,2868.68994,0,2
24,2025-03-03 20:00:00,2025-03-03,20:00:00,2868.8501,2877.75,2864.3999,2875.72998,0,2
25,2025-03-04 00:00:00,2025-03-04,00:00:00,2875.72998,2893.02002,2868.97998,2891.55005,0,2
26,2025-03-04 04:00:00,2025-03-04,04:00:00,2891.47998,2892.91992,2878.47998,2890.55005,0,2
27,2025-03-04 08:00:00,2025-03-04,08:00:00,2890.67993,2895.30005,2890.25,2891.91992,0,2
28,2025-03-04 12:00:00,2025-03-04,12:00:00,2892.080078,2893.1001,2882.090088,2891.32007,0,2
29,2025-03-04 16:00:00,2025-03-04,16:00:00,2891.040039,2918.68994,2884.47998,2914.060059,0,2
30,2025-03-04 20:00:00,2025-03-04,20:00:00,2914.59009,2925.44995,2912.13989,2924.8501,0,2
31,2025-03-05 00:00:00,2025-03-05,00:00:00,2924.94995,2927.84009,2900.54004,2915.15991,0,2
32,2025-03-05 04:00:00,2025-03-05,04:00:00,2915.31006,2920.63989,2908.3501,2917.29004,0,2
33,2025-03-05 08:00:00,2025-03-05,08:00:00,2917.68994,2918.58008,2912.31006,2914.22998,0,2
34,2025-03-05 12:00:00,2025-03-05,12:00:00,2914.30005,2915.17993,2902.1499,2910.62988,0,2
35,2025-03-05 16:00:00,2025-03-05,16:00:00,2910.6001,2922.01001,2910.11011,2920.040039,0,2
36,2025-03-05 20:00:00,2025-03-05,20:00:00,2920.02002,2922.56006,2909.1001,2916.20996,0,2
37,2025-03-06 00:00:00,2025-03-06,00:00:00,2916.13989,2929.8501,2894.44995,2923.94995,0,2
38,2025-03-06 04:00:00,2025-03-06,04:00:00,2924.0,2925.22998,2911.67993,2922.16992,0,2
39,2025-03-06 08:00:00,2025-03-06,08:00:00,2922.31006,2922.41992,2916.6499,2916.77002,0,2
40,2025-03-06 12:00:00,2025-03-06,12:00:00,2916.78003,2926.59009,2915.93994,2917.37988,0,2
41,2025-03-06 16:00:00,2025-03-06,16:00:00,2917.34009,2923.1001,2901.19995,2904.87012,0,2
42,2025-03-06 20:00:00,2025-03-06,20:00:00,2904.47998,2907.66992,2891.43994,2903.29004,0,2
43,2025-03-07 00:00:00,2025-03-07,00:00:00,2903.25,2922.79004,2900.95996,2917.26001,0,2
44,2025-03-07 04:00:00,2025-03-07,04:00:00,2917.1499,2921.3999,2908.52002,2908.8501,0,2
45,2025-03-07 08:00:00,2025-03-07,08:00:00,2909.01001,2913.56006,2896.83008,2904.87012,0,2
46,2025-03-07 12:00:00,2025-03-07,12:00:00,2904.84009,2910.25,2901.37988,2906.70996,0,2
47,2025-03-07 16:00:00,2025-03-07,16:00:00,2906.70996,2923.060059,2906.54004,2922.6001,0,2
48,2025-03-07 20:00:00,2025-03-07,20:00:00,2922.47998,2923.060059,2916.77002,2918.86011,0,2
49,2025-03-08 00:00:00,2025-03-08,00:00:00,2918.73999,2930.42993,2904.15991,2914.060059,0,2
50,2025-03-08 04:00:00,2025-03-08,04:00:00,2914.41992,2916.32007,2902.29004,2909.71997,0,2
51,2025-03-08 08:00:00,2025-03-08,08:00:00,2909.73999,2912.82007,2908.59009,2909.43994,0,2
52,2025-03-10 08:00:00,2025-03-10,08:00:00,2912.41992,2917.97998,2909.87012,2913.91992,0,2
53,2025-03-10 12:00:00,2025-03-10,12:00:00,2914.18994,2918.28003,2908.19995,2910.96997,0,2
54,2025-03-10 16:00:00,2025-03-10,16:00:00,2910.94995,2915.58008,2897.77002,2898.0,0,2
55,2025-03-10 20:00:00,2025-03-10,20:00:00,2897.86011,2915.37012,2895.62988,2906.72998,0,2
56,2025-03-11 00:00:00,2025-03-11,00:00:00,2906.90991,2910.61011,2896.0,2896.030029,0,2
57,2025-03-11 04:00:00,2025-03-11,04:00:00,2896.02002,2896.21997,2880.3999,2889.33008,0,2
58,2025-03-11 08:00:00,2025-03-11,08:00:00,2888.40991,2890.20996,2882.45996,2887.28003,0,2
59,2025-03-11 12:00:00,2025-03-11,12:00:00,2887.37012,2900.54004,2880.43994,2897.81006,0,2
60,2025-03-11 16:00:00,2025-03-11,16:00:00,2897.81006,2910.36011,2892.83008,2910.01001,0,2
61,2025-03-11 20:00:00,2025-03-11,20:00:00,2910.030029,2916.02002,2908.92993,2913.080078,0,2
62,2025-03-12 00:00:00,2025-03-12,00:00:00,2913.20996,2922.26001,2906.97998,2917.29004,0,2
63,2025-03-12 04:00:00,2025-03-12,04:00:00,2917.28003,2921.37988,2914.20996,2915.69995,0,2
64,2025-03-12 08:00:00,2025-03-12,08:00:00,2915.86011,2919.68994,2912.21997,2914.28003,0,2
65,2025-03-12 12:00:00,2025-03-12,12:00:00,2913.84009,2920.02002,2911.0,2914.90991,0,2
66,2025-03-12 16:00:00,2025-03-12,16:00:00,2915.12988,2922.23999,2909.050049,2922.16992,0,2
67,2025-03-12 20:00:00,2025-03-12,20:00:00,2922.21997,2925.37988,2912.22998,2917.46997,0,2
68,2025-03-13 00:00:00,2025-03-13,00:00:00,2917.22998,2939.15991,2906.22998,2936.53003,0,2
69,2025-03-13 04:00:00,2025-03-13,04:00:00,2936.28003,2940.6001,2930.94995,2933.42993,0,2
70,2025-03-13 08:00:00,2025-03-13,08:00:00,2934.070068,2939.43994,2933.62012,2938.79004,0,2
71,2025-03-13 12:00:00,2025-03-13,12:00:00,2938.77002,2947.1001,2936.6001,2944.70996,0,2
72,2025-03-13 16:00:00,2025-03-13,16:00:00,2944.6499,2945.12988,2932.8999,2941.62988,0,2
73,2025-03-13 20:00:00,2025-03-13,20:00:00,2941.51001,2949.22998,2941.21997,2942.54004,0,2
74,2025-03-14 00:00:00,2025-03-14,00:00:00,2942.41992,2985.32007,2939.11011,2980.23999,0,2
75,2025-03-14 04:00:00,2025-03-14,04:00:00,2980.37988,2988.97998,2976.47998,2988.94995,0,2
76,2025-03-14 08:00:00,2025-03-14,08:00:00,2988.56006,2990.01001,2983.38989,2986.79004,0,2
77,2025-03-14 12:00:00,2025-03-14,12:00:00,2987.090088,2993.8999,2981.82007,2985.48999,0,2
78,2025-03-14 16:00:00,2025-03-14,16:00:00,2985.51001,2993.36011,2980.92993,2993.01001,0,2
79,2025-03-14 20:00:00,2025-03-14,20:00:00,2993.12012,3004.94995,2987.080078,2993.83008,0,2
80,2025-03-15 00:00:00,2025-03-15,00:00:00,2993.91992,2996.15991,2978.59009,2989.77002,0,2
81,2025-03-15 04:00:00,2025-03-15,04:00:00,2989.96997,2990.37988,2981.93994,2985.040039,0,2
82,2025-03-17 08:00:00,2025-03-17,08:00:00,2987.8501,2994.19995,2986.22998,2990.90991,0,2
83,2025-03-17 12:00:00,2025-03-17,12:00:00,2990.93994,2993.090088,2982.63989,2982.72998,0,2
84,2025-03-17 16:00:00,2025-03-17,16:00:00,2982.73999,2990.79004,2982.33008,2988.55005,0,2
85,2025-03-17 20:00:00,2025-03-17,20:00:00,2988.55005,3001.22998,2984.8999,2987.16992,0,2
86,2025-03-18 00:00:00,2025-03-18,00:00:00,2987.23999,3000.57007,2986.19995,2994.57007,0,2
87,2025-03-18 04:00:00,2025-03-18,04:00:00,2994.62988,3001.95996,2994.62988,3001.21997,0,2
88,2025-03-18 08:00:00,2025-03-18,08:00:00,3001.71997,3003.56006,2999.62012,3001.48999,0,2
89,2025-03-18 12:00:00,2025-03-18,12:00:00,3001.42993,3017.21997,2999.6001,3014.52002,0,2
90,2025-03-18 16:00:00,2025-03-18,16:00:00,3014.41992,3027.31006,3006.18994,3026.57007,0,2
91,2025-03-18 20:00:00,2025-03-18,20:00:00,3026.91992,3035.83008,3018.36011,3034.29004,0,2
92,2025-03-19 00:00:00,2025-03-19,00:00:00,3034.38989,3038.33008,3024.70996,3036.01001,0,2
93,2025-03-19 04:00:00,2025-03-19,04:00:00,3036.12012,3038.030029,3029.92993,3034.12988,0,2
94,2025-03-19 08:00:00,2025-03-19,08:00:00,3034.060059,3035.12988,3030.51001,3031.54004,0,2
95,2025-03-19 12:00:00,2025-03-19,12:00:00,3031.69995,3039.0,3027.52002,3036.46997,0,2
96,2025-03-19 16:00:00,2025-03-19,16:00:00,3036.52002,3045.38989,3024.87012,3025.21997,0,2
97,2025-03-19 20:00:00,2025-03-19,20:00:00,3024.97998,3041.13989,3022.95996,3037.21997,0,2
98,2025-03-20 00:00:00,2025-03-20,00:00:00,3037.37012,3038.43994,3025.96997,3033.20996,0,2
99,2025-03-20 04:00:00,2025-03-20,04:00:00,3033.33008,3051.98999,3029.58008,3047.38989,0,2
100,2025-03-20 08:00:00,2025-03-20,08:00:00,3049.20996,3055.63989,3047.1001,3053.25,0,2
101,2025-03-20 12:00:00,2025-03-20,12:00:00,3053.28003,3057.36011,3045.1001,3052.3999,0,2
102,2025-03-20 16:00:00,2025-03-20,16:00:00,3052.54004,3053.53003,3038.83008,3041.97998,0,2
103,2025-03-20 20:00:00,2025-03-20,20:00:00,3041.86011,3046.36011,3025.76001,3040.94995,0,2
104,2025-03-21 00:00:00,2025-03-21,00:00:00,3040.76001,3043.16992,3030.040039,3038.33008,0,2
105,2025-03-21 04:00:00,2025-03-21,04:00:00,3038.36011,3045.98999,3035.050049,3044.72998,0,2
106,2025-03-21 08:00:00,2025-03-21,08:00:00,3045.12988,3047.51001,3042.3999,3042.81006,0,2
107,2025-03-21 12:00:00,2025-03-21,12:00:00,3042.86011,3044.61011,3028.040039,3029.82007,0,2
108,2025-03-21 16:00:00,2025-03-21,16:00:00,3029.77002,3034.94995,3021.81006,3033.050049,0,2
109,2025-03-21 20:00:00,2025-03-21,20:00:00,3032.8501,3038.18994,3027.8501,3034.19995,0,2
110,2025-03-22 00:00:00,2025-03-22,00:00:00,3034.060059,3036.8501,2999.47998,3015.31006,0,2
111,2025-03-22 04:00:00,2025-03-22,04:00:00,3015.40991,3024.1499,3012.98999,3023.8501,0,2
112,2025-03-24 08:00:00,2025-03-24,08:00:00,3023.30005,3026.41992,3017.17993,3018.57007,0,2
113,2025-03-24 12:00:00,2025-03-24,12:00:00,3018.58008,3025.59009,3013.81006,3019.54004,0,2
114,2025-03-24 16:00:00,2025-03-24,16:00:00,3019.42993,3029.02002,3017.42993,3028.84009,0,2
115,2025-03-24 20:00:00,2025-03-24,20:00:00,3029.17993,3033.38989,3022.47998,3024.22998,0,2
116,2025-03-25 00:00:00,2025-03-25,00:00:00,3024.23999,3028.32007,3005.94995,3009.79004,0,2
117,2025-03-25 04:00:00,2025-03-25,04:00:00,3009.84009,3014.72998,3002.62012,3012.28003,0,2
118,2025-03-25 08:00:00,2025-03-25,08:00:00,3011.71997,3014.96997,3009.090088,3014.23999,0,2
119,2025-03-25 12:00:00,2025-03-25,12:00:00,3014.27002,3016.41992,3007.63989,3015.31006,0,2
120,2025-03-25 16:00:00,2025-03-25,16:00:00,3015.31006,3021.97998,3010.65991,3021.38989,0,2
121,2025-03-25 20:00:00,2025-03-25,20:00:00,3021.22998,3026.53003,3014.3501,3021.83008,0,2
122,2025-03-26 00:00:00,2025-03-26,00:00:00,3021.8501,3036.050049,3018.19995,3023.26001,0,2
123,2025-03-26 04:00:00,2025-03-26,04:00:00,3023.37012,3023.37012,3017.91992,3020.030029,0,2
124,2025-03-26 08:00:00,2025-03-26,08:00:00,3019.83008,3022.51001,3017.94995,3018.23999,0,2
125,2025-03-26 12:00:00,2025-03-26,12:00:00,3018.17993,3026.8999,3014.40991,3015.27002,0,2
126,2025-03-26 16:00:00,2025-03-26,16:00:00,3015.40991,3032.13989,3013.34009,3024.060059,0,2
127,2025-03-26 20:00:00,2025-03-26,20:00:00,3024.16992,3030.42993,3017.23999,3027.12988,0,2
128,2025-03-27 00:00:00,2025-03-27,00:00:00,3026.88989,3027.32007,3012.44995,3015.72998,0,2
129,2025-03-27 04:00:00,2025-03-27,04:00:00,3015.73999,3021.84009,3015.37012,3019.28003,0,2
130,2025-03-27 08:00:00,2025-03-27,08:00:00,3020.37988,3025.80005,3017.69995,3025.5,0,2
131,2025-03-27 12:00:00,2025-03-27,12:00:00,3025.45996,3038.61011,3023.0,3034.16992,0,2
132,2025-03-27 16:00:00,2025-03-27,16:00:00,3034.23999,3037.94995,3026.92993,3036.23999,0,2
133,2025-03-27 20:00:00,2025-03-27,20:00:00,3036.38989,3056.0,3034.73999,3050.18994,0,2
134,2025-03-28 00:00:00,2025-03-28,00:00:00,3050.12012,3059.58008,3033.69995,3048.48999,0,2
135,2025-03-28 04:00:00,2025-03-28,04:00:00,3048.52002,3057.86011,3048.02002,3056.80005,0,2
136,2025-03-28 08:00:00,2025-03-28,08:00:00,3056.050049,3063.44995,3054.25,3061.97998,0,2
137,2025-03-28 12:00:00,2025-03-28,12:00:00,3062.040039,3077.66992,3062.040039,3073.87988,0,2
138,2025-03-28 16:00:00,2025-03-28,16:00:00,3074.090088,3086.080078,3066.18994,3073.0,0,2
139,2025-03-28 20:00:00,2025-03-28,20:00:00,3073.29004,3081.92993,3067.5,3077.48999,0,2
140,2025-03-29 00:00:00,2025-03-29,00:00:00,3077.62012,3086.80005,3067.55005,3083.96997,0,2
141,2025-03-29 04:00:00,2025-03-29,04:00:00,3084.36011,3086.18994,3073.66992,3085.28003,0,2
142,2025-03-31 08:00:00,2025-03-31,08:00:00,3093.0,3097.80005,3077.70996,3079.12988,0,2
143,2025-03-31 12:00:00,2025-03-31,12:00:00,3078.8999,3115.95996,3076.82007,3113.42993,0,2
144,2025-03-31 16:00:00,2025-03-31,16:00:00,3113.1001,3127.87988,3107.62988,3122.36011,0,2
145,2025-03-31 20:00:00,2025-03-31,20:00:00,3122.050049,3126.37988,3111.95996,3124.62988,0,2
146,2025-04-01 00:00:00,2025-04-01,00:00:00,3123.92993,3127.12988,3100.02002,3117.86011,0,2
147,2025-04-01 04:00:00,2025-04-01,04:00:00,3117.43994,3124.80005,3116.090088,3124.02002,0,2
148,2025-04-01 08:00:00,2025-04-01,08:00:00,3125.22998,3128.090088,3120.17993,3127.36011,0,2
149,2025-04-01 12:00:00,2025-04-01,12:00:00,3127.060059,3148.0,3126.67993,3144.81006,0,2
150,2025-04-01 16:00:00,2025-04-01,16:00:00,3144.82007,3149.030029,3124.15991,3131.050049,0,2
151,2025-04-01 20:00:00,2025-04-01,20:00:00,3131.070068,3139.0,3127.83008,3133.62988,0,2
152,2025-04-02 00:00:00,2025-04-02,00:00:00,3133.55005,3137.21997,3100.90991,3106.65991,0,2
153,2025-04-02 04:00:00,2025-04-02,04:00:00,3106.66992,3120.69995,3105.8501,3114.37012,0,2
154,2025-04-02 08:00:00,2025-04-02,08:00:00,3114.34009,3123.79004,3107.8999,3122.94995,0,2
155,2025-04-02 12:00:00,2025-04-02,12:00:00,3123.43994,3135.77002,3115.61011,3115.77002,0,2
156,2025-04-02 16:00:00,2025-04-02,16:00:00,3116.050049,3133.76001,3110.050049,3131.36011,0,2
157,2025-04-02 20:00:00,2025-04-02,20:00:00,3131.5,3131.55005,3110.36011,3122.5,0,2
158,2025-04-03 00:00:00,2025-04-03,00:00:00,3121.8501,3134.30005,3116.72998,3131.45996,0,2
159,2025-04-03 04:00:00,2025-04-03,04:00:00,3131.44995,3144.01001,3105.40991,3133.030029,0,2
160,2025-04-03 08:00:00,2025-04-03,08:00:00,3131.3999,3167.70996,3122.53003,3151.26001,0,2
161,2025-04-03 12:00:00,2025-04-03,12:00:00,3151.31006,3163.050049,3139.12988,3140.61011,0,2
162,2025-04-03 16:00:00,2025-04-03,16:00:00,3140.3999,3141.080078,3116.8501,3129.22998,0,2
163,2025-04-03 20:00:00,2025-04-03,20:00:00,3129.26001,3129.62988,3062.37988,3076.43994,0,2
164,2025-04-04 00:00:00,2025-04-04,00:00:00,3076.37012,3135.59009,3054.31006,3107.62988,0,2
165,2025-04-04 04:00:00,2025-04-04,04:00:00,3107.5,3119.75,3100.21997,3114.13989,0,2
166,2025-04-04 08:00:00,2025-04-04,08:00:00,3114.59009,3116.86011,3106.070068,3110.66992,0,2
167,2025-04-04 12:00:00,2025-04-04,12:00:00,3110.58008,3115.84009,3087.37988,3100.20996,0,2
168,2025-04-04 16:00:00,2025-04-04,16:00:00,3099.92993,3109.94995,3078.47998,3084.25,0,2
169,2025-04-04 20:00:00,2025-04-04,20:00:00,3084.060059,3136.28003,3070.02002,3071.37988,0,2
170,2025-04-05 00:00:00,2025-04-05,00:00:00,3071.090088,3087.44995,3017.3501,3031.27002,0,2
171,2025-04-05 04:00:00,2025-04-05,04:00:00,3031.060059,3041.070068,3016.16992,3038.17993,0,2
172,2025-04-07 08:00:00,2025-04-07,08:00:00,3029.8999,3054.90991,2972.3999,3038.42993,0,2
173,2025-04-07 12:00:00,2025-04-07,12:00:00,3038.63989,3055.63989,3017.36011,3032.030029,0,2
174,2025-04-07 16:00:00,2025-04-07,16:00:00,3031.83008,3035.43994,3013.41992,3025.060059,0,2
175,2025-04-07 20:00:00,2025-04-07,20:00:00,3025.18994,3046.20996,3002.43994,3015.53003,0,2
176,2025-04-08 00:00:00,2025-04-08,00:00:00,3014.98999,3037.93994,2956.90991,2970.33008,0,2
177,2025-04-08 04:00:00,2025-04-08,04:00:00,2970.1001,2986.060059,2964.19995,2982.030029,0,2
178,2025-04-08 08:00:00,2025-04-08,08:00:00,2982.71997,3003.16992,2978.63989,2999.8999,0,2
179,2025-04-08 12:00:00,2025-04-08,12:00:00,2999.68994,3008.13989,2990.87988,3005.65991,0,2
180,2025-04-08 16:00:00,2025-04-08,16:00:00,3005.43994,3015.6499,2994.98999,3007.040039,0,2
181,2025-04-08 20:00:00,2025-04-08,20:00:00,3007.01001,3022.67993,3002.5,3010.3999,0,2
182,2025-04-09 00:00:00,2025-04-09,00:00:00,3010.19995,3018.19995,2975.060059,2985.22998,0,2
183,2025-04-09 04:00:00,2025-04-09,04:00:00,2985.19995,2992.29004,2976.73999,2982.15991,0,2
184,2025-04-09 08:00:00,2025-04-09,08:00:00,2984.53003,3009.86011,2970.13989,3008.59009,0,2
185,2025-04-09 12:00:00,2025-04-09,12:00:00,3009.20996,3020.62012,3000.040039,3015.66992,0,2
186,2025-04-09 16:00:00,2025-04-09,16:00:00,3015.63989,3052.1001,3015.11011,3045.01001,0,2
187,2025-04-09 20:00:00,2025-04-09,20:00:00,3045.060059,3077.96997,3036.01001,3075.3501,0,2
188,2025-04-10 00:00:00,2025-04-10,00:00:00,3075.58008,3099.050049,3051.44995,3060.37012,0,2
189,2025-04-10 04:00:00,2025-04-10,04:00:00,3059.53003,3099.46997,3048.83008,3083.16992,0,2
190,2025-04-10 08:00:00,2025-04-10,08:00:00,3081.51001,3101.38989,3071.62012,3094.13989,0,2
191,2025-04-10 12:00:00,2025-04-10,12:00:00,3094.15991,3132.66992,3094.070068,3122.6499,0,2
192,2025-04-10 16:00:00,2025-04-10,16:00:00,3122.3501,3126.56006,3103.67993,3116.75,0,2
193,2025-04-10 20:00:00,2025-04-10,20:00:00,3116.78003,3136.48999,3113.3999,3116.95996,0,2
194,2025-04-11 00:00:00,2025-04-11,00:00:00,3117.070068,3175.050049,3117.01001,3162.8501,0,2
195,2025-04-11 04:00:00,2025-04-11,04:00:00,3162.91992,3176.41992,3158.12988,3175.47998,0,2
196,2025-04-11 08:00:00,2025-04-11,08:00:00,3177.28003,3219.55005,3176.51001,3207.23999,0,2
197,2025-04-11 12:00:00,2025-04-11,12:00:00,3207.40991,3220.19995,3187.37012,3196.030029,0,2
198,2025-04-11 16:00:00,2025-04-11,16:00:00,3196.36011,3230.29004,3190.31006,3227.8501,0,2
199,2025-04-11 20:00:00,2025-04-11,20:00:00,3227.94995,3244.22998,3210.27002,3224.25,0,2
200,2025-04-12 00:00:00,2025-04-12,00:00:00,3224.15991,3245.36011,3219.86011,3234.1499,0,2
201,2025-04-12 04:00:00,2025-04-12,04:00:00,3234.38989,3239.27002,3227.46997,3238.18994,0,2
202,2025-04-14 08:00:00,2025-04-14,08:00:00,3222.11011,3243.53003,3213.87988,3240.01001,0,2
203,2025-04-14 12:00:00,2025-04-14,12:00:00,3239.57007,3245.76001,3221.46997,3234.58008,0,2
204,2025-04-14 16:00:00,2025-04-14,16:00:00,3234.46997,3237.95996,3216.61011,3223.98999,0,2
205,2025-04-14 20:00:00,2025-04-14,20:00:00,3223.95996,3224.71997,3220.76001,3222.050049,0,2
206,2025-04-17 12:00:00,2025-04-17,12:00:00,3344.05,3345.29,3328.4,3329.31,0,2
207,2025-04-17 16:00:00,2025-04-17,16:00:00,3329.4,3333.0,3313.11,3321.52,0,2
208,2025-04-17 20:00:00,2025-04-17,20:00:00,3321.53,3341.85,3312.0,3314.8,0,2
209,2025-04-18 00:00:00,2025-04-18,00:00:00,3314.9,3322.42,3283.94,3318.87,0,2
210,2025-04-18 04:00:00,2025-04-18,04:00:00,3318.9,3328.5,3311.0,3326.27,0,2
211,2025-04-18 08:00:00,2025-04-18,08:00:00,3326.27,3326.27,3326.27,3326.27,0,2
212,2025-04-18 12:00:00,2025-04-18,12:00:00,3326.27,3326.27,3326.27,3326.27,0,2
213,2025-04-18 16:00:00,2025-04-18,16:00:00,3326.27,3326.27,3326.27,3326.27,0,2
214,2025-04-18 20:00:00,2025-04-18,20:00:00,3326.27,3326.27,3326.27,3326.27,0,2
215,2025-04-19 00:00:00,2025-04-19,00:00:00,3326.27,3326.27,3326.27,3326.27,0,2
216,2025-04-19 04:00:00,2025-04-19,04:00:00,3326.27,3326.27,3326.27,3326.27,0,2
217,2025-04-19 08:00:00,2025-04-19,08:00:00,3326.27,3326.27,3326.27,3326.27,0,2
218,2025-04-21 08:00:00,2025-04-21,08:00:00,3327.93,3378.4,3327.93,3377.47,0,2
219,2025-04-21 12:00:00,2025-04-21,12:00:00,3377.51,3385.96,3369.44,3385.42,0,2
220,2025-04-21 16:00:00,2025-04-21,16:00:00,3385.19,3396.97,3381.72,3394.75,0,2
221,2025-04-21 20:00:00,2025-04-21,20:00:00,3394.89,3426.41,3386.65,3420.31,0,2
222,2025-04-22 00:00:00,2025-04-22,00:00:00,3420.31,3430.22,3406.0,3422.4,0,2
223,2025-04-22 04:00:00,2025-04-22,04:00:00,3422.38,3430.47,3417.45,3422.8,0,2
224,2025-04-22 08:00:00,2025-04-22,08:00:00,3423.49,3454.82,3413.0,3452.9,0,2
225,2025-04-22 12:00:00,2025-04-22,12:00:00,3452.89,3495.4,3442.32,3494.21,0,2
226,2025-04-22 16:00:00,2025-04-22,16:00:00,3494.26,3499.87,3443.33,3454.49,0,2
227,2025-04-22 20:00:00,2025-04-22,20:00:00,3454.5,3468.2,3408.64,3418.46,0,2
228,2025-04-23 00:00:00,2025-04-23,00:00:00,3418.27,3441.9,3384.2,3414.8,0,2
229,2025-04-23 04:00:00,2025-04-23,04:00:00,3414.0,3414.4,3367.0,3367.2,0,2
230,2025-04-23 08:00:00,2025-04-23,08:00:00,3370.0,3403.1,3325.67,3400.0,0,2
231,2025-04-23 12:00:00,2025-04-23,12:00:00,3397.0,3400.7,3335.8,3350.6,0,2
232,2025-04-23 16:00:00,2025-04-23,16:00:00,3350.7,3357.2,3318.2,3337.7,0,2
233,2025-04-23 20:00:00,2025-04-23,20:00:00,3337.4,3355.0,3289.6,3290.6,0,2
234,2025-04-24 00:00:00,2025-04-24,00:00:00,3291.5,3316.6,3281.5,3298.1,0,2
235,2025-04-24 04:00:00,2025-04-24,04:00:00,3298.0,3312.2,3292.8,3302.0,0,2
236,2025-04-24 08:00:00,2025-04-24,08:00:00,3300.8,3378.9,3299.1,3367.1,0,2
237,2025-04-24 12:00:00,2025-04-24,12:00:00,3368.2,3388.5,3333.6,3340.6,0,2
238,2025-04-24 16:00:00,2025-04-24,16:00:00,3340.5,3357.3,3329.5,3343.9,0,2
239,2025-04-24 20:00:00,2025-04-24,20:00:00,3344.3,3355.1,3320.2,3326.3,0,2
240,2025-04-25 00:00:00,2025-04-25,00:00:00,3326.5,3346.8,3317.5,3346.3,0,2
241,2025-04-25 04:00:00,2025-04-25,04:00:00,3346.4,3360.0,3338.2,3356.6,0,2
242,2025-04-25 08:00:00,2025-04-25,08:00:00,3357.1,3376.8,3348.9,3350.6,0,2
243,2025-04-25 12:00:00,2025-04-25,12:00:00,3350.1,3359.5,3303.4,3308.8,0,2
244,2025-04-25 16:00:00,2025-04-25,16:00:00,3308.9,3324.2,3300.1,3304.7,0,2
245,2025-04-25 20:00:00,2025-04-25,20:00:00,3304.6,3314.0,3270.6,3286.2,0,2
246,2025-04-26 00:00:00,2025-04-26,00:00:00,3285.3,3299.7,3274.0,3297.3,0,2
247,2025-04-26 04:00:00,2025-04-26,04:00:00,3297.3,3319.5,3287.94,3315.2,0,2
248,2025-04-26 08:00:00,2025-04-26,08:00:00,3313.8,3319.0,3311.3,3315.5,0,2
249,2025-04-26 12:00:00,2025-04-26,12:00:00,3315.7,3318.8,3314.9,3317.5,0,2
250,2025-04-26 16:00:00,2025-04-26,16:00:00,3318.0,3319.6,3310.1,3310.8,0,2
251,2025-04-26 20:00:00,2025-04-26,20:00:00,3311.2,3315.7,3310.4,3314.0,0,2
252,2025-04-28 00:00:00,2025-04-28,00:00:00,3315.1,3324.1,3315.1,3323.5,0,2
253,2025-04-28 04:00:00,2025-04-28,04:00:00,3323.5,3324.6,3318.6,3319.3,0,2
254,2025-04-28 08:00:00,2025-04-28,08:00:00,3319.4,3330.4,3284.4,3284.7,0,2
255,2025-04-28 12:00:00,2025-04-28,12:00:00,3285.4,3299.9,3274.3,3294.2,0,2
256,2025-04-28 16:00:00,2025-04-28,16:00:00,3294.2,3295.7,3276.0,3277.4,0,2
257,2025-04-28 20:00:00,2025-04-28,20:00:00,3277.4,3302.6,3276.1,3293.16,0,2
258,2025-04-29 00:00:00,2025-04-29,00:00:00,3297.1,3339.0,3294.89,3335.18,0,2
259,2025-04-29 04:00:00,2025-04-29,04:00:00,3335.0,3352.91,3333.1,3340.0,0,2
260,2025-04-29 08:00:00,2025-04-29,08:00:00,3343.76,3347.15,3324.9,3327.0,0,2
261,2025-04-29 12:00:00,2025-04-29,12:00:00,3326.7,3330.9,3308.8,3314.1,0,2
262,2025-04-29 16:00:00,2025-04-29,16:00:00,3314.4,3324.1,3312.1,3313.5,0,2
263,2025-04-29 20:00:00,2025-04-29,20:00:00,3312.6,3321.5,3305.7,3309.5,0,2
264,2025-04-30 00:00:00,2025-04-30,00:00:00,3309.4,3329.4,3304.6,3317.0,0,2
265,2025-04-30 04:00:00,2025-04-30,04:00:00,3317.0,3324.7,3316.1,3319.5,0,2
266,2025-04-30 08:00:00,2025-04-30,08:00:00,3320.2,3325.7,3309.5,3310.3,0,2
267,2025-04-30 12:00:00,2025-04-30,12:00:00,3309.2,3314.5,3303.6,3310.5,0,2
268,2025-04-30 16:00:00,2025-04-30,16:00:00,3310.7,3313.2,3275.1,3275.86,0,2
269,2025-04-30 20:00:00,2025-04-30,20:00:00,3275.38,3319.59,3267.16,3309.06,0,2
270,2025-05-01 00:00:00,2025-05-01,00:00:00,3308.62,3314.51,3292.95,3305.19,0,2
271,2025-05-01 04:00:00,2025-05-01,04:00:00,3305.21,3307.69,3283.02,3291.7,0,2
272,2025-05-01 08:00:00,2025-05-01,08:00:00,3288.26,3289.99,3234.32,3238.73,0,2
273,2025-05-01 12:00:00,2025-05-01,12:00:00,3238.77,3251.29,3221.15,3236.8,0,2
274,2025-05-01 16:00:00,2025-05-01,16:00:00,3236.5,3243.4,3216.0,3218.47,0,2
275,2025-05-01 20:00:00,2025-05-01,20:00:00,3218.79,3233.0,3201.9,3224.27,0,2
276,2025-05-02 00:00:00,2025-05-02,00:00:00,3223.16,3231.36,3205.0,3214.53,0,2
277,2025-05-02 04:00:00,2025-05-02,04:00:00,3214.22,3257.1,3212.67,3245.5,0,2
278,2025-05-02 08:00:00,2025-05-02,08:00:00,3238.0,3253.7,3227.42,3236.27,0,2
279,2025-05-02 12:00:00,2025-05-02,12:00:00,3236.45,3261.1,3235.76,3251.79,0,2
280,2025-05-02 16:00:00,2025-05-02,16:00:00,3251.89,3266.91,3246.25,3265.32,0,2
281,2025-05-02 20:00:00,2025-05-02,20:00:00,3265.45,3269.02,3239.29,3250.11,0,2
282,2025-05-03 00:00:00,2025-05-03,00:00:00,3250.02,3264.4,3223.0,3231.27,0,2
283,2025-05-03 04:00:00,2025-05-03,04:00:00,3231.63,3257.0,3224.23,3250.1,0,2
284,2025-05-03 08:00:00,2025-05-03,08:00:00,3250.1,3256.9,3244.3,3254.1,0,2
285,2025-05-03 12:00:00,2025-05-03,12:00:00,3254.0,3255.4,3247.3,3250.1,0,2
286,2025-05-03 16:00:00,2025-05-03,16:00:00,3250.1,3256.1,3250.1,3255.2,0,2
287,2025-05-03 20:00:00,2025-05-03,20:00:00,3255.2,3259.8,3249.1,3257.0,0,2
288,2025-05-05 00:00:00,2025-05-05,00:00:00,3255.7,3255.9,3252.6,3252.7,0,2
289,2025-05-05 04:00:00,2025-05-05,04:00:00,3252.6,3254.3,3252.6,3253.9,0,2
290,2025-05-05 08:00:00,2025-05-05,08:00:00,3236.68,3270.57,3236.68,3264.96,0,2
291,2025-05-05 12:00:00,2025-05-05,12:00:00,3264.96,3272.14,3252.99,3259.5,0,2
292,2025-05-05 16:00:00,2025-05-05,16:00:00,3259.26,3308.82,3256.7,3308.53,0,2
293,2025-05-05 20:00:00,2025-05-05,20:00:00,3308.63,3326.6,3308.53,3315.19,0,2
294,2025-05-06 00:00:00,2025-05-06,00:00:00,3312.46,3328.41,3305.35,3317.07,0,2
295,2025-05-06 04:00:00,2025-05-06,04:00:00,3316.98,3345.3,3313.98,3342.6,0,2
296,2025-05-06 08:00:00,2025-05-06,08:00:00,3333.66,3381.61,3323.53,3379.5,0,2
297,2025-05-06 12:00:00,2025-05-06,12:00:00,3380.38,3386.89,3350.16,3361.91,0,2
298,2025-05-06 16:00:00,2025-05-06,16:00:00,3360.78,3383.13,3358.66,3383.13,0,2
299,2025-05-06 20:00:00,2025-05-06,20:00:00,3383.07,3397.54,3373.21,3391.66,0,2
300,2025-05-07 00:00:00,2025-05-07,00:00:00,3391.87,3417.67,3378.16,3413.88,0,2
301,2025-05-07 04:00:00,2025-05-07,04:00:00,3414.06,3440.4,3410.02,3438.0,0,2
302,2025-05-07 08:00:00,2025-05-07,08:00:00,3433.9,3436.49,3360.23,3374.56,0,2
303,2025-05-07 12:00:00,2025-05-07,12:00:00,3374.23,3393.72,3369.85,3387.99,0,2
304,2025-05-07 16:00:00,2025-05-07,16:00:00,3388.02,3397.34,3370.0,3370.0,0,2
305,2025-05-07 20:00:00,2025-05-07,20:00:00,3369.48,3398.01,3369.21,3394.69,0,2
306,2025-05-08 00:00:00,2025-05-08,00:00:00,3393.74,3394.65,3376.0,3383.95,0,2
307,2025-05-08 04:00:00,2025-05-08,04:00:00,3384.28,3397.88,3364.0,3364.4,0,2
308,2025-05-08 08:00:00,2025-05-08,08:00:00,3364.89,3409.58,3363.87,3408.56,0,2
309,2025-05-08 12:00:00,2025-05-08,12:00:00,3408.87,3414.52,3355.0,3355.18,0,2
310,2025-05-08 16:00:00,2025-05-08,16:00:00,3355.33,3361.75,3320.28,3331.81,0,2
311,2025-05-08 20:00:00,2025-05-08,20:00:00,3331.89,3369.47,3330.28,3355.94,0,2
312,2025-05-09 00:00:00,2025-05-09,00:00:00,3356.0,3362.85,3297.75,3308.21,0,2
313,2025-05-09 04:00:00,2025-05-09,04:00:00,3308.27,3311.9,3288.91,3308.1,0,2
314,2025-05-09 08:00:00,2025-05-09,08:00:00,3305.98,3323.93,3286.8,3291.15,0,2
315,2025-05-09 12:00:00,2025-05-09,12:00:00,3290.82,3330.12,3275.0,3321.42,0,2
316,2025-05-09 16:00:00,2025-05-09,16:00:00,3321.46,3332.12,3315.25,3325.16,0,2
317,2025-05-09 20:00:00,2025-05-09,20:00:00,3325.09,3340.22,3322.0,3330.65,0,2
318,2025-05-10 00:00:00,2025-05-10,00:00:00,3330.68,3347.26,3320.24,3340.84,0,2
319,2025-05-10 04:00:00,2025-05-10,04:00:00,3341.0,3342.85,3323.64,3328.6,0,2
320,2025-05-10 08:00:00,2025-05-10,08:00:00,3327.8,3332.7,3324.25,3330.3,0,2
321,2025-05-10 12:00:00,2025-05-10,12:00:00,3330.2,3331.5,3325.6,3326.5,0,2
322,2025-05-10 16:00:00,2025-05-10,16:00:00,3326.7,3329.0,3325.1,3326.2,0,2
323,2025-05-10 20:00:00,2025-05-10,20:00:00,3326.1,3328.3,3320.7,3322.0,0,2
324,2025-05-12 08:00:00,2025-05-12,08:00:00,3290.0,3305.79,3259.0,3271.77,0,2
325,2025-05-12 12:00:00,2025-05-12,12:00:00,3271.56,3284.61,3268.46,3276.01,0,2
326,2025-05-12 16:00:00,2025-05-12,16:00:00,3275.94,3281.56,3213.0,3214.43,0,2
327,2025-05-12 20:00:00,2025-05-12,20:00:00,3214.65,3248.48,3207.7,3240.63,0,2
328,2025-05-13 00:00:00,2025-05-13,00:00:00,3240.0,3250.8,3221.39,3223.09,0,2
329,2025-05-13 04:00:00,2025-05-13,04:00:00,3223.11,3239.0,3220.5,3234.9,0,2
330,2025-05-13 08:00:00,2025-05-13,08:00:00,3235.85,3243.25,3215.92,3225.05,0,2
331,2025-05-13 12:00:00,2025-05-13,12:00:00,3225.2,3260.52,3223.16,3256.51,0,2
332,2025-05-13 16:00:00,2025-05-13,16:00:00,3256.92,3265.33,3247.22,3253.29,0,2
333,2025-05-13 20:00:00,2025-05-13,20:00:00,3253.65,3258.51,3227.21,3227.47,0,2
334,2025-05-14 00:00:00,2025-05-14,00:00:00,3227.5,3257.7,3225.58,3246.97,0,2
335,2025-05-14 04:00:00,2025-05-14,04:00:00,3246.92,3254.61,3244.7,3246.0,0,2
336,2025-05-14 08:00:00,2025-05-14,08:00:00,3250.44,3256.97,3237.18,3238.82,0,2
337,2025-05-14 12:00:00,2025-05-14,12:00:00,3238.44,3241.36,3221.74,3233.75,0,2
338,2025-05-14 16:00:00,2025-05-14,16:00:00,3233.79,3243.54,3224.22,3232.28,0,2
339,2025-05-14 20:00:00,2025-05-14,20:00:00,3232.11,3239.13,3175.09,3191.38,0,2
340,2025-05-15 00:00:00,2025-05-15,00:00:00,3191.24,3194.0,3173.7,3181.81,0,2
341,2025-05-15 04:00:00,2025-05-15,04:00:00,3182.31,3183.15,3167.95,3178.6,0,2
342,2025-05-15 08:00:00,2025-05-15,08:00:00,3171.5,3192.53,3171.1,3172.3,0,2
343,2025-05-15 12:00:00,2025-05-15,12:00:00,3172.36,3175.35,3123.51,3129.0,0,2
344,2025-05-15 16:00:00,2025-05-15,16:00:00,3128.71,3171.4,3120.92,3165.17,0,2
345,2025-05-15 20:00:00,2025-05-15,20:00:00,3165.14,3199.57,3164.16,3192.3,0,2
346,2025-05-16 00:00:00,2025-05-16,00:00:00,3192.13,3229.0,3190.42,3221.04,0,2
347,2025-05-16 04:00:00,2025-05-16,04:00:00,3221.17,3246.3,3219.78,3242.3,0,2
348,2025-05-16 08:00:00,2025-05-16,08:00:00,3239.1,3252.5,3214.91,3222.29,0,2
349,2025-05-16 12:00:00,2025-05-16,12:00:00,3222.11,3227.35,3206.45,3218.57,0,2
350,2025-05-16 16:00:00,2025-05-16,16:00:00,3217.88,3231.05,3195.59,3209.11,0,2
351,2025-05-16 20:00:00,2025-05-16,20:00:00,3209.18,3211.14,3154.27,3180.31,0,2
352,2025-05-17 00:00:00,2025-05-17,00:00:00,3180.45,3191.98,3166.07,3189.25,0,2
353,2025-05-17 04:00:00,2025-05-17,04:00:00,3189.35,3210.5,3184.68,3210.5,0,2
354,2025-05-17 08:00:00,2025-05-17,08:00:00,3210.6,3211.5,3199.3,3203.7,0,2
355,2025-05-17 12:00:00,2025-05-17,12:00:00,3203.5,3210.4,3202.5,3207.6,0,2
356,2025-05-17 16:00:00,2025-05-17,16:00:00,3207.5,3209.0,3202.8,3206.8,0,2
357,2025-05-17 20:00:00,2025-05-17,20:00:00,3207.2,3209.7,3204.7,3207.2,0,2
358,2025-05-19 00:00:00,2025-05-19,00:00:00,3209.2,3212.4,3206.7,3208.3,0,2
359,2025-05-19 08:00:00,2025-05-19,08:00:00,3229.0,3249.65,3206.0,3218.36,0,2
360,2025-05-19 12:00:00,2025-05-19,12:00:00,3217.98,3230.31,3206.63,3223.91,0,2
361,2025-05-19 16:00:00,2025-05-19,16:00:00,3224.18,3247.5,3220.17,3241.94,0,2
362,2025-05-19 20:00:00,2025-05-19,20:00:00,3241.41,3248.33,3224.51,3229.83,0,2
363,2025-05-20 00:00:00,2025-05-20,00:00:00,3229.98,3239.8,3217.55,3226.26,0,2
364,2025-05-20 04:00:00,2025-05-20,04:00:00,3226.27,3235.81,3225.26,3231.5,0,2
365,2025-05-20 08:00:00,2025-05-20,08:00:00,3229.34,3232.52,3214.23,3221.02,0,2
366,2025-05-20 12:00:00,2025-05-20,12:00:00,3221.0,3222.89,3204.53,3213.82,0,2
367,2025-05-20 16:00:00,2025-05-20,16:00:00,3213.23,3239.22,3208.33,3236.29,0,2
368,2025-05-20 20:00:00,2025-05-20,20:00:00,3236.13,3261.3,3231.87,3261.1,0,2
369,2025-05-21 00:00:00,2025-05-21,00:00:00,3262.41,3287.75,3260.56,3286.34,0,2
370,2025-05-21 04:00:00,2025-05-21,04:00:00,3286.35,3295.54,3284.1,3285.5,0,2
371,2025-05-21 08:00:00,2025-05-21,08:00:00,3288.59,3314.4,3285.57,3294.5,0,2
372,2025-05-21 12:00:00,2025-05-21,12:00:00,3294.42,3319.57,3288.8,3316.31,0,2
373,2025-05-21 16:00:00,2025-05-21,16:00:00,3316.32,3320.49,3303.92,3313.43,0,2
374,2025-05-21 20:00:00,2025-05-21,20:00:00,3313.65,3318.17,3290.75,3303.45,0,2
375,2025-05-22 00:00:00,2025-05-22,00:00:00,3303.83,3316.4,3295.34,3316.4,0,2
376,2025-05-22 04:00:00,2025-05-22,04:00:00,3315.86,3324.65,3309.9,3312.4,0,2
377,2025-05-22 08:00:00,2025-05-22,08:00:00,3314.0,3342.79,3314.0,3338.05,0,2
378,2025-05-22 12:00:00,2025-05-22,12:00:00,3337.9,3345.31,3326.22,3332.37,0,2
379,2025-05-22 16:00:00,2025-05-22,16:00:00,3332.71,3335.5,3304.12,3304.62,0,2
380,2025-05-22 20:00:00,2025-05-22,20:00:00,3304.19,3315.56,3283.0,3287.46,0,2
381,2025-05-23 00:00:00,2025-05-23,00:00:00,3287.33,3304.65,3279.27,3296.58,0,2
382,2025-05-23 04:00:00,2025-05-23,04:00:00,3296.54,3303.4,3289.2,3302.3,0,2
383,2025-05-23 08:00:00,2025-05-23,08:00:00,3289.63,3308.81,3287.0,3305.07,0,2
384,2025-05-23 12:00:00,2025-05-23,12:00:00,3305.06,3323.9,3291.16,3322.6,0,2
385,2025-05-23 16:00:00,2025-05-23,16:00:00,3322.8,3335.6,3321.6,3328.64,0,2
386,2025-05-23 20:00:00,2025-05-23,20:00:00,3328.65,3359.6,3324.0,3337.1,0,2
387,2025-05-24 00:00:00,2025-05-24,00:00:00,3336.5,3366.0,3335.1,3357.8,0,2
388,2025-05-24 04:00:00,2025-05-24,04:00:00,3358.7,3365.49,3352.3,3352.6,0,2
389,2025-05-24 08:00:00,2025-05-24,08:00:00,3352.7,3357.9,3350.1,3352.9,0,2
390,2025-05-24 12:00:00,2025-05-24,12:00:00,3351.1,3359.2,3351.1,3357.6,0,2
391,2025-05-24 16:00:00,2025-05-24,16:00:00,3356.3,3359.5,3353.9,3354.7,0,2
392,2025-05-24 20:00:00,2025-05-24,20:00:00,3354.5,3357.0,3351.6,3355.7,0,2
393,2025-05-26 00:00:00,2025-05-26,00:00:00,3360.6,3364.5,3360.0,3362.9,0,2
394,2025-05-26 04:00:00,2025-05-26,04:00:00,3362.8,3363.7,3359.7,3359.7,0,2
395,2025-05-26 08:00:00,2025-05-26,08:00:00,3354.88,3356.04,3331.38,3345.02,0,2
396,2025-05-26 12:00:00,2025-05-26,12:00:00,3344.9,3356.51,3342.5,3347.28,0,2
397,2025-05-26 16:00:00,2025-05-26,16:00:00,3347.15,3347.44,3324.0,3328.44,0,2
398,2025-05-26 20:00:00,2025-05-26,20:00:00,3328.63,3338.83,3326.29,3338.3,0,2
399,2025-05-27 00:00:00,2025-05-27,00:00:00,3338.41,3343.32,3335.44,3341.08,0,2
400,2025-05-27 04:00:00,2025-05-27,04:00:00,3341.13,3349.1,3340.82,3347.1,0,2
401,2025-05-27 08:00:00,2025-05-27,08:00:00,3342.35,3349.92,3331.88,3335.86,0,2
402,2025-05-27 12:00:00,2025-05-27,12:00:00,3339.7,3353.6,3319.2,3327.0,0,2
403,2025-05-27 16:00:00,2025-05-27,16:00:00,3326.8,3329.8,3299.3,3305.1,0,2
404,2025-05-27 20:00:00,2025-05-27,20:00:00,3305.1,3306.7,3288.25,3298.6,0,2
405,2025-05-28 00:00:00,2025-05-28,00:00:00,3298.6,3303.4,3291.0,3300.3,0,2
406,2025-05-28 04:00:00,2025-05-28,04:00:00,3299.6,3307.94,3298.8,3299.9,0,2
407,2025-05-28 08:00:00,2025-05-28,08:00:00,3299.75,3315.65,3297.11,3301.7,0,2
408,2025-05-28 12:00:00,2025-05-28,12:00:00,3302.2,3312.7,3294.4,3309.4,0,2
409,2025-05-28 16:00:00,2025-05-28,16:00:00,3308.2,3325.27,3301.1,3324.06,0,2
410,2025-05-28 20:00:00,2025-05-28,20:00:00,3324.12,3324.18,3300.7,3308.9,0,2
411,2025-05-29 00:00:00,2025-05-29,00:00:00,3305.2,3315.8,3288.6,3299.9,0,2
412,2025-05-29 04:00:00,2025-05-29,04:00:00,3300.2,3306.8,3277.0,3288.4,0,2
413,2025-05-29 08:00:00,2025-05-29,08:00:00,3283.64,3294.06,3249.59,3267.2,0,2
414,2025-05-29 12:00:00,2025-05-29,12:00:00,3266.5,3282.4,3264.6,3272.8,0,2
415,2025-05-29 16:00:00,2025-05-29,16:00:00,3277.9,3289.16,3270.77,3279.93,0,2
416,2025-05-29 20:00:00,2025-05-29,20:00:00,3286.0,3322.4,3286.0,3313.7,0,2
417,2025-05-30 00:00:00,2025-05-30,00:00:00,3314.3,3328.34,3307.3,3322.16,0,2
418,2025-05-30 04:00:00,2025-05-30,04:00:00,3322.5,3322.5,3315.5,3321.6,0,2
419,2025-05-30 08:00:00,2025-05-30,08:00:00,3318.28,3323.8,3309.0,3310.27,0,2
420,2025-05-30 12:00:00,2025-05-30,12:00:00,3307.93,3310.6,3294.9,3307.8,0,2
421,2025-05-30 16:00:00,2025-05-30,16:00:00,3307.8,3309.8,3293.14,3295.55,0,2
422,2025-05-30 20:00:00,2025-05-30,20:00:00,3295.48,3317.9,3286.6,3287.2,0,2
423,2025-05-31 00:00:00,2025-05-31,00:00:00,3287.2,3299.8,3277.61,3291.0,0,2
424,2025-05-31 04:00:00,2025-05-31,04:00:00,3291.63,3300.2,3288.52,3297.8,0,2
425,2025-05-31 08:00:00,2025-05-31,08:00:00,3297.9,3301.1,3291.5,3292.6,0,2
426,2025-05-31 12:00:00,2025-05-31,12:00:00,3292.4,3299.7,3292.0,3297.2,0,2
427,2025-05-31 16:00:00,2025-05-31,16:00:00,3297.3,3297.3,3294.1,3294.2,0,2
428,2025-05-31 20:00:00,2025-05-31,20:00:00,3294.1,3295.6,3291.7,3291.8,0,2
429,2025-06-02 00:00:00,2025-06-02,00:00:00,3297.1,3298.5,3295.5,3295.5,0,2
430,2025-06-02 08:00:00,2025-06-02,08:00:00,3296.6,3316.6,3295.29,3303.52,0,2
431,2025-06-02 12:00:00,2025-06-02,12:00:00,3303.29,3325.52,3303.29,3323.65,0,2
432,2025-06-02 16:00:00,2025-06-02,16:00:00,3323.81,3358.75,3323.81,3348.26,0,2
433,2025-06-02 20:00:00,2025-06-02,20:00:00,3348.41,3376.2,3345.86,3371.8,0,2
434,2025-06-03 00:00:00,2025-06-03,00:00:00,3373.6,3379.8,3369.26,3373.35,0,2
435,2025-06-03 04:00:00,2025-06-03,04:00:00,3375.3,3382.8,3371.57,3380.3,0,2
436,2025-06-03 08:00:00,2025-06-03,08:00:00,3382.69,3392.07,3363.5,3372.68,0,2
437,2025-06-03 12:00:00,2025-06-03,12:00:00,3372.65,3377.94,3356.46,3364.95,0,2
438,2025-06-03 16:00:00,2025-06-03,16:00:00,3364.95,3367.28,3351.3,3356.79,0,2
439,2025-06-03 20:00:00,2025-06-03,20:00:00,3356.88,3363.0,3341.0,3345.3,0,2
440,2025-06-04 00:00:00,2025-06-04,00:00:00,3345.26,3354.45,3333.38,3353.05,0,2
441,2025-06-04 04:00:00,2025-06-04,04:00:00,3353.09,3358.4,3350.35,3356.7,0,2
442,2025-06-04 08:00:00,2025-06-04,08:00:00,3353.83,3372.30005,3346.43,3370.58,0,2
443,2025-06-04 12:00:00,2025-06-04,12:00:00,3370.87988,3373.2,3347.92,3351.06,0,2
444,2025-06-04 16:00:00,2025-06-04,16:00:00,3351.01001,3365.18,3349.04,3363.0,0,2
445,2025-06-04 20:00:00,2025-06-04,20:00:00,3362.51,3363.77,3343.75,3352.47,0,2
446,2025-06-05 00:00:00,2025-06-05,00:00:00,3353.25,3384.66,3351.02,3379.03,0,2
447,2025-06-05 04:00:00,2025-06-05,04:00:00,3379.1,3381.98,3370.72,3377.7,0,2
448,2025-06-05 08:00:00,2025-06-05,08:00:00,3372.03,3384.11011,3370.82007,3373.79,0,2
449,2025-06-05 12:00:00,2025-06-05,12:00:00,3373.66992,3377.4,3361.21,3364.47998,0,2
450,2025-06-05 16:00:00,2025-06-05,16:00:00,3364.35,3391.16,3363.85,3389.61,0,2
451,2025-06-05 20:00:00,2025-06-05,20:00:00,3389.36,3403.33,3371.14,3378.0,0,2
452,2025-06-06 00:00:00,2025-06-06,00:00:00,3377.52,3383.05,3339.5,3353.97998,0,2
453,2025-06-06 04:00:00,2025-06-06,04:00:00,3353.94,3361.22,3350.56,3357.8,0,2
454,2025-06-06 08:00:00,2025-06-06,08:00:00,3353.91,3368.53,3352.88,3363.81,0,2
455,2025-06-06 12:00:00,2025-06-06,12:00:00,3363.86,3375.45,3359.42,3366.0,0,2
456,2025-06-06 16:00:00,2025-06-06,16:00:00,3366.28,3367.66,3352.92,3356.6,0,2
457,2025-06-06 20:00:00,2025-06-06,20:00:00,3357.16,3364.15,3342.57,3342.86,0,2
458,2025-06-07 00:00:00,2025-06-07,00:00:00,3342.23,3344.62,3316.37,3323.5,0,2
459,2025-06-07 04:00:00,2025-06-07,04:00:00,3323.87,3323.87,3307.1,3317.7,0,2
460,2025-06-07 08:00:00,2025-06-07,08:00:00,3317.3,3320.6,3315.2,3318.3,0,2
461,2025-06-07 12:00:00,2025-06-07,12:00:00,3318.3,3320.3,3316.1,3319.3,0,2
462,2025-06-07 16:00:00,2025-06-07,16:00:00,3319.5,3323.7,3318.2,3323.0,0,2
463,2025-06-07 20:00:00,2025-06-07,20:00:00,3323.0,3324.7,3317.9,3317.9,0,2
464,2025-06-09 00:00:00,2025-06-09,00:00:00,3316.0,3321.1,3315.3,3315.8,0,2
465,2025-06-09 04:00:00,2025-06-09,04:00:00,3315.8,3321.6,3315.8,3319.1,0,2
466,2025-06-09 08:00:00,2025-06-09,08:00:00,3315.0,3321.23999,3295.11,3295.84,0,2
467,2025-06-09 12:00:00,2025-06-09,12:00:00,3295.58,3316.61,3293.58,3314.67,0,2
468,2025-06-09 16:00:00,2025-06-09,16:00:00,3314.8,3332.4,3312.54004,3318.61,0,2
469,2025-06-09 20:00:00,2025-06-09,20:00:00,3318.45,3322.37,3310.9,3319.31006,0,2
470,2025-06-10 00:00:00,2025-06-10,00:00:00,3319.62988,3338.20996,3315.98,3333.63989,0,2
471,2025-06-10 04:00:00,2025-06-10,04:00:00,3333.59009,3337.02002,3324.4,3326.3,0,2
472,2025-06-10 08:00:00,2025-06-10,08:00:00,3325.97,3327.84009,3302.92,3306.22,0,2
473,2025-06-10 12:00:00,2025-06-10,12:00:00,3306.09,3321.5,3302.09,3317.69,0,2
474,2025-06-10 16:00:00,2025-06-10,16:00:00,3317.95,3334.62,3315.53,3329.62,0,2
475,2025-06-10 20:00:00,2025-06-10,20:00:00,3329.8,3348.99,3328.28,3343.68994,0,2
476,2025-06-11 00:00:00,2025-06-11,00:00:00,3343.69995,3343.76001,3320.05,3324.73,0,2
477,2025-06-11 04:00:00,2025-06-11,04:00:00,3324.65,3334.55005,3319.39,3322.1,0,2
478,2025-06-11 08:00:00,2025-06-11,08:00:00,3323.39,3337.52002,3315.45,3328.66,0,2
479,2025-06-11 12:00:00,2025-06-11,12:00:00,3328.39,3343.12,3327.27002,3339.7,0,2
480,2025-06-11 16:00:00,2025-06-11,16:00:00,3339.64,3348.56006,3332.0,3333.64,0,2
481,2025-06-11 20:00:00,2025-06-11,20:00:00,3333.8,3360.6,3326.12,3329.68,0,2
482,2025-06-12 00:00:00,2025-06-12,00:00:00,3329.17,3342.61,3319.87012,3324.16,0,2
483,2025-06-12 04:00:00,2025-06-12,04:00:00,3324.36,3357.2,3323.74,3353.9,0,2
484,2025-06-12 08:00:00,2025-06-12,08:00:00,3356.04,3376.65,3356.0,3370.98,0,2
485,2025-06-12 12:00:00,2025-06-12,12:00:00,3370.94,3377.78,3368.0,3374.4,0,2
486,2025-06-12 16:00:00,2025-06-12,16:00:00,3374.35,3375.45,3338.68,3365.29,0,2
487,2025-06-12 20:00:00,2025-06-12,20:00:00,3365.37,3398.78,3362.43,3392.03,0,2
488,2025-06-13 00:00:00,2025-06-13,00:00:00,3391.88,3392.69,3377.82,3382.54,0,2
489,2025-06-13 04:00:00,2025-06-13,04:00:00,3382.5,3389.3,3381.3,3385.2,0,2
490,2025-06-13 08:00:00,2025-06-13,08:00:00,3386.0,3433.18,3379.82,3427.58,0,2
491,2025-06-13 12:00:00,2025-06-13,12:00:00,3427.34,3444.21,3418.20996,3426.12,0,2
492,2025-06-13 16:00:00,2025-06-13,16:00:00,3426.16,3429.3,3408.11011,3424.19,0,2
493,2025-06-13 20:00:00,2025-06-13,20:00:00,3424.21,3446.58,3411.6,3436.87,0,2
494,2025-06-14 00:00:00,2025-06-14,00:00:00,3437.11011,3439.82,3419.22,3430.35,0,2
495,2025-06-14 04:00:00,2025-06-14,04:00:00,3430.84,3439.7,3428.71,3439.7,0,2
496,2025-06-14 08:00:00,2025-06-14,08:00:00,3439.7,3447.7,3434.2,3435.9,0,2
497,2025-06-14 12:00:00,2025-06-14,12:00:00,3436.6,3438.8,3432.2,3432.2,0,2
498,2025-06-14 16:00:00,2025-06-14,16:00:00,3430.1,3437.9,3430.0,3437.4,0,2
499,2025-06-14 20:00:00,2025-06-14,20:00:00,3437.1,3438.8,3432.1,3438.1,0,2
500,2025-06-16 00:00:00,2025-06-16,00:00:00,3453.7,3458.1,3453.6,3457.7,0,2
501,2025-06-16 08:00:00,2025-06-16,08:00:00,3446.0,3455.7,3433.32007,3441.45,0,2
502,2025-06-16 12:00:00,2025-06-16,12:00:00,3441.52002,3452.5,3417.85,3421.52,0,2
503,2025-06-16 16:00:00,2025-06-16,16:00:00,3421.34,3421.34,3409.52,3412.03,0,2
504,2025-06-16 20:00:00,2025-06-16,20:00:00,3412.35,3422.51,3383.78,3387.56006,0,2
505,2025-06-17 00:00:00,2025-06-17,00:00:00,3388.12988,3405.42,3387.5,3392.6,0,2
506,2025-06-17 04:00:00,2025-06-17,04:00:00,3392.64,3393.91,3383.0,3393.8,0,2
507,2025-06-17 08:00:00,2025-06-17,08:00:00,3384.49,3403.21,3384.49,3393.61,0,2
508,2025-06-17 12:00:00,2025-06-17,12:00:00,3393.69,3400.31,3373.94,3392.57,0,2
509,2025-06-17 16:00:00,2025-06-17,16:00:00,3392.43,3392.43,3375.83,3385.56,0,2
510,2025-06-17 20:00:00,2025-06-17,20:00:00,3385.64,3399.92,3383.49,3390.46,0,2
511,2025-06-18 00:00:00,2025-06-18,00:00:00,3390.46,3391.77002,3366.09,3390.28,0,2
512,2025-06-18 04:00:00,2025-06-18,04:00:00,3390.58,3398.4,3382.38,3396.2,0,2
513,2025-06-18 08:00:00,2025-06-18,08:00:00,3387.0,3396.36011,3378.63,3378.88,0,2
514,2025-06-18 12:00:00,2025-06-18,12:00:00,3378.56,3399.98,3370.69,3386.42,0,2
515,2025-06-18 16:00:00,2025-06-18,16:00:00,3386.24,3388.31,3375.45,3378.06,0,2
516,2025-06-18 20:00:00,2025-06-18,20:00:00,3378.07,3396.62,3375.86,3392.3999,0,2
517,2025-06-19 00:00:00,2025-06-19,00:00:00,3392.11,3394.68994,3373.75,3385.19,0,2
518,2025-06-19 04:00:00,2025-06-19,04:00:00,3384.62,3395.5,3362.68994,3375.9,0,2
519,2025-06-19 08:00:00,2025-06-19,08:00:00,3369.62,3389.2,3369.62,3379.77002,0,2
520,2025-06-19 12:00:00,2025-06-19,12:00:00,3374.48999,3382.4,3365.2,3367.1,0,2
521,2025-06-19 16:00:00,2025-06-19,16:00:00,3367.9,3376.7,3347.72998,3370.18,0,2
522,2025-06-19 20:00:00,2025-06-19,20:00:00,3370.32,3379.8,3361.63989,3369.56006,0,2
523,2025-06-20 00:00:00,2025-06-20,00:00:00,3369.55005,3380.3,3361.77002,3368.3999,0,2
524,2025-06-20 04:00:00,2025-06-20,04:00:00,3368.25,3383.1,3366.88989,3379.2,0,2
525,2025-06-20 08:00:00,2025-06-20,08:00:00,3368.76,3370.36,3356.0,3356.3,0,2
526,2025-06-20 12:00:00,2025-06-20,12:00:00,3356.27,3360.55,3342.65,3344.7,0,2
527,2025-06-20 16:00:00,2025-06-20,16:00:00,3344.32,3359.2,3340.32,3355.13,0,2
528,2025-06-20 20:00:00,2025-06-20,20:00:00,3355.36,3371.3,3342.22,3370.17,0,2
529,2025-06-21 00:00:00,2025-06-21,00:00:00,3370.58008,3379.3,3366.01001,3367.43994,0,2
530,2025-06-21 04:00:00,2025-06-21,04:00:00,3367.8501,3381.9,3364.68994,3380.9,0,2
531,2025-06-21 08:00:00,2025-06-21,08:00:00,3381.0,3381.0,3374.7,3379.6,0,2
532,2025-06-21 12:00:00,2025-06-21,12:00:00,3378.6,3379.4,3373.2,3378.8,0,2
533,2025-06-21 16:00:00,2025-06-21,16:00:00,3379.4,3380.8,3377.4,3380.1,0,2
534,2025-06-21 20:00:00,2025-06-21,20:00:00,3380.5,3381.3,3376.2,3380.3,0,2
535,2025-06-23 00:00:00,2025-06-23,00:00:00,3409.5,3434.2,3406.3,3418.5,0,2
536,2025-06-23 04:00:00,2025-06-23,04:00:00,3418.9,3427.2,3407.6,3418.5,0,2
537,2025-06-23 08:00:00,2025-06-23,08:00:00,3407.77,3407.77,3352.0,3355.26,0,2
538,2025-06-23 12:00:00,2025-06-23,12:00:00,3355.16,3373.3,3347.02,3356.78,0,2
539,2025-06-23 16:00:00,2025-06-23,16:00:00,3356.95,3369.080078,3351.82007,3366.62988,0,2
540,2025-06-23 20:00:00,2025-06-23,20:00:00,3366.80005,3391.8,3356.060059,3388.9,0,2
541,2025-06-24 00:00:00,2025-06-24,00:00:00,3380.96997,3396.7,3371.78003,3384.5,0,2
542,2025-06-24 04:00:00,2025-06-24,04:00:00,3384.2,3388.3,3365.1,3380.4,0,2
543,2025-06-24 08:00:00,2025-06-24,08:00:00,3366.98,3369.55,3333.3501,3347.87988,0,2
544,2025-06-24 12:00:00,2025-06-24,12:00:00,3347.83008,3362.0,3334.9,3338.0,0,2
545,2025-06-24 16:00:00,2025-06-24,16:00:00,3339.3,3339.3,3316.20996,3322.4,0,2
546,2025-06-24 20:00:00,2025-06-24,20:00:00,3322.3,3332.2,3300.2,3305.8,0,2
547,2025-06-25 00:00:00,2025-06-25,00:00:00,3306.0,3321.23999,3299.91992,3318.01001,0,2
548,2025-06-25 04:00:00,2025-06-25,04:00:00,3318.12012,3329.3,3316.080078,3320.5,0,2
549,2025-06-25 08:00:00,2025-06-25,08:00:00,3320.4,3336.2,3320.4,3336.2,0,2
550,2025-06-25 12:00:00,2025-06-25,12:00:00,3336.3,3336.3,3326.3,3333.9,0,2
551,2025-06-25 16:00:00,2025-06-25,16:00:00,3333.2,3337.3,3321.65991,3325.33008,0,2
552,2025-06-25 20:00:00,2025-06-25,20:00:00,3325.38989,3334.4,3313.41992,3315.5,0,2
553,2025-06-26 00:00:00,2025-06-26,00:00:00,3315.6,3335.38989,3314.0,3328.11011,0,2
554,2025-06-26 04:00:00,2025-06-26,04:00:00,3328.9,3335.66992,3326.13,3333.1,0,2
555,2025-06-26 08:00:00,2025-06-26,08:00:00,3333.3,3340.0,3330.1499,3330.5,0,2
556,2025-06-26 12:00:00,2025-06-26,12:00:00,3330.5,3343.18994,3330.4,3334.8,0,2
557,2025-06-26 16:00:00,2025-06-26,16:00:00,3332.5,3350.25,3331.56006,3340.72998,0,2
558,2025-06-26 20:00:00,2025-06-26,20:00:00,3340.70996,3344.22998,3310.0,3319.98999,0,2
559,2025-06-27 00:00:00,2025-06-27,00:00:00,3319.97998,3337.3,3312.85,3332.88989,0,2
560,2025-06-27 04:00:00,2025-06-27,04:00:00,3332.45996,3334.91992,3324.9,3325.9,0,2
561,2025-06-27 08:00:00,2025-06-27,08:00:00,3326.33,3327.8,3313.32,3318.6499,0,2
562,2025-06-27 12:00:00,2025-06-27,12:00:00,3319.9,3323.0,3292.62988,3301.2,0,2
563,2025-06-27 16:00:00,2025-06-27,16:00:00,3300.7,3300.7,3282.29004,3282.77002,0,2
564,2025-06-27 20:00:00,2025-06-27,20:00:00,3282.82007,3295.2,3255.97998,3274.3999,0,2
565,2025-06-28 00:00:00,2025-06-28,00:00:00,3274.46997,3282.90991,3265.040039,3277.41992,0,2
566,2025-06-28 04:00:00,2025-06-28,04:00:00,3278.28003,3282.5,3268.4,3282.4,0,2
567,2025-06-28 08:00:00,2025-06-28,08:00:00,3282.3,3283.5,3273.67,3280.7,0,2
568,2025-06-28 12:00:00,2025-06-28,12:00:00,3280.5,3284.1,3280.1,3281.2,0,2
569,2025-06-28 16:00:00,2025-06-28,16:00:00,3280.8,3282.4,3276.0,3278.0,0,2
570,2025-06-28 20:00:00,2025-06-28,20:00:00,3278.5,3284.3,3276.8,3284.3,0,2
571,2025-06-30 00:00:00,2025-06-30,00:00:00,3273.8,3273.8,3271.9,3272.0,0,2
572,2025-06-30 08:00:00,2025-06-30,08:00:00,3272.3,3280.89,3248.98,3273.94995,0,2
573,2025-06-30 12:00:00,2025-06-30,12:00:00,3273.92993,3291.42993,3273.87012,3289.01001,0,2
574,2025-06-30 16:00:00,2025-06-30,16:00:00,3289.18994,3296.88989,3277.65991,3287.91992,0,2
575,2025-06-30 20:00:00,2025-06-30,20:00:00,3287.89,3288.93,3274.70996,3284.80005,0,2
576,2025-07-01 00:00:00,2025-07-01,00:00:00,3285.32007,3298.61011,3279.31006,3294.090088,0,2
577,2025-07-01 04:00:00,2025-07-01,04:00:00,3294.070068,3309.21997,3292.72998,3301.5,0,2
578,2025-07-01 08:00:00,2025-07-01,08:00:00,3303.8,3321.02002,3300.9,3314.1,0,2
579,2025-07-01 12:00:00,2025-07-01,12:00:00,3314.1,3330.27002,3312.1,3324.8,0,2
580,2025-07-01 16:00:00,2025-07-01,16:00:00,3325.2,3347.93994,3321.7,3345.8999,0,2
581,2025-07-01 20:00:00,2025-07-01,20:00:00,3345.86011,3357.96997,3341.1,3351.3999,0,2
582,2025-07-02 00:00:00,2025-07-02,00:00:00,3351.75,3354.5,3334.2,3339.77002,0,2
583,2025-07-02 04:00:00,2025-07-02,04:00:00,3339.65991,3340.37012,3328.8,3328.8,0,2
584,2025-07-02 08:00:00,2025-07-02,08:00:00,3337.93,3345.060059,3331.0,3332.32007,0,2
585,2025-07-02 12:00:00,2025-07-02,12:00:00,3332.09,3342.33008,3328.83,3334.8,0,2
586,2025-07-02 16:00:00,2025-07-02,16:00:00,3338.91992,3342.17993,3325.7,3341.82007,0,2
587,2025-07-02 20:00:00,2025-07-02,20:00:00,3341.94995,3351.12988,3332.5,3337.58008,0,2
588,2025-07-03 00:00:00,2025-07-03,00:00:00,3335.1,3349.96997,3330.0,3349.75,0,2
589,2025-07-03 04:00:00,2025-07-03,04:00:00,3349.56006,3359.060059,3346.1,3349.7,0,2
590,2025-07-03 08:00:00,2025-07-03,08:00:00,3357.95,3365.61,3338.5,3346.060059,0,2
591,2025-07-03 12:00:00,2025-07-03,12:00:00,3346.11011,3357.51001,3341.5,3354.5,0,2
592,2025-07-03 16:00:00,2025-07-03,16:00:00,3354.6,3362.91992,3339.2,3342.2,0,2
593,2025-07-03 20:00:00,2025-07-03,20:00:00,3341.5,3352.33,3311.66,3331.81,0,2
594,2025-07-04 00:00:00,2025-07-04,00:00:00,3331.6,3334.8,3323.20996,3329.05,0,2
595,2025-07-04 04:00:00,2025-07-04,04:00:00,3328.97,3330.22,3322.7,3325.8,0,2
596,2025-07-04 08:00:00,2025-07-04,08:00:00,3325.15,3334.26,3323.38,3330.12988,0,2
597,2025-07-04 12:00:00,2025-07-04,12:00:00,3329.87,3342.26001,3326.19,3339.41,0,2
598,2025-07-04 16:00:00,2025-07-04,16:00:00,3339.55,3344.98,3333.02,3334.42,0,2
599,2025-07-04 20:00:00,2025-07-04,20:00:00,3334.42,3338.060059,3331.45,3333.85,0,2
600,2025-07-05 00:00:00,2025-07-05,00:00:00,3333.71,3337.44995,3330.2,3335.0,0,2
601,2025-07-05 04:00:00,2025-07-05,04:00:00,3335.0,3338.3,3335.0,3336.5,0,2
602,2025-07-05 08:00:00,2025-07-05,08:00:00,3336.9,3339.8,3335.24,3339.0,0,2
603,2025-07-05 12:00:00,2025-07-05,12:00:00,3338.9,3339.3,3331.3,3335.7,0,2
604,2025-07-05 16:00:00,2025-07-05,16:00:00,3334.8,3336.7,3332.8,3335.6,0,2
605,2025-07-05 20:00:00,2025-07-05,20:00:00,3337.2,3337.2,3334.3,3336.7,0,2
606,2025-07-07 00:00:00,2025-07-07,00:00:00,3335.2,3339.5,3332.1,3334.5,0,2
607,2025-07-07 04:00:00,2025-07-07,04:00:00,3334.4,3335.4,3334.0,3334.6,0,2
608,2025-07-07 08:00:00,2025-07-07,08:00:00,3334.01,3342.05,3306.88,3316.48,0,2
609,2025-07-07 12:00:00,2025-07-07,12:00:00,3316.79,3317.68,3305.2,3313.38,0,2
610,2025-07-07 16:00:00,2025-07-07,16:00:00,3313.31,3315.15,3300.65,3308.95,0,2
611,2025-07-07 20:00:00,2025-07-07,20:00:00,3308.89,3317.12012,3296.5,3316.29,0,2
612,2025-07-08 00:00:00,2025-07-08,00:00:00,3316.62,3335.8,3313.24,3332.03,0,2
613,2025-07-08 04:00:00,2025-07-08,04:00:00,3331.97,3340.3,3328.46,3330.0,0,2
614,2025-07-08 08:00:00,2025-07-08,08:00:00,3329.41,3345.7,3329.41,3334.76,0,2
615,2025-07-08 12:00:00,2025-07-08,12:00:00,3334.76,3337.88989,3327.55,3334.03,0,2
616,2025-07-08 16:00:00,2025-07-08,16:00:00,3334.080078,3339.40991,3321.37,3321.97,0,2
617,2025-07-08 20:00:00,2025-07-08,20:00:00,3321.98,3329.79,3315.0,3315.22,0,2
618,2025-07-09 00:00:00,2025-07-09,00:00:00,3315.13989,3315.83,3287.21,3306.4,0,2
619,2025-07-09 04:00:00,2025-07-09,04:00:00,3306.36011,3308.15,3297.9,3305.4,0,2
620,2025-07-09 08:00:00,2025-07-09,08:00:00,3300.83,3308.030029,3297.16,3301.94995,0,2
621,2025-07-09 12:00:00,2025-07-09,12:00:00,3301.98999,3302.8999,3285.0,3289.29,0,2
622,2025-07-09 16:00:00,2025-07-09,16:00:00,3289.58,3296.070068,3282.8999,3289.28003,0,2
623,2025-07-09 20:00:00,2025-07-09,20:00:00,3289.23999,3305.27002,3283.18,3300.42993,0,2
624,2025-07-10 00:00:00,2025-07-10,00:00:00,3300.34009,3312.94995,3299.8999,3307.2,0,2
625,2025-07-10 04:00:00,2025-07-10,04:00:00,3307.3,3316.87012,3306.2,3309.9,0,2
626,2025-07-10 08:00:00,2025-07-10,08:00:00,3310.95,3326.38989,3310.95,3322.3501,0,2
627,2025-07-10 12:00:00,2025-07-10,12:00:00,3322.25,3325.03,3311.6,3321.32007,0,2
628,2025-07-10 16:00:00,2025-07-10,16:00:00,3321.04,3330.21,3316.9,3326.41,0,2
629,2025-07-10 20:00:00,2025-07-10,20:00:00,3326.53,3330.15,3312.040039,3312.88989,0,2
630,2025-07-11 00:00:00,2025-07-11,00:00:00,3312.81006,3321.65991,3309.9,3317.35,0,2
631,2025-07-11 04:00:00,2025-07-11,04:00:00,3317.21,3325.84,3314.8,3317.7,0,2
632,2025-07-11 08:00:00,2025-07-11,08:00:00,3323.33,3335.98,3321.7,3329.54,0,2
633,2025-07-11 12:00:00,2025-07-11,12:00:00,3329.54,3341.62,3327.18,3333.9,0,2
634,2025-07-11 16:00:00,2025-07-11,16:00:00,3334.0,3343.83008,3331.5,3339.4,0,2
635,2025-07-11 20:00:00,2025-07-11,20:00:00,3339.61,3359.16992,3335.5,3351.82,0,2
636,2025-07-12 00:00:00,2025-07-12,00:00:00,3345.5,3367.45996,3344.2,3353.37,0,2
637,2025-07-12 04:00:00,2025-07-12,04:00:00,3353.59,3359.72998,3343.9,3343.9,0,2
638,2025-07-12 08:00:00,2025-07-12,08:00:00,3343.9,3354.76,3343.6,3351.2,0,2
639,2025-07-12 12:00:00,2025-07-12,12:00:00,3352.8,3354.6,3344.7,3349.4,0,2
640,2025-07-12 16:00:00,2025-07-12,16:00:00,3349.5,3350.0,3344.3,3347.3,0,2
641,2025-07-12 20:00:00,2025-07-12,20:00:00,3347.3,3349.4,3344.8,3348.6,0,2
642,2025-07-14 00:00:00,2025-07-14,00:00:00,3348.0,3350.9,3345.4,3349.4,0,2
643,2025-07-14 08:00:00,2025-07-14,08:00:00,3356.92,3373.7,3356.92,3358.37,0,2
644,2025-07-14 12:00:00,2025-07-14,12:00:00,3358.07,3361.41,3349.0,3357.55,0,2
645,2025-07-14 16:00:00,2025-07-14,16:00:00,3357.57,3375.02002,3356.52,3370.3501,0,2
646,2025-07-14 20:00:00,2025-07-14,20:00:00,3370.55005,3374.55,3347.09,3355.3501,0,2
647,2025-07-15 00:00:00,2025-07-15,00:00:00,3355.23999,3356.28003,3341.1499,3351.050049,0,2
648,2025-07-15 04:00:00,2025-07-15,04:00:00,3351.080078,3351.23999,3341.1,3347.2,0,2
649,2025-07-15 08:00:00,2025-07-15,08:00:00,3342.1,3350.67993,3341.21,3346.41,0,2
650,2025-07-15 12:00:00,2025-07-15,12:00:00,3346.46,3365.28003,3345.79,3362.13,0,2
651,2025-07-15 16:00:00,2025-07-15,16:00:00,3362.04,3365.51,3357.02,3363.34,0,2
652,2025-07-15 20:00:00,2025-07-15,20:00:00,3363.41,3366.24,3334.53003,3343.3,0,2
653,2025-07-16 00:00:00,2025-07-16,00:00:00,3347.51001,3352.12988,3320.36011,3328.23999,0,2
654,2025-07-16 04:00:00,2025-07-16,04:00:00,3328.07,3331.85,3323.3,3329.4,0,2
655,2025-07-16 08:00:00,2025-07-16,08:00:00,3324.1,3335.080078,3323.61,3331.01001,0,2
656,2025-07-16 12:00:00,2025-07-16,12:00:00,3331.01,3339.93994,3325.18994,3338.22998,0,2
657,2025-07-16 16:00:00,2025-07-16,16:00:00,3337.68,3342.83,3335.91,3339.94,0,2
658,2025-07-16 20:00:00,2025-07-16,20:00:00,3339.89,3340.44,3322.12988,3326.92993,0,2
659,2025-07-17 00:00:00,2025-07-17,00:00:00,3326.70996,3377.18994,3319.92993,3354.88989,0,2
660,2025-07-17 04:00:00,2025-07-17,04:00:00,3355.070068,3356.73999,3338.8,3342.1,0,2
661,2025-07-17 08:00:00,2025-07-17,08:00:00,3347.72,3352.25,3336.8,3344.16992,0,2
662,2025-07-17 12:00:00,2025-07-17,12:00:00,3344.13989,3344.84009,3335.2,3339.3,0,2
663,2025-07-17 16:00:00,2025-07-17,16:00:00,3339.67,3339.71,3325.0,3325.65,0,2
664,2025-07-17 20:00:00,2025-07-17,20:00:00,3325.59,3331.05,3309.98999,3319.33008,0,2
665,2025-07-18 00:00:00,2025-07-18,00:00:00,3319.13989,3341.02,3318.37012,3337.38,0,2
666,2025-07-18 04:00:00,2025-07-18,04:00:00,3337.47,3340.82,3303.71,3334.4,0,2
667,2025-07-18 08:00:00,2025-07-18,08:00:00,3338.3,3343.89,3335.41992,3337.71,0,2
668,2025-07-18 12:00:00,2025-07-18,12:00:00,3337.61,3344.09,3332.0,3333.45,0,2
669,2025-07-18 16:00:00,2025-07-18,16:00:00,3333.39,3354.85,3332.01001,3349.0,0,2
670,2025-07-18 20:00:00,2025-07-18,20:00:00,3352.22,3361.28003,3345.4,3353.6,0,2
671,2025-07-19 00:00:00,2025-07-19,00:00:00,3354.1,3359.16992,3345.8,3350.7,0,2
672,2025-07-19 04:00:00,2025-07-19,04:00:00,3352.44995,3353.26001,3345.9,3346.5,0,2
673,2025-07-19 08:00:00,2025-07-19,08:00:00,3347.4,3347.5,3344.4,3344.4,0,2
674,2025-07-19 12:00:00,2025-07-19,12:00:00,3344.4,3347.6,3341.9,3347.6,0,2
675,2025-07-19 16:00:00,2025-07-19,16:00:00,3347.6,3352.6,3347.6,3351.3,0,2
676,2025-07-19 20:00:00,2025-07-19,20:00:00,3349.9,3352.2,3347.3,3348.0,0,2
677,2025-07-21 00:00:00,2025-07-21,00:00:00,3349.4,3352.8,3346.3,3348.1,0,2
678,2025-07-21 04:00:00,2025-07-21,04:00:00,3348.2,3348.5,3347.0,3347.3,0,2
679,2025-07-21 08:00:00,2025-07-21,08:00:00,3345.0,3358.58008,3345.0,3356.61011,0,2
680,2025-07-21 12:00:00,2025-07-21,12:00:00,3356.19,3369.54,3350.68,3366.62,0,2
681,2025-07-21 16:00:00,2025-07-21,16:00:00,3366.80005,3370.75,3359.0,3366.04,0,2
682,2025-07-21 20:00:00,2025-07-21,20:00:00,3366.09,3395.23999,3363.0,3388.78003,0,2
683,2025-07-22 00:00:00,2025-07-22,00:00:00,3388.45996,3401.3999,3386.27002,3393.43994,0,2
684,2025-07-22 04:00:00,2025-07-22,04:00:00,3393.37988,3399.8501,3390.59,3395.18,0,2
685,2025-07-22 08:00:00,2025-07-22,08:00:00,3398.0,3402.53,3385.22998,3386.0,0,2
686,2025-07-22 12:00:00,2025-07-22,12:00:00,3385.94,3393.56006,3384.7,3385.56006,0,2
687,2025-07-22 16:00:00,2025-07-22,16:00:00,3385.33,3390.57,3383.24,3386.27002,0,2
688,2025-07-22 20:00:00,2025-07-22,20:00:00,3386.05,3420.0,3385.86,3412.55005,0,2
689,2025-07-23 00:00:00,2025-07-23,00:00:00,3412.40991,3433.43994,3405.12012,3429.33,0,2
690,2025-07-23 04:00:00,2025-07-23,04:00:00,3429.39,3432.72998,3426.25,3429.2,0,2
691,2025-07-23 08:00:00,2025-07-23,08:00:00,3430.27,3437.79004,3420.94,3420.96,0,2
692,2025-07-23 12:00:00,2025-07-23,12:00:00,3420.87988,3428.86011,3416.28,3420.44995,0,2
693,2025-07-23 16:00:00,2025-07-23,16:00:00,3420.57007,3432.44,3420.48999,3430.8,0,2
694,2025-07-23 20:00:00,2025-07-23,20:00:00,3430.79,3430.8,3408.99,3413.2,0,2
695,2025-07-24 00:00:00,2025-07-24,00:00:00,3413.35,3417.02,3386.11,3395.1,0,2
696,2025-07-24 04:00:00,2025-07-24,04:00:00,3395.35,3400.0,3388.14,3394.61,0,2
697,2025-07-24 08:00:00,2025-07-24,08:00:00,3394.62,3396.34,3388.79,3390.48,0,2
698,2025-07-24 12:00:00,2025-07-24,12:00:00,3390.48,3391.68,3377.6,3379.57,0,2
699,2025-07-24 16:00:00,2025-07-24,16:00:00,3379.58,3380.86,3368.22,3368.36,0,2
700,2025-07-24 20:00:00,2025-07-24,20:00:00,3368.36,3372.17993,3359.33,3366.97998,0,2
701,2025-07-25 00:00:00,2025-07-25,00:00:00,3366.84009,3379.61,3365.96997,3370.06,0,2
702,2025-07-25 04:00:00,2025-07-25,04:00:00,3370.06,3373.35,3367.1,3368.91,0,2
703,2025-07-25 08:00:00,2025-07-25,08:00:00,3366.86,3373.55005,3365.33008,3371.08,0,2
704,2025-07-25 12:00:00,2025-07-25,12:00:00,3370.35,3370.53,3355.31,3358.62,0,2
705,2025-07-25 16:00:00,2025-07-25,16:00:00,3358.53,3364.59,3343.1,3345.83,0,2
706,2025-07-25 20:00:00,2025-07-25,20:00:00,3345.8999,3352.16,3336.57,3343.97998,0,2
707,2025-07-26 00:00:00,2025-07-26,00:00:00,3344.33008,3344.8999,3326.32007,3336.040039,0,2
708,2025-07-26 04:00:00,2025-07-26,04:00:00,3336.08,3352.68,3335.82,3352.68,0,2
709,2025-07-26 08:00:00,2025-07-26,08:00:00,3352.67,3358.44,3345.72,3353.88,0,2
710,2025-07-26 12:00:00,2025-07-26,12:00:00,3353.88,3357.57,3351.05,3355.98,0,2
711,2025-07-26 16:00:00,2025-07-26,16:00:00,3355.98,3357.29,3351.03,3355.18,0,2
712,2025-07-26 20:00:00,2025-07-26,20:00:00,3355.18,3357.96,3349.67,3352.96,0,2
713,2025-07-28 04:00:00,2025-07-28,04:00:00,3348.18,3349.26,3348.17,3349.26,0,2
714,2025-07-28 08:00:00,2025-07-28,08:00:00,3349.37,3351.53,3340.0,3344.5,0,2
715,2025-07-28 12:00:00,2025-07-28,12:00:00,3344.5,3351.01,3339.0,3349.6,0,2
716,2025-07-28 16:00:00,2025-07-28,16:00:00,3349.4,3350.75,3340.63,3345.62,0,2
717,2025-07-28 20:00:00,2025-07-28,20:00:00,3345.62,3346.12,3312.0,3312.03,0,2
718,2025-07-29 00:00:00,2025-07-29,00:00:00,3312.02,3326.74,3312.02,3319.57,0,2
719,2025-07-29 04:00:00,2025-07-29,04:00:00,3319.58,3328.0,3318.4,3326.8,0,2
720,2025-07-29 08:00:00,2025-07-29,08:00:00,3326.81,3327.78,3318.39,3326.99,0,2
721,2025-07-29 12:00:00,2025-07-29,12:00:00,3326.99,3329.91,3320.0,3328.2,0,2
722,2025-07-29 16:00:00,2025-07-29,16:00:00,3328.26,3335.0,3321.01,3329.1,0,2
723,2025-07-29 20:00:00,2025-07-29,20:00:00,3329.1,3330.79,3321.01,3323.37,0,2
724,2025-07-30 00:00:00,2025-07-30,00:00:00,3324.29,3337.27,3320.53,3335.55,0,2
725,2025-07-30 04:00:00,2025-07-30,04:00:00,3335.56,3338.23,3332.47,3336.03,0,2
726,2025-07-30 08:00:00,2025-07-30,08:00:00,3336.24,3340.28,3331.39,3331.79,0,2
727,2025-07-30 12:00:00,2025-07-30,12:00:00,3331.98,3339.65,3331.98,3332.99,0,2
728,2025-07-30 16:00:00,2025-07-30,16:00:00,3333.0,3339.42,3330.22,3339.0,0,2
729,2025-07-30 20:00:00,2025-07-30,20:00:00,3339.0,3339.0,3310.0,3314.27,0,2
730,2025-07-31 00:00:00,2025-07-31,00:00:00,3314.43,3319.2,3302.66,3315.2,0,2
731,2025-07-31 04:00:00,2025-07-31,04:00:00,3315.4,3317.49,3283.0,3294.76,0,2
732,2025-07-31 08:00:00,2025-07-31,08:00:00,3294.75,3305.0,3288.88,3305.0,0,2
733,2025-07-31 12:00:00,2025-07-31,12:00:00,3305.0,3310.05,3301.3,3307.79,0,2
734,2025-07-31 16:00:00,2025-07-31,16:00:00,3307.71,3321.34,3305.61,3315.07,0,2
735,2025-07-31 20:00:00,2025-07-31,20:00:00,3314.71,3317.8,3303.19,3311.19,0,2
736,2025-08-01 00:00:00,2025-08-01,00:00:00,3311.19,3311.2,3299.07,3304.8,0,2
737,2025-08-01 04:00:00,2025-08-01,04:00:00,3304.8,3307.52,3294.4,3299.94,0,2
738,2025-08-01 08:00:00,2025-08-01,08:00:00,3299.94,3302.21,3289.05,3289.79,0,2
739,2025-08-01 12:00:00,2025-08-01,12:00:00,3289.8,3305.59,3289.8,3303.43,0,2
740,2025-08-01 16:00:00,2025-08-01,16:00:00,3303.43,3306.39,3290.0,3300.13,0,2
741,2025-08-01 20:00:00,2025-08-01,20:00:00,3300.21,3352.29,3300.0,3339.14,0,2
742,2025-08-02 00:00:00,2025-08-02,00:00:00,3339.14,3360.0,3338.68,3348.32,0,2
743,2025-08-02 04:00:00,2025-08-02,04:00:00,3348.32,3365.97,3345.12,3365.96,0,2
744,2025-08-02 08:00:00,2025-08-02,08:00:00,3365.84,3366.61,3359.2,3366.48,0,2
745,2025-08-02 12:00:00,2025-08-02,12:00:00,3366.61,3369.98,3357.97,3363.8,0,2
746,2025-08-02 16:00:00,2025-08-02,16:00:00,3363.8,3365.84,3355.58,3365.84,0,2
747,2025-08-02 20:00:00,2025-08-02,20:00:00,3365.84,3367.26,3360.0,3361.38,0,2
748,2025-08-04 04:00:00,2025-08-04,04:00:00,3368.63,3368.8,3368.62,3368.8,0,2
749,2025-08-04 08:00:00,2025-08-04,08:00:00,3368.79,3368.79,3348.8,3355.59,0,2
750,2025-08-04 12:00:00,2025-08-04,12:00:00,3355.59,3365.21,3351.12,3361.2,0,2
751,2025-08-04 16:00:00,2025-08-04,16:00:00,3361.2,3364.81,3356.12,3360.36,0,2
752,2025-08-04 20:00:00,2025-08-04,20:00:00,3360.36,3384.0,3357.4,3383.86,0,2
753,2025-08-05 00:00:00,2025-08-05,00:00:00,3383.86,3384.39,3372.05,3374.8,0,2
754,2025-08-05 04:00:00,2025-08-05,04:00:00,3374.8,3380.25,3368.97,3371.2,0,2
755,2025-08-05 08:00:00,2025-08-05,08:00:00,3371.2,3385.08,3371.01,3380.06,0,2
756,2025-08-05 12:00:00,2025-08-05,12:00:00,3380.06,3389.58,3369.84,3373.3,0,2
757,2025-08-05 16:00:00,2025-08-05,16:00:00,3373.3,3375.18,3362.8,3362.81,0,2
758,2025-08-05 20:00:00,2025-08-05,20:00:00,3362.8,3378.71,3353.8,3374.35,0,2
759,2025-08-06 00:00:00,2025-08-06,00:00:00,3374.35,3393.62,3372.89,3380.86,0,2
760,2025-08-06 04:00:00,2025-08-06,04:00:00,3380.39,3384.47,3376.52,3380.7,0,2
761,2025-08-06 08:00:00,2025-08-06,08:00:00,3380.69,3385.25,3375.8,3376.39,0,2
762,2025-08-06 12:00:00,2025-08-06,12:00:00,3376.4,3379.0,3373.52,3376.0,0,2
763,2025-08-06 16:00:00,2025-08-06,16:00:00,3376.0,3381.35,3362.51,3364.18,0,2
764,2025-08-06 20:00:00,2025-08-06,20:00:00,3364.18,3374.49,3363.19,3373.24,0,2
765,2025-08-07 00:00:00,2025-08-07,00:00:00,3373.24,3381.27,3371.96,3376.41,0,2
766,2025-08-07 04:00:00,2025-08-07,04:00:00,3376.41,3376.41,3368.36,3369.86,0,2
767,2025-08-07 08:00:00,2025-08-07,08:00:00,3369.86,3383.06,3368.8,3383.05,0,2
768,2025-08-07 12:00:00,2025-08-07,12:00:00,3383.05,3383.24,3375.0,3376.08,0,2
769,2025-08-07 16:00:00,2025-08-07,16:00:00,3376.2,3394.98,3375.4,3379.8,0,2
770,2025-08-07 20:00:00,2025-08-07,20:00:00,3379.61,3387.93,3374.16,3382.7,0,2
771,2025-08-08 00:00:00,2025-08-08,00:00:00,3382.59,3386.95,3376.1,3386.85,0,2
772,2025-08-08 04:00:00,2025-08-08,04:00:00,3386.85,3393.57,3384.0,3388.81,0,2
773,2025-08-08 08:00:00,2025-08-08,08:00:00,3388.81,3397.81,3380.69,3381.59,0,2
774,2025-08-08 12:00:00,2025-08-08,12:00:00,3381.59,3393.6,3381.16,3390.0,0,2
775,2025-08-08 16:00:00,2025-08-08,16:00:00,3389.99,3394.63,3386.67,3393.81,0,2
776,2025-08-08 20:00:00,2025-08-08,20:00:00,3393.89,3394.99,3377.77,3390.5,0,2
777,2025-08-09 00:00:00,2025-08-09,00:00:00,3390.49,3390.49,3377.28,3379.8,0,2
778,2025-08-09 04:00:00,2025-08-09,04:00:00,3379.63,3389.64,3375.19,3384.78,0,2
779,2025-08-09 08:00:00,2025-08-09,08:00:00,3385.25,3393.8,3383.96,3388.02,0,2
780,2025-08-09 12:00:00,2025-08-09,12:00:00,3388.02,3389.59,3375.0,3385.68,0,2
781,2025-08-09 16:00:00,2025-08-09,16:00:00,3385.67,3387.48,3380.11,3387.48,0,2
782,2025-08-09 20:00:00,2025-08-09,20:00:00,3387.49,3390.0,3385.46,3389.32,0,2
783,2025-08-11 04:00:00,2025-08-11,04:00:00,3386.51,3386.51,3386.51,3386.51,0,2
784,2025-08-11 08:00:00,2025-08-11,08:00:00,3386.51,3391.7,3365.56,3371.01,0,2
785,2025-08-11 12:00:00,2025-08-11,12:00:00,3370.73,3375.18,3366.58,3371.0,0,2
786,2025-08-11 16:00:00,2025-08-11,16:00:00,3371.01,3371.01,3344.99,3348.39,0,2
787,2025-08-11 20:00:00,2025-08-11,20:00:00,3348.76,3360.0,3342.05,3355.21,0,2
788,2025-08-12 00:00:00,2025-08-12,00:00:00,3355.2,3355.2,3339.63,3354.47,0,2
789,2025-08-12 04:00:00,2025-08-12,04:00:00,3354.41,3373.85,3338.72,3339.31,0,2
790,2025-08-12 08:00:00,2025-08-12,08:00:00,3339.73,3357.09,3339.46,3348.77,0,2
791,2025-08-12 12:00:00,2025-08-12,12:00:00,3348.77,3352.89,3345.54,3348.87,0,2
792,2025-08-12 16:00:00,2025-08-12,16:00:00,3348.87,3357.52,3339.33,3345.05,0,2
793,2025-08-12 20:00:00,2025-08-12,20:00:00,3345.03,3354.19,3338.51,3342.71,0,2
794,2025-08-13 00:00:00,2025-08-13,00:00:00,3342.3,3357.21,3332.0,3343.72,0,2
795,2025-08-13 04:00:00,2025-08-13,04:00:00,3343.72,3345.39,3340.0,3341.1,0,2
796,2025-08-13 08:00:00,2025-08-13,08:00:00,3341.1,3351.42,3335.55,3344.42,0,2
797,2025-08-13 12:00:00,2025-08-13,12:00:00,3344.42,3344.83,3339.58,3342.05,0,2
798,2025-08-13 16:00:00,2025-08-13,16:00:00,3342.04,3355.0,3341.44,3353.64,0,2
799,2025-08-13 20:00:00,2025-08-13,20:00:00,3353.65,3355.0,3344.27,3354.2,0,2
800,2025-08-14 00:00:00,2025-08-14,00:00:00,3354.2,3358.6,3346.01,3346.61,0,2
801,2025-08-14 04:00:00,2025-08-14,04:00:00,3346.61,3357.68,3345.0,3352.34,0,2
802,2025-08-14 08:00:00,2025-08-14,08:00:00,3352.3,3361.0,3348.61,3357.9,0,2
803,2025-08-14 12:00:00,2025-08-14,12:00:00,3357.75,3359.44,3348.72,3350.17,0,2
804,2025-08-14 16:00:00,2025-08-14,16:00:00,3350.18,3355.61,3338.18,3348.76,0,2
805,2025-08-14 20:00:00,2025-08-14,20:00:00,3348.77,3349.87,3335.0,3338.09,0,2
806,2025-08-15 00:00:00,2025-08-15,00:00:00,3338.09,3339.01,3324.39,3332.43,0,2
807,2025-08-15 04:00:00,2025-08-15,04:00:00,3332.43,3334.07,3326.01,3327.87,0,2
808,2025-08-15 08:00:00,2025-08-15,08:00:00,3327.83,3333.46,3326.67,3333.46,0,2
809,2025-08-15 12:00:00,2025-08-15,12:00:00,3333.46,3339.62,3330.23,3337.36,0,2
810,2025-08-15 16:00:00,2025-08-15,16:00:00,3337.36,3341.09,3334.01,3337.7,0,2
811,2025-08-15 20:00:00,2025-08-15,20:00:00,3337.7,3340.03,3329.72,3330.81,0,2
812,2025-08-16 00:00:00,2025-08-16,00:00:00,3330.81,3336.94,3328.2,3329.54,0,2
813,2025-08-16 04:00:00,2025-08-16,04:00:00,3329.62,3333.9,3328.97,3330.15,0,2
814,2025-08-16 08:00:00,2025-08-16,08:00:00,3330.15,3335.0,3328.96,3331.7,0,2
815,2025-08-16 12:00:00,2025-08-16,12:00:00,3331.74,3336.01,3331.41,3333.68,0,2
816,2025-08-16 16:00:00,2025-08-16,16:00:00,3333.61,3334.64,3327.21,3330.95,0,2
817,2025-08-16 20:00:00,2025-08-16,20:00:00,3330.95,3331.25,3327.95,3331.25,0,2
818,2025-08-18 04:00:00,2025-08-18,04:00:00,3330.09,3330.78,3330.09,3330.78,0,2
819,2025-08-18 08:00:00,2025-08-18,08:00:00,3330.79,3339.56,3322.0,3339.37,0,2
820,2025-08-18 12:00:00,2025-08-18,12:00:00,3339.37,3380.0,3333.4,3345.25,0,2
821,2025-08-18 16:00:00,2025-08-18,16:00:00,3345.24,3353.2,3340.39,3344.87,0,2
822,2025-08-18 20:00:00,2025-08-18,20:00:00,3344.88,3347.13,3333.47,3334.04,0,2
823,2025-08-19 00:00:00,2025-08-19,00:00:00,3334.05,3335.06,3326.63,3330.76,0,2
824,2025-08-19 04:00:00,2025-08-19,04:00:00,3330.71,3336.57,3328.76,3335.55,0,2
825,2025-08-19 08:00:00,2025-08-19,08:00:00,3335.4,3337.46,3326.51,3331.72,0,2
826,2025-08-19 12:00:00,2025-08-19,12:00:00,3331.95,3337.98,3329.25,3335.3,0,2
827,2025-08-19 16:00:00,2025-08-19,16:00:00,3335.22,3337.75,3332.4,3333.77,0,2
828,2025-08-19 20:00:00,2025-08-19,20:00:00,3334.12,3342.06,3324.59,3331.35,0,2
829,2025-08-20 00:00:00,2025-08-20,00:00:00,3331.37,3333.02,3315.05,3317.47,0,2
830,2025-08-20 04:00:00,2025-08-20,04:00:00,3317.46,3318.79,3308.01,3315.33,0,2
831,2025-08-20 08:00:00,2025-08-20,08:00:00,3315.33,3316.7,3307.23,3312.75,0,2
832,2025-08-20 12:00:00,2025-08-20,12:00:00,3312.75,3315.41,3301.77,3315.38,0,2
833,2025-08-20 16:00:00,2025-08-20,16:00:00,3315.38,3320.69,3314.41,3317.89,0,2
834,2025-08-20 20:00:00,2025-08-20,20:00:00,3317.9,3336.17,3317.08,3334.43,0,2
835,2025-08-21 00:00:00,2025-08-21,00:00:00,3334.19,3338.19,3330.84,3335.97,0,2
836,2025-08-21 04:00:00,2025-08-21,04:00:00,3335.97,3341.85,3334.0,3341.84,0,2
837,2025-08-21 08:00:00,2025-08-21,08:00:00,3341.85,3342.56,3335.59,3336.87,0,2
838,2025-08-21 12:00:00,2025-08-21,12:00:00,3336.87,3337.25,3332.0,3333.08,0,2
839,2025-08-21 16:00:00,2025-08-21,16:00:00,3333.08,3336.28,3330.0,3336.07,0,2
840,2025-08-21 20:00:00,2025-08-21,20:00:00,3336.32,3338.1,3318.25,3331.62,0,2
841,2025-08-22 00:00:00,2025-08-22,00:00:00,3331.62,3338.38,3331.0,3331.74,0,2
842,2025-08-22 04:00:00,2025-08-22,04:00:00,3331.75,3335.22,3330.54,3335.22,0,2
843,2025-08-22 08:00:00,2025-08-22,08:00:00,3335.27,3335.28,3329.33,3329.35,0,2
844,2025-08-22 12:00:00,2025-08-22,12:00:00,3329.34,3332.38,3324.35,3325.61,0,2
845,2025-08-22 16:00:00,2025-08-22,16:00:00,3325.61,3332.0,3323.06,3326.92,0,2
846,2025-08-22 20:00:00,2025-08-22,20:00:00,3326.92,3328.75,3318.28,3327.29,0,2
847,2025-08-23 00:00:00,2025-08-23,00:00:00,3327.29,3363.43,3327.29,3360.43,0,2
848,2025-08-23 04:00:00,2025-08-23,04:00:00,3360.44,3365.5,3359.53,3364.66,0,2
849,2025-08-23 08:00:00,2025-08-23,08:00:00,3364.64,3366.18,3358.58,3358.79,0,2
850,2025-08-23 12:00:00,2025-08-23,12:00:00,3358.79,3360.56,3345.51,3357.6,0,2
851,2025-08-23 16:00:00,2025-08-23,16:00:00,3357.6,3360.69,3356.92,3360.42,0,2
852,2025-08-23 20:00:00,2025-08-23,20:00:00,3360.43,3360.69,3357.02,3359.72,0,2
853,2025-08-25 04:00:00,2025-08-25,04:00:00,3358.02,3358.02,3355.32,3356.81,0,2
854,2025-08-25 08:00:00,2025-08-25,08:00:00,3356.8,3361.5,3353.14,3353.23,0,2
855,2025-08-25 12:00:00,2025-08-25,12:00:00,3353.29,3366.68994,3352.54,3356.23,0,2
856,2025-08-25 16:00:00,2025-08-25,16:00:00,3356.23,3358.85,3351.99,3356.08,0,2
857,2025-08-25 20:00:00,2025-08-25,20:00:00,3356.09,3362.71,3355.16,3359.95,0,2
858,2025-08-26 00:00:00,2025-08-26,00:00:00,3359.95,3363.3,3359.86,3361.95,0,2
859,2025-08-26 04:00:00,2025-08-26,04:00:00,3361.95,3362.85,3336.0,3345.78,0,2
860,2025-08-26 08:00:00,2025-08-26,08:00:00,3345.6,3370.66,3339.64,3362.77,0,2
861,2025-08-26 12:00:00,2025-08-26,12:00:00,3362.77,3371.43994,3359.0,3365.42,0,2
862,2025-08-26 16:00:00,2025-08-26,16:00:00,3365.42,3369.06,3358.48,3362.59,0,2
863,2025-08-26 20:00:00,2025-08-26,20:00:00,3362.59,3367.35,3357.69,3364.01,0,2
864,2025-08-27 00:00:00,2025-08-27,00:00:00,3364.01,3374.03,3360.0,3369.85,0,2
865,2025-08-27 04:00:00,2025-08-27,04:00:00,3369.85,3382.01,3368.44,3382.01,0,2
866,2025-08-27 08:00:00,2025-08-27,08:00:00,3382.0,3382.93,3374.4,3375.99,0,2
867,2025-08-27 12:00:00,2025-08-27,12:00:00,3375.99,3386.1001,3365.0,3368.81,0,2
868,2025-08-27 16:00:00,2025-08-27,16:00:00,3369.19,3375.66,3366.61,3369.77,0,2
869,2025-08-27 20:00:00,2025-08-27,20:00:00,3369.76,3372.62,3366.67,3367.95,0,2
870,2025-08-28 00:00:00,2025-08-28,00:00:00,3367.95,3384.92,3366.93,3384.56,0,2
871,2025-08-28 04:00:00,2025-08-28,04:00:00,3384.57,3390.0,3381.9,3384.83,0,2
872,2025-08-28 08:00:00,2025-08-28,08:00:00,3384.84,3390.77,3380.93,3381.59,0,2
873,2025-08-28 12:00:00,2025-08-28,12:00:00,3381.6,3385.79,3378.0,3382.67,0,2
874,2025-08-28 16:00:00,2025-08-28,16:00:00,3382.67,3397.82,3382.32,3395.77,0,2
875,2025-08-28 20:00:00,2025-08-28,20:00:00,3395.74,3403.3,3390.96,3402.07,0,2
876,2025-08-29 00:00:00,2025-08-29,00:00:00,3402.06,3423.25,3400.58,3419.02,0,2
877,2025-08-29 04:00:00,2025-08-29,04:00:00,3419.03,3423.11,3416.26,3420.58,0,2
878,2025-08-29 08:00:00,2025-08-29,08:00:00,3420.58,3420.58,3407.99,3411.0,0,2
879,2025-08-29 12:00:00,2025-08-29,12:00:00,3411.79,3419.96,3411.0,3412.1,0,2
880,2025-08-29 16:00:00,2025-08-29,16:00:00,3412.09,3426.91,3408.59,3409.28,0,2
881,2025-08-29 20:00:00,2025-08-29,20:00:00,3409.28,3431.86,3407.8,3431.69,0,2
882,2025-08-30 00:00:00,2025-08-30,00:00:00,3431.68,3457.0,3430.4,3451.82,0,2
883,2025-08-30 04:00:00,2025-08-30,04:00:00,3451.94,3464.7,3445.98,3458.2,0,2
884,2025-08-30 08:00:00,2025-08-30,08:00:00,3458.2,3463.32,3456.53,3457.43,0,2
885,2025-08-30 12:00:00,2025-08-30,12:00:00,3457.43,3463.0,3452.66,3458.01,0,2
886,2025-08-30 16:00:00,2025-08-30,16:00:00,3458.01,3465.65,3454.83,3465.61,0,2
887,2025-08-30 20:00:00,2025-08-30,20:00:00,3465.61,3466.73,3456.3,3463.81,0,2
888,2025-09-01 04:00:00,2025-09-01,04:00:00,3467.33,3467.34,3464.37,3465.1,0,2
889,2025-09-01 08:00:00,2025-09-01,08:00:00,3465.1,3471.15,3451.13,3469.92,0,2
890,2025-09-01 12:00:00,2025-09-01,12:00:00,3469.91,3499.0,3467.62,3497.0,0,2
891,2025-09-01 16:00:00,2025-09-01,16:00:00,3497.0,3502.0,3483.19,3486.61,0,2
892,2025-09-01 20:00:00,2025-09-01,20:00:00,3486.61,3490.0,3480.0,3486.65,0,2
893,2025-09-02 00:00:00,2025-09-02,00:00:00,3486.65,3494.45,3485.0,3494.45,0,2
894,2025-09-02 04:00:00,2025-09-02,04:00:00,3494.44,3494.44,3488.71,3493.02,0,2
895,2025-09-02 08:00:00,2025-09-02,08:00:00,3493.07,3540.0,3492.01,3531.07,0,2
896,2025-09-02 12:00:00,2025-09-02,12:00:00,3530.9,3532.27,3511.27,3511.33,0,2
897,2025-09-02 16:00:00,2025-09-02,16:00:00,3511.7,3514.74,3486.35,3492.5,0,2
898,2025-09-02 20:00:00,2025-09-02,20:00:00,3492.51,3508.99,3490.02,3502.74,0,2
899,2025-09-03 00:00:00,2025-09-03,00:00:00,3502.55,3548.0,3502.55,3546.0,0,2
900,2025-09-03 04:00:00,2025-09-03,04:00:00,3546.4,3556.69,3541.14,3551.59,0,2
901,2025-09-03 08:00:00,2025-09-03,08:00:00,3551.58,3561.06,3543.21,3558.04,0,2
902,2025-09-03 12:00:00,2025-09-03,12:00:00,3558.04,3562.3,3542.4,3546.62,0,2
903,2025-09-03 16:00:00,2025-09-03,16:00:00,3546.62,3558.79,3546.61,3551.27,0,2
904,2025-09-03 20:00:00,2025-09-03,20:00:00,3551.18,3574.2,3549.0,3567.39,0,2
905,2025-09-04 00:00:00,2025-09-04,00:00:00,3567.45,3587.44,3565.62,3583.75,0,2
906,2025-09-04 04:00:00,2025-09-04,04:00:00,3583.74,3587.5,3570.01,3577.13,0,2
907,2025-09-04 08:00:00,2025-09-04,08:00:00,3577.13,3578.25,3556.8,3559.18,0,2
908,2025-09-04 12:00:00,2025-09-04,12:00:00,3559.27,3562.58,3527.55,3535.99,0,2
909,2025-09-04 16:00:00,2025-09-04,16:00:00,3536.0,3560.97,3534.03,3547.9,0,2
910,2025-09-04 20:00:00,2025-09-04,20:00:00,3547.91,3565.66,3546.6,3555.79,0,2
911,2025-09-05 00:00:00,2025-09-05,00:00:00,3555.79,3563.97,3544.8,3551.38,0,2
912,2025-09-05 04:00:00,2025-09-05,04:00:00,3551.39,3559.93,3550.92,3554.58,0,2
913,2025-09-05 08:00:00,2025-09-05,08:00:00,3554.57,3564.72,3548.64,3560.56,0,2
914,2025-09-05 12:00:00,2025-09-05,12:00:00,3560.73,3566.45,3555.9,3564.7,0,2
915,2025-09-05 16:00:00,2025-09-05,16:00:00,3564.71,3566.78,3550.0,3560.0,0,2
916,2025-09-05 20:00:00,2025-09-05,20:00:00,3560.01,3593.46,3555.36,3593.45,0,2
917,2025-09-06 00:00:00,2025-09-06,00:00:00,3593.46,3599.09,3572.0,3598.45,0,2
918,2025-09-06 04:00:00,2025-09-06,04:00:00,3598.44,3599.1,3590.0,3597.45,0,2
919,2025-09-06 08:00:00,2025-09-06,08:00:00,3597.45,3598.81,3590.51,3595.94,0,2
920,2025-09-06 12:00:00,2025-09-06,12:00:00,3595.94,3599.1,3591.6,3598.46,0,2
921,2025-09-06 16:00:00,2025-09-06,16:00:00,3598.45,3611.68,3598.14,3606.92,0,2
922,2025-09-06 20:00:00,2025-09-06,20:00:00,3606.89,3611.2,3600.91,3606.64,0,2
923,2025-09-08 04:00:00,2025-09-08,04:00:00,3609.59,3611.29,3609.31,3609.53,0,2
924,2025-09-08 08:00:00,2025-09-08,08:00:00,3609.52,3611.57,3593.78,3597.98,0,2
925,2025-09-08 12:00:00,2025-09-08,12:00:00,3597.98,3601.39,3588.12,3597.97,0,2
926,2025-09-08 16:00:00,2025-09-08,16:00:00,3597.96,3623.44,3594.19,3620.75,0,2
927,2025-09-08 20:00:00,2025-09-08,20:00:00,3620.7,3641.24,3617.09,3638.68,0,2
928,2025-09-09 00:00:00,2025-09-09,00:00:00,3638.24,3649.32,3635.96,3638.61,0,2
929,2025-09-09 04:00:00,2025-09-09,04:00:00,3638.61,3643.54,3638.1,3638.49,0,2
930,2025-09-09 08:00:00,2025-09-09,08:00:00,3638.49,3660.03,3633.36,3656.03,0,2
931,2025-09-09 12:00:00,2025-09-09,12:00:00,3655.93,3670.0,3653.59,3666.52,0,2
932,2025-09-09 16:00:00,2025-09-09,16:00:00,3666.51,3666.51,3646.34,3660.64,0,2
933,2025-09-09 20:00:00,2025-09-09,20:00:00,3660.63,3678.45,3653.65,3673.38,0,2
934,2025-09-10 00:00:00,2025-09-10,00:00:00,3673.84,3681.7,3639.09,3655.5,0,2
935,2025-09-10 04:00:00,2025-09-10,04:00:00,3655.51,3661.18,3632.55,3632.85,0,2
936,2025-09-10 08:00:00,2025-09-10,08:00:00,3632.85,3648.36,3630.0,3638.05,0,2
937,2025-09-10 12:00:00,2025-09-10,12:00:00,3638.18,3649.78,3637.8,3646.47,0,2
938,2025-09-10 16:00:00,2025-09-10,16:00:00,3646.48,3660.8,3644.82,3659.95,0,2
939,2025-09-10 20:00:00,2025-09-10,20:00:00,3659.95,3664.0,3644.52,3650.67,0,2
940,2025-09-11 00:00:00,2025-09-11,00:00:00,3650.68,3655.55,3638.18,3645.07,0,2
941,2025-09-11 04:00:00,2025-09-11,04:00:00,3645.08,3647.31,3636.67,3639.31,0,2
942,2025-09-11 08:00:00,2025-09-11,08:00:00,3639.32,3646.92,3637.02,3637.02,0,2
943,2025-09-11 12:00:00,2025-09-11,12:00:00,3637.02,3640.46,3621.14,3621.93,0,2
944,2025-09-11 16:00:00,2025-09-11,16:00:00,3621.93,3632.84,3614.09,3621.5,0,2
945,2025-09-11 20:00:00,2025-09-11,20:00:00,3621.5,3643.19,3615.73,3628.79,0,2
946,2025-09-12 00:00:00,2025-09-12,00:00:00,3628.7,3645.81,3624.83,3634.87,0,2
947,2025-09-12 04:00:00,2025-09-12,04:00:00,3634.88,3639.29,3630.7,3639.03,0,2
948,2025-09-12 08:00:00,2025-09-12,08:00:00,3639.03,3642.99,3630.53,3642.15,0,2
949,2025-09-12 12:00:00,2025-09-12,12:00:00,3642.06,3655.89,3639.91,3651.46,0,2
950,2025-09-12 16:00:00,2025-09-12,16:00:00,3651.21,3653.21,3639.07,3647.46,0,2
951,2025-09-12 20:00:00,2025-09-12,20:00:00,3647.46,3651.13,3640.0,3648.47,0,2
952,2025-09-13 00:00:00,2025-09-13,00:00:00,3648.48,3652.14,3641.34,3648.77,0,2
953,2025-09-13 04:00:00,2025-09-13,04:00:00,3648.87,3648.87,3640.37,3643.78,0,2
954,2025-09-13 08:00:00,2025-09-13,08:00:00,3643.78,3646.34,3629.98,3630.86,0,2
955,2025-09-13 12:00:00,2025-09-13,12:00:00,3630.87,3635.49,3625.47,3630.78,0,2
956,2025-09-13 16:00:00,2025-09-13,16:00:00,3630.78,3637.43,3628.0,3635.0,0,2
957,2025-09-13 20:00:00,2025-09-13,20:00:00,3635.0,3638.37,3631.02,3632.77,0,2
958,2025-09-15 04:00:00,2025-09-15,04:00:00,3652.38,3652.38,3652.02,3652.03,0,2
959,2025-09-15 08:00:00,2025-09-15,08:00:00,3652.02,3652.02,3635.07,3643.06,0,2
960,2025-09-15 12:00:00,2025-09-15,12:00:00,3643.06,3653.86,3641.23,3646.58,0,2
961,2025-09-15 16:00:00,2025-09-15,16:00:00,3646.58,3654.18,3638.89,3649.3,0,2
962,2025-09-15 20:00:00,2025-09-15,20:00:00,3649.31,3670.56,3643.3,3663.8,0,2
963,2025-09-16 00:00:00,2025-09-16,00:00:00,3663.99,3692.79,3661.84,3692.04,0,2
964,2025-09-16 04:00:00,2025-09-16,04:00:00,3691.63,3692.27,3677.61,3684.41,0,2
965,2025-09-16 08:00:00,2025-09-16,08:00:00,3684.41,3695.94,3680.45,3688.45,0,2
966,2025-09-16 12:00:00,2025-09-16,12:00:00,3688.46,3693.37,3684.46,3691.92,0,2
967,2025-09-16 16:00:00,2025-09-16,16:00:00,3691.91,3707.53,3691.91,3705.82,0,2
968,2025-09-16 20:00:00,2025-09-16,20:00:00,3705.83,3710.53,3696.02,3706.2,0,2
969,2025-09-17 00:00:00,2025-09-17,00:00:00,3706.2,3712.69,3688.62,3696.84,0,2
970,2025-09-17 04:00:00,2025-09-17,04:00:00,3696.81,3700.16,3692.66,3699.06,0,2
971,2025-09-17 08:00:00,2025-09-17,08:00:00,3699.06,3705.4,3688.91,3690.92,0,2
972,2025-09-17 12:00:00,2025-09-17,12:00:00,3691.31,3693.73,3684.66,3689.38,0,2
973,2025-09-17 16:00:00,2025-09-17,16:00:00,3689.57,3690.09,3673.05,3680.19,0,2
974,2025-09-17 20:00:00,2025-09-17,20:00:00,3680.0,3693.61,3671.58,3689.37,0,2
975,2025-09-18 00:00:00,2025-09-18,00:00:00,3689.37,3698.17,3687.2,3694.87,0,2
976,2025-09-18 04:00:00,2025-09-18,04:00:00,3694.87,3708.49,3657.59,3662.58,0,2
977,2025-09-18 08:00:00,2025-09-18,08:00:00,3662.58,3674.27,3657.72,3660.77,0,2
978,2025-09-18 12:00:00,2025-09-18,12:00:00,3660.77,3669.23,3655.03,3655.23,0,2
979,2025-09-18 16:00:00,2025-09-18,16:00:00,3655.22,3671.25,3639.5,3669.84,0,2
980,2025-09-18 20:00:00,2025-09-18,20:00:00,3669.84,3674.14,3638.08,3650.64,0,2
981,2025-09-19 00:00:00,2025-09-19,00:00:00,3650.69,3654.35,3640.01,3646.53,0,2
982,2025-09-19 04:00:00,2025-09-19,04:00:00,3646.53,3650.31,3644.04,3648.88,0,2
983,2025-09-19 08:00:00,2025-09-19,08:00:00,3648.88,3653.86,3641.01,3644.73,0,2
984,2025-09-19 12:00:00,2025-09-19,12:00:00,3644.77,3689.99,3644.37,3658.35,0,2
985,2025-09-19 16:00:00,2025-09-19,16:00:00,3658.34,3665.37,3650.27,3665.37,0,2
986,2025-09-19 20:00:00,2025-09-19,20:00:00,3665.38,3666.25,3652.75,3665.27,0,2
987,2025-09-20 00:00:00,2025-09-20,00:00:00,3665.28,3682.99,3657.96,3681.83,0,2
988,2025-09-20 04:00:00,2025-09-20,04:00:00,3681.83,3691.07,3681.17,3689.7,0,2
989,2025-09-20 08:00:00,2025-09-20,08:00:00,3689.95,3693.04,3686.67,3687.28,0,2
990,2025-09-20 12:00:00,2025-09-20,12:00:00,3687.28,3692.33,3683.34,3685.28,0,2
991,2025-09-20 16:00:00,2025-09-20,16:00:00,3685.29,3690.88,3683.46,3687.44,0,2
992,2025-09-20 20:00:00,2025-09-20,20:00:00,3687.44,3691.96,3684.0,3691.44,0,2
993,2025-09-22 04:00:00,2025-09-22,04:00:00,3689.63,3689.72,3689.63,3689.72,0,2
994,2025-09-22 08:00:00,2025-09-22,08:00:00,3689.72,3700.0,3686.83,3693.71,0,2
995,2025-09-22 12:00:00,2025-09-22,12:00:00,3693.71,3705.0,3690.0,3703.02,0,2
996,2025-09-22 16:00:00,2025-09-22,16:00:00,3703.02,3734.0,3699.75,3731.1,0,2
997,2025-09-22 20:00:00,2025-09-22,20:00:00,3731.14,3742.62,3722.34,3728.37,0,2
998,2025-09-23 00:00:00,2025-09-23,00:00:00,3728.37,3753.88,3725.93,3753.39,0,2
999,2025-09-23 04:00:00,2025-09-23,04:00:00,3753.38,3766.4,3749.29,3764.83,0,2
1000,2025-09-23 08:00:00,2025-09-23,08:00:00,3764.84,3771.0,3750.55,3763.74,0,2
1001,2025-09-23 12:00:00,2025-09-23,12:00:00,3763.74,3768.17,3748.89,3763.04,0,2
1002,2025-09-23 16:00:00,2025-09-23,16:00:00,3763.05,3800.0,3759.09,3797.06,0,2
1003,2025-09-23 20:00:00,2025-09-23,20:00:00,3797.07,3800.0,3780.36,3789.75,0,2
1004,2025-09-24 00:00:00,2025-09-24,00:00:00,3789.87,3791.89,3772.45,3783.73,0,2
1005,2025-09-24 04:00:00,2025-09-24,04:00:00,3783.74,3788.86,3763.57,3777.65,0,2
1006,2025-09-24 08:00:00,2025-09-24,08:00:00,3777.64,3781.74,3764.35,3766.06,0,2
1007,2025-09-24 12:00:00,2025-09-24,12:00:00,3766.06,3787.79,3759.0,3785.3,0,2
1008,2025-09-24 16:00:00,2025-09-24,16:00:00,3785.3,3788.79,3770.0,3774.03,0,2
1009,2025-09-24 20:00:00,2025-09-24,20:00:00,3774.02,3780.0,3766.14,3769.48,0,2
1010,2025-09-25 00:00:00,2025-09-25,00:00:00,3769.16,3771.45,3737.79,3738.44,0,2
1011,2025-09-25 04:00:00,2025-09-25,04:00:00,3738.44,3754.36,3720.78,3746.7,0,2
1012,2025-09-25 08:00:00,2025-09-25,08:00:00,3746.7,3761.0,3739.0,3741.02,0,2
1013,2025-09-25 12:00:00,2025-09-25,12:00:00,3741.02,3750.38,3735.0,3749.19,0,2
1014,2025-09-25 16:00:00,2025-09-25,16:00:00,3749.19,3773.55,3748.9,3760.84,0,2
1015,2025-09-25 20:00:00,2025-09-25,20:00:00,3761.02,3765.48,3730.0,3742.5,0,2
1016,2025-09-26 00:00:00,2025-09-26,00:00:00,3742.5,3753.34,3732.34,3747.06,0,2
1017,2025-09-26 04:00:00,2025-09-26,04:00:00,3747.05,3765.05,3743.82,3760.88,0,2
1018,2025-09-26 08:00:00,2025-09-26,08:00:00,3760.87,3760.88,3746.25,3746.98,0,2
1019,2025-09-26 12:00:00,2025-09-26,12:00:00,3746.98,3755.8,3742.04,3747.61,0,2
1020,2025-09-26 16:00:00,2025-09-26,16:00:00,3747.6,3761.1,3745.69,3758.25,0,2
1021,2025-09-26 20:00:00,2025-09-26,20:00:00,3758.26,3775.06,3746.07,3772.09,0,2
1022,2025-09-27 00:00:00,2025-09-27,00:00:00,3772.08,3793.12,3772.08,3789.8,0,2
1023,2025-09-27 04:00:00,2025-09-27,04:00:00,3789.8,3799.0,3771.5,3776.31,0,2
1024,2025-09-27 08:00:00,2025-09-27,08:00:00,3776.31,3780.14,3764.5,3775.46,0,2
1025,2025-09-27 12:00:00,2025-09-27,12:00:00,3775.4,3779.22,3770.81,3772.5,0,2
1026,2025-09-27 16:00:00,2025-09-27,16:00:00,3772.51,3780.24,3771.84,3773.38,0,2
1027,2025-09-27 20:00:00,2025-09-27,20:00:00,3773.38,3784.69,3773.21,3783.35,0,2
1028,2025-09-29 04:00:00,2025-09-29,04:00:00,3770.0,3770.0,3769.8,3769.8,0,2
1029,2025-09-29 08:00:00,2025-09-29,08:00:00,3769.8,3795.84,3768.57,3786.01,0,2
1030,2025-09-29 12:00:00,2025-09-29,12:00:00,3785.92,3824.4,3784.34,3824.4,0,2
1031,2025-09-29 16:00:00,2025-09-29,16:00:00,3824.44,3833.0,3812.02,3820.62,0,2
1032,2025-09-29 20:00:00,2025-09-29,20:00:00,3820.63,3844.34,3819.44,3834.05,0,2
1033,2025-09-30 00:00:00,2025-09-30,00:00:00,3834.04,3841.98,3828.09,3840.84,0,2
1034,2025-09-30 04:00:00,2025-09-30,04:00:00,3840.84,3859.48,3832.9,3847.84,0,2
1035,2025-09-30 08:00:00,2025-09-30,08:00:00,3847.85,3863.21,3839.29,3860.48,0,2
1036,2025-09-30 12:00:00,2025-09-30,12:00:00,3860.39,3880.69,3854.85,3878.58,0,2
1037,2025-09-30 16:00:00,2025-09-30,16:00:00,3878.57,3880.23,3806.92,3814.7,0,2
1038,2025-09-30 20:00:00,2025-09-30,20:00:00,3814.7,3841.03,3814.61,3836.49,0,2
1039,2025-10-01 00:00:00,2025-10-01,00:00:00,3836.48,3862.87,3834.91,3844.03,0,2
1040,2025-10-01 04:00:00,2025-10-01,04:00:00,3844.38,3871.8,3839.9,3870.18,0,2
1041,2025-10-01 08:00:00,2025-10-01,08:00:00,3870.17,3880.0,3866.05,3879.22,0,2
1042,2025-10-01 12:00:00,2025-10-01,12:00:00,3879.22,3886.03,3865.67,3872.2,0,2
1043,2025-10-01 16:00:00,2025-10-01,16:00:00,3872.2,3904.58,3863.63,3899.52,0,2
1044,2025-10-01 20:00:00,2025-10-01,20:00:00,3899.52,3900.53,3875.72,3881.4,0,2
1045,2025-10-02 00:00:00,2025-10-02,00:00:00,3882.3,3887.59,3868.64,3869.99,0,2
1046,2025-10-02 04:00:00,2025-10-02,04:00:00,3869.98,3878.19,3865.0,3877.44,0,2
1047,2025-10-02 08:00:00,2025-10-02,08:00:00,3877.45,3880.21,3856.01,3867.93,0,2
1048,2025-10-02 12:00:00,2025-10-02,12:00:00,3867.93,3878.07,3864.01,3872.87,0,2
1049,2025-10-02 16:00:00,2025-10-02,16:00:00,3872.86,3884.32,3868.2,3882.45,0,2
1050,2025-10-02 20:00:00,2025-10-02,20:00:00,3882.44,3899.0,3879.54,3882.96,0,2
1051,2025-10-03 00:00:00,2025-10-03,00:00:00,3882.96,3883.19,3823.79,3855.8,0,2
1052,2025-10-03 04:00:00,2025-10-03,04:00:00,3855.8,3867.35,3850.75,3850.75,0,2
1053,2025-10-03 08:00:00,2025-10-03,08:00:00,3850.76,3866.46,3850.76,3861.62,0,2
1054,2025-10-03 12:00:00,2025-10-03,12:00:00,3861.62,3863.28,3843.79,3860.58,0,2
1055,2025-10-03 16:00:00,2025-10-03,16:00:00,3860.59,3871.24,3856.64,3871.12,0,2
1056,2025-10-03 20:00:00,2025-10-03,20:00:00,3871.12,3888.68,3859.88,3882.21,0,2
1057,2025-10-04 00:00:00,2025-10-04,00:00:00,3882.21,3889.99,3867.04,3884.21,0,2
1058,2025-10-04 04:00:00,2025-10-04,04:00:00,3884.22,3889.02,3881.18,3882.43,0,2
1059,2025-10-04 08:00:00,2025-10-04,08:00:00,3882.43,3899.0,3842.52,3885.01,0,2
1060,2025-10-04 12:00:00,2025-10-04,12:00:00,3885.01,3892.2,3885.0,3889.65,0,2
1061,2025-10-04 16:00:00,2025-10-04,16:00:00,3889.65,3892.92,3885.08,3889.84,0,2
1062,2025-10-04 20:00:00,2025-10-04,20:00:00,3889.84,3900.72,3888.27,3893.47,0,2
1063,2025-10-06 08:00:00,2025-10-06,08:00:00,3891.88,3922.65,3890.53,3908.66,0,2
1064,2025-10-06 12:00:00,2025-10-06,12:00:00,3908.66,3947.08,3908.51,3945.88,0,2
1065,2025-10-06 16:00:00,2025-10-06,16:00:00,3945.88,3956.36,3931.0,3952.17,0,2
1066,2025-10-06 20:00:00,2025-10-06,20:00:00,3952.13,3955.52,3936.75,3942.54,0,2
1067,2025-10-07 00:00:00,2025-10-07,00:00:00,3942.55,3979.0,3937.0,3966.21,0,2
1068,2025-10-07 04:00:00,2025-10-07,04:00:00,3966.22,3976.7,3958.64,3971.76,0,2
1069,2025-10-07 08:00:00,2025-10-07,08:00:00,3971.76,3990.0,3971.76,3977.61,0,2
1070,2025-10-07 12:00:00,2025-10-07,12:00:00,3977.6,3986.05,3966.67,3985.98,0,2
1071,2025-10-07 16:00:00,2025-10-07,16:00:00,3985.98,3986.17,3953.39,3965.0,0,2
1072,2025-10-07 20:00:00,2025-10-07,20:00:00,3965.0,3989.0,3965.0,3988.73,0,2
1073,2025-10-08 00:00:00,2025-10-08,00:00:00,3988.74,4000.0,3978.37,3992.11,0,2
1074,2025-10-08 04:00:00,2025-10-08,04:00:00,3992.12,4000.0,3988.94,3996.39,0,2
1075,2025-10-08 08:00:00,2025-10-08,08:00:00,3996.39,4010.0,3996.39,4007.0,0,2
1076,2025-10-08 12:00:00,2025-10-08,12:00:00,4007.0,4039.45,3996.75,4039.27,0,2
1077,2025-10-08 16:00:00,2025-10-08,16:00:00,4039.27,4052.93,4032.61,4048.45,0,2
1078,2025-10-08 20:00:00,2025-10-08,20:00:00,4048.45,4059.99,4040.31,4053.3,0,2
1079,2025-10-09 00:00:00,2025-10-09,00:00:00,4053.3,4079.48,4041.58,4070.35,0,2
1080,2025-10-09 04:00:00,2025-10-09,04:00:00,4070.36,4073.5,4045.63,4055.35,0,2
1081,2025-10-09 08:00:00,2025-10-09,08:00:00,4055.34,4059.6,4021.0,4044.83,0,2
1082,2025-10-09 12:00:00,2025-10-09,12:00:00,4044.83,4062.41,4026.79,4061.04,0,2
1083,2025-10-09 16:00:00,2025-10-09,16:00:00,4061.04,4061.48,4044.0,4055.21,0,2
1084,2025-10-09 20:00:00,2025-10-09,20:00:00,4055.22,4068.07,4048.61,4066.98,0,2
1085,2025-10-10 00:00:00,2025-10-10,00:00:00,4067.43,4072.0,3980.0,3982.84,0,2
1086,2025-10-10 04:00:00,2025-10-10,04:00:00,3982.84,3997.84,3961.94,3993.19,0,2
1087,2025-10-10 08:00:00,2025-10-10,08:00:00,3992.9,4007.09,3975.33,4005.88,0,2
1088,2025-10-10 12:00:00,2025-10-10,12:00:00,4005.88,4006.09,3957.29,3975.35,0,2
1089,2025-10-10 16:00:00,2025-10-10,16:00:00,3975.36,4001.49,3963.38,4000.37,0,2
1090,2025-10-10 20:00:00,2025-10-10,20:00:00,4000.37,4014.25,3989.68,3993.46,0,2
1091,2025-10-11 00:00:00,2025-10-11,00:00:00,3993.45,4030.0,3981.52,3995.37,0,2
1092,2025-10-11 04:00:00,2025-10-11,04:00:00,3995.38,4033.0,3987.32,4021.85,0,2
1093,2025-10-11 08:00:00,2025-10-11,08:00:00,4021.85,4028.96,3600.0,3973.65,0,2
1094,2025-10-11 12:00:00,2025-10-11,12:00:00,3973.65,3987.26,3950.0,3974.22,0,2
1095,2025-10-11 16:00:00,2025-10-11,16:00:00,3974.22,4000.88,3972.17,3994.35,0,2
1096,2025-10-11 20:00:00,2025-10-11,20:00:00,3994.34,4000.38,3990.1,3997.52,0,2
1097,2025-10-13 08:00:00,2025-10-13,08:00:00,4002.99,4058.65,4002.63,4045.15,0,2
1098,2025-10-13 12:00:00,2025-10-13,12:00:00,4045.04,4060.85,4036.32,4058.01,0,2
1099,2025-10-13 16:00:00,2025-10-13,16:00:00,4058.01,4079.28,4058.0,4077.7,0,2
1100,2025-10-13 20:00:00,2025-10-13,20:00:00,4077.61,4092.99,4071.0,4086.32,0,2
1101,2025-10-14 00:00:00,2025-10-14,00:00:00,4086.31,4122.0,4085.18,4112.17,0,2
1102,2025-10-14 04:00:00,2025-10-14,04:00:00,4112.17,4124.23,4101.58,4121.65,0,2
1103,2025-10-14 08:00:00,2025-10-14,08:00:00,4121.58,4145.05,4115.26,4140.01,0,2
1104,2025-10-14 12:00:00,2025-10-14,12:00:00,4140.0,4185.4,4138.32,4185.04,0,2
1105,2025-10-14 16:00:00,2025-10-14,16:00:00,4185.04,4200.0,4103.38,4157.28,0,2
1106,2025-10-14 20:00:00,2025-10-14,20:00:00,4157.27,4161.26,4116.1,4117.73,0,2
1107,2025-10-15 00:00:00,2025-10-15,00:00:00,4117.73,4169.43,4112.0,4155.7,0,2
1108,2025-10-15 04:00:00,2025-10-15,04:00:00,4154.96,4173.99,4146.31,4153.92,0,2
1109,2025-10-15 08:00:00,2025-10-15,08:00:00,4153.91,4184.95,4151.67,4177.88,0,2
1110,2025-10-15 12:00:00,2025-10-15,12:00:00,4177.95,4208.37,4177.95,4195.78,0,2
1111,2025-10-15 16:00:00,2025-10-15,16:00:00,4195.78,4240.29,4192.99,4226.84,0,2
1112,2025-10-15 20:00:00,2025-10-15,20:00:00,4226.66,4228.88,4188.0,4210.35,0,2
1113,2025-10-16 00:00:00,2025-10-16,00:00:00,4210.35,4229.98,4202.16,4215.49,0,2
1114,2025-10-16 04:00:00,2025-10-16,04:00:00,4215.49,4235.86,4205.06,4232.04,0,2
1115,2025-10-16 08:00:00,2025-10-16,08:00:00,4232.04,4274.0,4219.82,4250.65,0,2
1116,2025-10-16 12:00:00,2025-10-16,12:00:00,4250.65,4267.35,4248.3,4253.98,0,2
1117,2025-10-16 16:00:00,2025-10-16,16:00:00,4253.99,4256.15,4225.28,4248.41,0,2
1118,2025-10-16 20:00:00,2025-10-16,20:00:00,4248.41,4266.13,4236.2,4250.27,0,2
1119,2025-10-17 00:00:00,2025-10-17,00:00:00,4250.14,4313.17,4249.95,4306.26,0,2
1120,2025-10-17 04:00:00,2025-10-17,04:00:00,4306.27,4364.33,4300.03,4362.29,0,2
1121,2025-10-17 08:00:00,2025-10-17,08:00:00,4362.29,4530.0,4360.93,4394.16,0,2
1122,2025-10-17 12:00:00,2025-10-17,12:00:00,4394.16,4432.13,4256.0,4425.69,0,2
1123,2025-10-17 16:00:00,2025-10-17,16:00:00,4425.68,4429.39,4351.0,4410.0,0,2
1124,2025-10-17 20:00:00,2025-10-17,20:00:00,4410.0,4428.0,4289.06,4344.35,0,2
1125,2025-10-18 00:00:00,2025-10-18,00:00:00,4344.35,4344.36,4208.0,4210.6,0,2
1126,2025-10-18 04:00:00,2025-10-18,04:00:00,4210.6,4262.7,4192.55,4262.51,0,2
1127,2025-10-18 08:00:00,2025-10-18,08:00:00,4262.51,4273.28,4188.0,4242.7,0,2
1128,2025-10-18 12:00:00,2025-10-18,12:00:00,4242.7,4253.65,4238.46,4246.87,0,2
1129,2025-10-18 16:00:00,2025-10-18,16:00:00,4246.87,4250.11,4226.0,4237.96,0,2
1130,2025-10-18 20:00:00,2025-10-18,20:00:00,4237.97,4250.0,4234.78,4237.99,0,2
1131,2025-10-20 08:00:00,2025-10-20,08:00:00,4231.0,4265.0,4214.16,4246.05,0,2
1132,2025-10-20 12:00:00,2025-10-20,12:00:00,4246.04,4272.5,4218.75,4265.5,0,2
1133,2025-10-20 16:00:00,2025-10-20,16:00:00,4265.5,4265.5,4220.16,4244.39,0,2
1134,2025-10-20 20:00:00,2025-10-20,20:00:00,4244.39,4326.98,4237.29,4325.14,0,2
1135,2025-10-21 00:00:00,2025-10-21,00:00:00,4325.14,4355.55,4281.5,4349.03,0,2
1136,2025-10-21 04:00:00,2025-10-21,04:00:00,4349.02,4401.66,4333.51,4367.43,0,2
1137,2025-10-21 08:00:00,2025-10-21,08:00:00,4367.47,4386.43,4355.9,4371.82,0,2
1138,2025-10-21 12:00:00,2025-10-21,12:00:00,4371.81,4375.49,4340.29,4346.95,0,2
1139,2025-10-21 16:00:00,2025-10-21,16:00:00,4346.7,4350.6,4252.77,4274.73,0,2
1140,2025-10-21 20:00:00,2025-10-21,20:00:00,4274.24,4278.29,4210.18,4216.39,0,2
1141,2025-10-22 00:00:00,2025-10-22,00:00:00,4215.86,4230.77,4094.72,4112.42,0,2
1142,2025-10-22 04:00:00,2025-10-22,04:00:00,4112.42,4137.1,4097.78,4130.33,0,2
1143,2025-10-22 08:00:00,2025-10-22,08:00:00,4130.33,4141.09,4020.0,4080.06,0,2
1144,2025-10-22 12:00:00,2025-10-22,12:00:00,4080.07,4147.04,4067.73,4133.05,0,2
1145,2025-10-22 16:00:00,2025-10-22,16:00:00,4133.05,4167.79,4064.79,4078.5,0,2
1146,2025-10-22 20:00:00,2025-10-22,20:00:00,4078.51,4109.79,4023.0,4050.16,0,2
1147,2025-10-23 00:00:00,2025-10-23,00:00:00,4050.01,4097.0,4025.7,4066.3,0,2
1148,2025-10-23 04:00:00,2025-10-23,04:00:00,4066.29,4114.14,4050.61,4101.14,0,2
1149,2025-10-23 08:00:00,2025-10-23,08:00:00,4101.26,4113.95,4070.0,4084.6,0,2
1150,2025-10-23 12:00:00,2025-10-23,12:00:00,4084.6,4109.14,4068.9,4096.85,0,2
1151,2025-10-23 16:00:00,2025-10-23,16:00:00,4096.86,4134.91,4057.14,4118.15,0,2
1152,2025-10-23 20:00:00,2025-10-23,20:00:00,4118.15,4132.32,4103.75,4130.79,0,2
1153,2025-10-24 00:00:00,2025-10-24,00:00:00,4130.79,4157.46,4126.1,4131.43,0,2
1154,2025-10-24 04:00:00,2025-10-24,04:00:00,4131.42,4144.81,4102.0,4120.2,0,2
1155,2025-10-24 08:00:00,2025-10-24,08:00:00,4120.21,4130.67,4103.64,4129.25,0,2
1156,2025-10-24 12:00:00,2025-10-24,12:00:00,4129.26,4139.52,4100.0,4108.73,0,2
1157,2025-10-24 16:00:00,2025-10-24,16:00:00,4108.74,4115.2,4046.17,4065.39,0,2
1158,2025-10-24 20:00:00,2025-10-24,20:00:00,4065.39,4089.62,4045.25,4080.2,0,2
1159,2025-10-25 00:00:00,2025-10-25,00:00:00,4080.28,4139.62,4078.0,4121.15,0,2
1160,2025-10-25 04:00:00,2025-10-25,04:00:00,4121.15,4125.53,4090.99,4106.3,0,2
1161,2025-10-25 08:00:00,2025-10-25,08:00:00,4106.31,4125.48,4103.4,4120.6,0,2
1162,2025-10-25 12:00:00,2025-10-25,12:00:00,4120.6,4127.13,4101.77,4113.65,0,2
1163,2025-10-25 16:00:00,2025-10-25,16:00:00,4113.64,4113.65,4105.0,4110.54,0,2
1164,2025-10-25 20:00:00,2025-10-25,20:00:00,4110.54,4116.78,4099.93,4111.21,0,2
1165,2025-10-27 08:00:00,2025-10-27,08:00:00,4098.77,4099.51,4056.01,4079.99,0,2
1166,2025-10-27 12:00:00,2025-10-27,12:00:00,4079.87,4094.71,4051.07,4064.89,0,2
1167,2025-10-27 16:00:00,2025-10-27,16:00:00,4064.89,4081.07,4030.0,4043.33,0,2
1168,2025-10-27 20:00:00,2025-10-27,20:00:00,4043.19,4049.28,4015.88,4040.21,0,2
1169,2025-10-28 00:00:00,2025-10-28,00:00:00,4040.22,4044.0,3951.0,3993.46,0,2
1170,2025-10-28 04:00:00,2025-10-28,04:00:00,3993.46,4002.18,3969.82,3973.34,0,2
1171,2025-10-28 08:00:00,2025-10-28,08:00:00,3973.34,4002.33,3970.08,4000.17,0,2
1172,2025-10-28 12:00:00,2025-10-28,12:00:00,4000.07,4013.17,3966.0,3973.0,0,2
1173,2025-10-28 16:00:00,2025-10-28,16:00:00,3972.71,3977.46,3903.47,3907.07,0,2
1174,2025-10-28 20:00:00,2025-10-28,20:00:00,3907.08,3939.8,3900.0,3921.24,0,2
1175,2025-10-29 00:00:00,2025-10-29,00:00:00,3921.06,4000.0,3921.06,3964.0,0,2
1176,2025-10-29 04:00:00,2025-10-29,04:00:00,3964.01,3976.22,3953.36,3955.84,0,2
1177,2025-10-29 08:00:00,2025-10-29,08:00:00,3955.84,3987.5,3930.08,3981.01,0,2
1178,2025-10-29 12:00:00,2025-10-29,12:00:00,3981.1,3985.31,3950.01,3955.12,0,2
1179,2025-10-29 16:00:00,2025-10-29,16:00:00,3955.0,4020.0,3953.08,4017.94,0,2
1180,2025-10-29 20:00:00,2025-10-29,20:00:00,4017.95,4031.43,4013.6,4025.43,0,2
1181,2025-10-30 00:00:00,2025-10-30,00:00:00,4025.42,4025.42,3989.0,3995.13,0,2
1182,2025-10-30 04:00:00,2025-10-30,04:00:00,3995.13,4008.95,3931.0,3936.37,0,2
1183,2025-10-30 08:00:00,2025-10-30,08:00:00,3936.16,3967.71,3921.71,3955.32,0,2
1184,2025-10-30 12:00:00,2025-10-30,12:00:00,3955.33,3985.01,3923.15,3972.8,0,2
1185,2025-10-30 16:00:00,2025-10-30,16:00:00,3972.62,3977.2,3947.79,3977.2,0,2
1186,2025-10-30 20:00:00,2025-10-30,20:00:00,3977.22,4008.04,3954.46,3962.5,0,2
1187,2025-10-31 00:00:00,2025-10-31,00:00:00,3962.07,4009.8,3960.79,4002.25,0,2
1188,2025-10-31 04:00:00,2025-10-31,04:00:00,4002.24,4024.43,3993.94,4023.99,0,2
1189,2025-10-31 08:00:00,2025-10-31,08:00:00,4023.99,4040.0,4012.42,4024.51,0,2
1190,2025-10-31 12:00:00,2025-10-31,12:00:00,4024.51,4035.0,3988.57,4005.24,0,2
1191,2025-10-31 16:00:00,2025-10-31,16:00:00,4005.24,4031.8,3994.66,4013.09,0,2
1192,2025-10-31 20:00:00,2025-10-31,20:00:00,4013.09,4032.56,3998.71,4020.82,0,2
1193,2025-11-01 00:00:00,2025-11-01,00:00:00,4020.81,4032.43,3971.81,3976.39,0,2
1194,2025-11-01 04:00:00,2025-11-01,04:00:00,3976.39,4003.21,3973.87,3996.23,0,2
1195,2025-11-01 08:00:00,2025-11-01,08:00:00,3995.93,4005.63,3995.51,4002.05,0,2
1196,2025-11-01 12:00:00,2025-11-01,12:00:00,4002.06,4007.15,3999.71,4005.75,0,2
1197,2025-11-01 16:00:00,2025-11-01,16:00:00,4005.75,4006.58,4001.84,4003.75,0,2
1198,2025-11-01 20:00:00,2025-11-01,20:00:00,4003.75,4009.88,4001.4,4001.4,0,2
1199,2025-11-03 08:00:00,2025-11-03,08:00:00,3997.44,3998.31,3962.2,3971.28,0,2
1200,2025-11-03 12:00:00,2025-11-03,12:00:00,3971.41,4010.05,3966.57,4001.01,0,2
1201,2025-11-03 16:00:00,2025-11-03,16:00:00,4001.0,4023.18,3995.74,4016.76,0,2
1202,2025-11-03 20:00:00,2025-11-03,20:00:00,4016.37,4021.75,3980.0,4009.47,0,2
1203,2025-11-04 00:00:00,2025-11-04,00:00:00,4009.88,4024.93,3990.0,4001.69,0,2
1204,2025-11-04 04:00:00,2025-11-04,04:00:00,4001.79,4009.04,3990.5,4004.56,0,2
1205,2025-11-04 08:00:00,2025-11-04,08:00:00,4004.55,4005.0,3975.0,3981.76,0,2
1206,2025-11-04 12:00:00,2025-11-04,12:00:00,3981.76,3996.92,3967.12,3981.66,0,2
1207,2025-11-04 16:00:00,2025-11-04,16:00:00,3981.67,4009.0,3960.38,3988.88,0,2
1208,2025-11-04 20:00:00,2025-11-04,20:00:00,3988.88,3995.0,3978.84,3979.88,0,2
1209,2025-11-05 00:00:00,2025-11-05,00:00:00,3979.4,3988.57,3927.23,3961.06,0,2
1210,2025-11-05 04:00:00,2025-11-05,04:00:00,3961.07,3963.6,3918.0,3931.35,0,2
1211,2025-11-05 08:00:00,2025-11-05,08:00:00,3931.35,3936.15,3920.0,3931.81,0,2
1212,2025-11-05 12:00:00,2025-11-05,12:00:00,3931.81,3965.44,3920.0,3960.5,0,2
1213,2025-11-05 16:00:00,2025-11-05,16:00:00,3960.5,3977.86,3952.12,3971.87,0,2
1214,2025-11-05 20:00:00,2025-11-05,20:00:00,3971.86,3972.98,3952.18,3965.7,0,2
1215,2025-11-06 00:00:00,2025-11-06,00:00:00,3965.84,3983.34,3960.25,3982.83,0,2
1216,2025-11-06 04:00:00,2025-11-06,04:00:00,3982.83,3988.23,3975.16,3983.02,0,2
1217,2025-11-06 08:00:00,2025-11-06,08:00:00,3983.02,3984.91,3962.92,3971.26,0,2
1218,2025-11-06 12:00:00,2025-11-06,12:00:00,3971.45,3984.81,3958.68,3984.34,0,2
1219,2025-11-06 16:00:00,2025-11-06,16:00:00,3984.34,4013.59,3975.21,4011.25,0,2
1220,2025-11-06 20:00:00,2025-11-06,20:00:00,4011.63,4020.0,4001.0,4003.6,0,2
1221,2025-11-07 00:00:00,2025-11-07,00:00:00,4003.59,4014.67,3967.1,3977.75,0,2
1222,2025-11-07 04:00:00,2025-11-07,04:00:00,3977.86,3992.4,3962.18,3976.54,0,2
1223,2025-11-07 08:00:00,2025-11-07,08:00:00,3976.54,3989.7,3972.1,3985.59,0,2
1224,2025-11-07 12:00:00,2025-11-07,12:00:00,3985.59,3999.0,3981.63,3994.33,0,2
1225,2025-11-07 16:00:00,2025-11-07,16:00:00,3994.34,4004.49,3987.19,4004.46,0,2
1226,2025-11-07 20:00:00,2025-11-07,20:00:00,4004.45,4007.13,3988.23,3991.83,0,2
1227,2025-11-08 00:00:00,2025-11-08,00:00:00,3991.83,4014.99,3977.01,3997.99,0,2
1228,2025-11-08 04:00:00,2025-11-08,04:00:00,3997.98,4008.02,3986.2,4001.72,0,2
1229,2025-11-08 08:00:00,2025-11-08,08:00:00,4001.71,4002.9,3990.5,3991.9,0,2
1230,2025-11-08 12:00:00,2025-11-08,12:00:00,3991.9,4000.0,3991.6,3993.09,0,2
1231,2025-11-08 16:00:00,2025-11-08,16:00:00,3993.09,3994.57,3986.75,3991.3,0,2
1232,2025-11-08 20:00:00,2025-11-08,20:00:00,3991.3,3993.65,3986.93,3992.44,0,2
1233,2025-11-10 08:00:00,2025-11-10,08:00:00,3997.16,4017.1,3994.22,4015.46,0,2
1234,2025-11-10 12:00:00,2025-11-10,12:00:00,4015.47,4053.49,4012.21,4051.9,0,2
1235,2025-11-10 16:00:00,2025-11-10,16:00:00,4051.9,4080.0,4045.65,4078.91,0,2
1236,2025-11-10 20:00:00,2025-11-10,20:00:00,4078.91,4097.83,4066.68,4095.25,0,2
1237,2025-11-11 00:00:00,2025-11-11,00:00:00,4095.25,4104.86,4072.81,4090.0,0,2
1238,2025-11-11 04:00:00,2025-11-11,04:00:00,4090.0,4110.0,4089.17,4104.1,0,2
1239,2025-11-11 08:00:00,2025-11-11,08:00:00,4104.09,4126.3,4098.11,4124.51,0,2
1240,2025-11-11 12:00:00,2025-11-11,12:00:00,4124.52,4139.34,4121.56,4134.5,0,2
1241,2025-11-11 16:00:00,2025-11-11,16:00:00,4134.5,4134.5,4111.28,4128.35,0,2
1242,2025-11-11 20:00:00,2025-11-11,20:00:00,4128.36,4142.07027,4124.0,4136.22557,0,2
1243,2025-11-12 00:00:00,2025-11-12,00:00:00,4136.14642,4146.07515,4096.85211,4113.96515,0,2
1244,2025-11-12 04:00:00,2025-11-12,04:00:00,4113.90476,4131.60349,4106.55542,4130.65728,0,2
1245,2025-11-12 08:00:00,2025-11-12,08:00:00,4130.71386,4145.13951,4125.48807,4135.09087,0,2
1246,2025-11-12 12:00:00,2025-11-12,12:00:00,4134.72965,4136.85506,4104.99137,4111.02151,0,2
1247,2025-11-12 16:00:00,2025-11-12,16:00:00,4110.98308,4132.74522,4100.37736,4130.36086,0,2
1248,2025-11-12 20:00:00,2025-11-12,20:00:00,4130.28646,4139.10669,4118.83094,4130.45919,0,2
1249,2025-11-13 00:00:00,2025-11-13,00:00:00,4130.52057,4195.44521,4124.3506,4195.44521,0,2
1250,2025-11-13 04:00:00,2025-11-13,04:00:00,4195.09313,4213.30684,4189.02733,4195.54147,0,2
1251,2025-11-13 08:00:00,2025-11-13,08:00:00,4195.53052,4208.66089,4186.84182,4205.63756,0,2
1252,2025-11-13 12:00:00,2025-11-13,12:00:00,4205.59063,4218.86881,4180.87648,4207.9403,0,2
1253,2025-11-13 16:00:00,2025-11-13,16:00:00,4208.38198,4238.30547,4202.70945,4234.42545,0,2
1254,2025-11-13 20:00:00,2025-11-13,20:00:00,4234.44575,4242.4896,4220.80653,4242.4896,0,2
1255,2025-11-14 00:00:00,2025-11-14,00:00:00,4242.69049,4244.30211,4183.51826,4205.7538,0,2
1256,2025-11-14 04:00:00,2025-11-14,04:00:00,4205.74673,4207.43291,4141.94031,4163.2721,0,2
1257,2025-11-14 08:00:00,2025-11-14,08:00:00,4163.27713,4190.21436,4161.61167,4183.907,0,2
1258,2025-11-14 12:00:00,2025-11-14,12:00:00,4183.99718,4210.97208,4174.14902,4202.80172,0,2
1259,2025-11-14 16:00:00,2025-11-14,16:00:00,4202.9407,4204.0171,4160.69763,4171.13706,0,2
1260,2025-11-14 20:00:00,2025-11-14,20:00:00,4171.54188,4180.31774,4109.35235,4114.19426,0,2
1261,2025-11-15 00:00:00,2025-11-15,00:00:00,4114.04142,4117.82145,4034.28982,4103.69067,0,2
1262,2025-11-15 04:00:00,2025-11-15,04:00:00,4103.60082,4111.72468,4075.2912,4086.25796,0,2
1263,2025-11-15 08:00:00,2025-11-15,08:00:00,4086.23435,4087.06898,4077.49352,4080.53697,0,2
1264,2025-11-15 12:00:00,2025-11-15,12:00:00,4080.44618,4080.64374,4080.38229,4080.53091,0,2
1265,2025-11-15 16:00:00,2025-11-15,16:00:00,4080.45848,4080.64182,4080.38563,4080.47227,0,2
1266,2025-11-15 20:00:00,2025-11-15,20:00:00,4080.46015,4080.64307,4080.39132,4080.42743,0,2
1267,2025-11-17 00:00:00,2025-11-17,00:00:00,4080.45349,4080.63709,4080.39232,4080.44824,0,2
1268,2025-11-17 04:00:00,2025-11-17,04:00:00,4080.45349,4080.63843,4080.3677,4080.49406,0,2
1269,2025-11-17 08:00:00,2025-11-17,08:00:00,4080.43669,4106.23731,4078.10184,4084.51218,0,2
1270,2025-11-17 12:00:00,2025-11-17,12:00:00,4084.267,4101.33775,4071.85619,4078.97125,0,2
1271,2025-11-17 16:00:00,2025-11-17,16:00:00,4078.90485,4094.57156,4050.88346,4077.73491,0,2
1272,2025-11-17 20:00:00,2025-11-17,20:00:00,4077.93402,4089.51492,4059.35446,4078.99972,0,2
1273,2025-11-18 00:00:00,2025-11-18,00:00:00,4079.08843,4090.2478,4052.67111,4070.25207,0,2
1274,2025-11-18 04:00:00,2025-11-18,04:00:00,4070.22369,4080.7252,4008.68296,4041.98021,0,2
1275,2025-11-18 08:00:00,2025-11-18,08:00:00,4041.96991,4054.2544,4030.59151,4034.81997,0,2
,2025-11-25 04:00,,,4138.5,4150.0,4126.2998046875,4129.39990234375,6586,
,2025-11-25 08:00,,,4129.7001953125,4172.89990234375,4106.7001953125,4167.60009765625,84359,
,2025-11-25 12:00,,,4130.60009765625,4185.60009765625,4106.7998046875,4156.7998046875,102533,
,2025-11-25 16:00,,,4118.60009765625,4194.0,4118.10009765625,4131.7001953125,91523,
,2025-11-25 20:00,,,4131.89990234375,4177.2998046875,4124.39990234375,4167.60009765625,94532,
,2025-11-26 00:00,,,4167.89990234375,4204.89990234375,4129.39990234375,4201.2001953125,21656,
,2025-11-26 04:00,,,4201.0,4204.0,4144.10009765625,4191.89990234375,20616,
,2025-11-26 08:00,,,4191.89990234375,4208.60009765625,4151.7001953125,4206.7001953125,26137,
,2025-11-26 12:00,,,4206.7998046875,4209.0,4132.89990234375,4200.2998046875,67977,
,2025-11-26 16:00,,,4200.39990234375,4206.60009765625,4155.60009765625,4197.0,40429,
,2025-11-26 20:00,,,4196.60009765625,4201.2998046875,4157.2001953125,4196.60009765625,6623,
,2025-11-27 00:00,,,4196.5,4199.5,4144.5,4179.5,15747,
,2025-11-27 04:00,,,4179.2998046875,4186.89990234375,4140.0,4182.7001953125,4805,
,2025-11-28 12:00,,,4217.60009765625,4246.60009765625,4185.10009765625,4239.2998046875,29362,
,2025-11-28 16:00,,,4239.2998046875,4251.7001953125,4200.7001953125,4251.39990234375,18804,
,2025-11-30 20:00,,,4245.10009765625,4261.0,4214.89990234375,4257.2998046875,8256,
,2025-12-01 00:00,,,4257.5,4291.7998046875,4222.7998046875,4273.7998046875,41147,
,2025-12-01 04:00,,,4274.10009765625,4281.89990234375,4220.2998046875,4278.89990234375,29031,
,2025-12-01 08:00,,,4278.7001953125,4297.7998046875,4245.7998046875,4290.0,28120,
,2025-12-01 12:00,,,4289.7001953125,4299.60009765625,4219.2998046875,4265.2001953125,68126,
,2025-12-01 16:00,,,4265.39990234375,4278.7998046875,4222.89990234375,4270.7998046875,41958,
,2025-12-01 20:00,,,4270.89990234375,4276.0,4230.5,4260.10009765625,6819,
,2025-12-02 00:00,,,4260.39990234375,4262.89990234375,4199.7001953125,4247.7001953125,30527,
,2025-12-02 04:00,,,4247.89990234375,4258.10009765625,4234.39990234375,4244.5,22014,
,2025-12-02 08:00,,,4244.7001953125,4248.89990234375,4182.10009765625,4236.0,31839,
,2025-12-02 12:00,,,4236.10009765625,4262.2001953125,4181.5,4200.7998046875,74827,
,2025-12-02 16:00,,,4200.89990234375,4232.0,4167.0,4227.60009765625,42639,
,2025-12-02 20:00,,,4227.60009765625,4248.0,4195.39990234375,4244.0,8996,
,2025-12-03 00:00,,,4244.10009765625,4260.10009765625,4215.7001953125,4252.39990234375,18158,
,2025-12-03 04:00,,,4252.5,4256.2998046875,4231.10009765625,4236.10009765625,20279,
,2025-12-03 08:00,,,4236.5,4241.2998046875,4195.7001953125,4239.0,24100,
,2025-12-03 12:00,,,4239.10009765625,4273.2998046875,4209.0,4247.7998046875,61350,
,2025-12-03 16:00,,,4247.60009765625,4256.89990234375,4199.2001953125,4239.39990234375,37035,
,2025-12-03 20:00,,,4239.2998046875,4244.5,4232.2998046875,4237.0,5663,
,2025-12-04 00:00,,,4237.10009765625,4246.89990234375,4211.0,4224.39990234375,20649,
,2025-12-04 04:00,,,4224.39990234375,4227.7998046875,4175.0,4222.89990234375,22447,
,2025-12-04 08:00,,,4222.7001953125,4236.39990234375,4184.2998046875,4228.2001953125,23236,
,2025-12-04 12:00,,,4228.39990234375,4244.0,4191.89990234375,4237.60009765625,45810,
,2025-12-04 16:00,,,4237.7998046875,4251.10009765625,4202.0,4239.7001953125,37260,
,2025-12-04 20:00,,,4239.2998046875,4240.89990234375,4207.0,4236.2001953125,4185,
,2025-12-05 00:00,,,4236.2001953125,4240.60009765625,4204.10009765625,4238.89990234375,18454,
,2025-12-05 04:00,,,4238.5,4261.10009765625,4237.10009765625,4254.2998046875,21508,
,2025-12-05 08:00,,,4254.60009765625,4257.7001953125,4245.7998046875,4253.5,13654,
,2025-12-05 12:00,,,4253.60009765625,4290.5,4245.5,4274.89990234375,61193,
,2025-12-05 16:00,,,4275.0,4276.89990234375,4205.10009765625,4237.2998046875,63277,
,2025-12-05 20:00,,,4237.60009765625,4237.60009765625,4194.5,4227.7001953125,8877,
,2025-12-07 20:00,,,4228.10009765625,4236.5,4224.5,4230.60009765625,3767,
,2025-12-08 00:00,,,4231.2001953125,4241.7998046875,4204.7998046875,4238.7001953125,16643,
,2025-12-08 04:00,,,4238.7998046875,4247.89990234375,4208.5,4235.7001953125,12928,
,2025-12-08 08:00,,,4235.7998046875,4246.0,4203.39990234375,4237.7001953125,18383,
,2025-12-08 12:00,,,4237.60009765625,4245.10009765625,4175.5,4211.7998046875,53661,
,2025-12-08 16:00,,,4211.5,4227.0,4182.89990234375,4216.10009765625,31984,
,2025-12-08 20:00,,,4216.2001953125,4224.7998046875,4214.0,4223.7998046875,5689,
,2025-12-09 00:00,,,4223.7998046875,4227.60009765625,4190.7001953125,4223.7998046875,17123,
,2025-12-09 04:00,,,4223.7001953125,4224.7001953125,4177.7001953125,4209.7001953125,27330,
,2025-12-09 08:00,,,4209.89990234375,4242.2998046875,4181.5,4232.10009765625,29044,
,2025-12-09 12:00,,,4232.39990234375,4246.0,4198.7001953125,4242.0,54345,
,2025-12-09 16:00,,,4242.2998046875,4251.7001953125,4205.2998046875,4241.39990234375,38142,
,2025-12-09 20:00,,,4241.10009765625,4245.10009765625,4209.0,4238.7001953125,6043,
,2025-12-10 00:00,,,4239.0,4247.89990234375,4216.60009765625,4235.0,14384,
,2025-12-10 04:00,,,4234.89990234375,4242.60009765625,4229.7001953125,4231.2001953125,13855,
,2025-12-10 08:00,,,4231.10009765625,4234.7998046875,4215.2998046875,4225.60009765625,20944,
,2025-12-10 12:00,,,4225.5,4235.2998046875,4190.7998046875,4222.10009765625,39672,
,2025-12-10 16:00,,,4222.10009765625,4249.0,4183.60009765625,4245.7001953125,63391,
,2025-12-10 20:00,,,4245.60009765625,4268.7998046875,4233.7998046875,4261.60009765625,26390,
,2025-12-11 00:00,,,4261.7001953125,4277.7001953125,4224.0,4244.60009765625,31212,
,2025-12-11 04:00,,,4244.10009765625,4246.2001953125,4214.2998046875,4243.5,16701,
,2025-12-11 08:00,,,4243.7001953125,4253.89990234375,4216.60009765625,4238.10009765625,17894,
,2025-12-11 12:00,,,4238.10009765625,4291.2001953125,4217.39990234375,4285.2998046875,75497,
,2025-12-11 16:00,,,4285.39990234375,4317.2998046875,4255.0,4302.60009765625,64927,
,2025-12-11 20:00,,,4302.39990234375,4313.5,4277.0,4305.89990234375,11176,
,2025-12-12 00:00,,,4305.7001953125,4310.0,4276.39990234375,4301.2998046875,16761,
,2025-12-12 04:00,,,4301.2998046875,4321.10009765625,4289.0,4317.60009765625,16643,
,2025-12-12 08:00,,,4317.5,4376.5,4315.0,4374.2001953125,53514,
,2025-12-12 12:00,,,4374.39990234375,4387.7998046875,4308.0,4320.10009765625,106801,
,2025-12-12 16:00,,,4320.2998046875,4336.10009765625,4260.0,4328.7001953125,75740,
,2025-12-12 20:00,,,4328.60009765625,4335.0,4302.7001953125,4329.7998046875,10424,
,2025-12-14 20:00,,,4337.2998046875,4339.2998046875,4332.60009765625,4333.89990234375,3005,
,2025-12-15 00:00,,,4334.0,4361.7998046875,4308.2998046875,4359.89990234375,18686,
,2025-12-15 04:00,,,4359.5,4380.5,4340.89990234375,4372.39990234375,20683,
,2025-12-15 08:00,,,4372.2001953125,4384.2998046875,4345.60009765625,4376.60009765625,21120,
,2025-12-15 12:00,,,4376.89990234375,4382.60009765625,4327.2001953125,4349.89990234375,69613,
,2025-12-15 16:00,,,4350.0,4350.5,4292.89990234375,4342.89990234375,58216,
,2025-12-15 20:00,,,4342.7998046875,4343.2998046875,4303.89990234375,4333.10009765625,8873,
,2025-12-16 00:00,,,4333.2001953125,4345.2998046875,4307.2001953125,4317.2001953125,26481,
,2025-12-16 04:00,,,4317.2998046875,4318.89990234375,4270.5,4313.39990234375,17109,
,2025-12-16 08:00,,,4313.2998046875,4315.10009765625,4301.0,4306.7998046875,22813,
,2025-12-16 12:00,,,4306.7001953125,4367.89990234375,4304.89990234375,4351.7998046875,84010,
,2025-12-16 16:00,,,4352.10009765625,4355.7001953125,4318.7001953125,4341.39990234375,46818,
,2025-12-16 20:00,,,4341.10009765625,4344.7998046875,4302.89990234375,4336.89990234375,6994,
,2025-12-17 00:00,,,4336.7001953125,4356.39990234375,4320.2998046875,4353.2001953125,19286,
,2025-12-17 04:00,,,4353.5,4373.60009765625,4324.2001953125,4348.10009765625,23642,
,2025-12-17 08:00,,,4347.7998046875,4352.60009765625,4325.0,4345.89990234375,19288,
,2025-12-17 12:00,,,4346.10009765625,4383.60009765625,4344.7001953125,4361.60009765625,83635,
,2025-12-17 16:00,,,4361.7001953125,4378.5,4332.7001953125,4369.2998046875,49485,
,2025-12-17 20:00,,,4369.2998046875,4379.39990234375,4366.89990234375,4371.0,8042,
,2025-12-18 00:00,,,4371.0,4375.10009765625,4355.2001953125,4363.39990234375,15065,
,2025-12-18 04:00,,,4363.60009765625,4368.7001953125,4358.5,4362.60009765625,10867,
,2025-12-18 08:00,,,4362.5,4363.7001953125,4351.0,4357.60009765625,20182,
,2025-12-18 12:00,,,4357.60009765625,4375.7001953125,4338.0,4370.2001953125,79186,
,2025-12-18 16:00,,,4370.0,4409.5,4352.60009765625,4357.2001953125,94800,
,2025-12-18 20:00,,,4357.7998046875,4370.39990234375,4356.7998046875,4366.5,6364,
,2025-12-19 00:00,,,4366.7001953125,4367.2001953125,4336.2998046875,4345.7998046875,21600,
,2025-12-19 04:00,,,4346.0,4358.0,4344.2998046875,4350.39990234375,10758,
,2025-12-19 08:00,,,4350.5,4362.39990234375,4349.2001953125,4357.10009765625,14354,
,2025-12-19 12:00,,,4357.2998046875,4382.5,4349.7998046875,4381.2998046875,62782,
,2025-12-19 16:00,,,4381.2998046875,4389.0,4374.60009765625,4376.2001953125,40528,
,2025-12-19 20:00,,,4376.39990234375,4387.2998046875,4367.7998046875,4387.2998046875,9746,
,2025-12-21 20:00,,,4373.2998046875,4386.2001953125,4372.7998046875,4385.2998046875,4151,
,2025-12-22 00:00,,,4385.2998046875,4427.2998046875,4385.2001953125,4425.10009765625,32272,
,2025-12-22 04:00,,,4425.10009765625,4453.0,4423.7001953125,4447.10009765625,31053,
,2025-12-22 08:00,,,4446.89990234375,4449.60009765625,4439.10009765625,4443.7998046875,21335,
,2025-12-22 12:00,,,4443.7001953125,4471.10009765625,4439.5,4467.2001953125,61634,
,2025-12-22 16:00,,,4467.2001953125,4477.7001953125,4463.5,4469.0,36320,
,2025-12-22 20:00,,,4468.89990234375,4494.2001953125,4467.0,4492.2998046875,10358,
,2025-12-23 00:00,,,4492.10009765625,4530.7998046875,4490.60009765625,4519.89990234375,36940,
,2025-12-23 04:00,,,4519.7998046875,4522.2001953125,4502.60009765625,4519.10009765625,21047,
,2025-12-23 08:00,,,4519.10009765625,4526.2998046875,4510.0,4525.7998046875,20368,
,2025-12-23 12:00,,,4525.5,4529.2998046875,4457.7001953125,4485.7998046875,95170,
,2025-12-23 16:00,,,4485.89990234375,4524.60009765625,4482.5,4519.10009765625,53179,
,2025-12-23 20:00,,,4519.2001953125,4540.60009765625,4512.2001953125,4533.89990234375,8495,
,2025-12-24 00:00,,,4534.10009765625,4555.10009765625,4496.5,4521.10009765625,40044,
,2025-12-24 04:00,,,4521.2998046875,4528.7001953125,4518.7998046875,4524.89990234375,3079,
,2025-12-24 12:00,,,4516.10009765625,4518.2001953125,4474.2998046875,4484.7998046875,34235,
,2025-12-24 16:00,,,4484.60009765625,4513.39990234375,4482.2001953125,4505.60009765625,19313,
,2025-12-26 04:00,,,4538.7998046875,4549.7998046875,4535.7001953125,4540.60009765625,11601,
,2025-12-26 08:00,,,4540.2998046875,4554.0,4531.2001953125,4538.2001953125,15577,
,2025-12-26 12:00,,,4538.0,4581.10009765625,4533.10009765625,4580.10009765625,53263,
,2025-12-26 16:00,,,4580.2998046875,4584.0,4543.39990234375,4554.89990234375,48695,
,2025-12-26 20:00,,,4554.7998046875,4566.39990234375,4552.5,4552.7001953125,10569,
,2025-12-28 20:00,,,4570.5,4571.7998046875,4549.5,4550.89990234375,9145,
,2025-12-29 00:00,,,4551.0,4551.89990234375,4490.2998046875,4541.10009765625,42597,
,2025-12-29 04:00,,,4540.7998046875,4542.5,4463.2998046875,4496.10009765625,35898,
,2025-12-29 08:00,,,4495.7001953125,4510.5,4454.39990234375,4466.2001953125,40435,
,2025-12-29 12:00,,,4466.39990234375,4488.7001953125,4316.0,4343.10009765625,117693,
,2025-12-29 16:00,,,4343.0,4365.60009765625,4332.7998046875,4354.2001953125,47658,
,2025-12-29 20:00,,,4354.39990234375,4363.2001953125,4338.7998046875,4361.2001953125,10595,
,2025-12-30 00:00,,,4361.10009765625,4383.0,4339.0,4373.7998046875,27350,
,2025-12-30 04:00,,,4373.7998046875,4398.5,4371.7001953125,4388.2998046875,20848,
,2025-12-30 08:00,,,4388.60009765625,4407.5,4366.60009765625,4399.60009765625,23460,
,2025-12-30 12:00,,,4399.7998046875,4420.5,4370.5,4381.89990234375,58301,
,2025-12-30 16:00,,,4381.7001953125,4397.7998046875,4352.39990234375,4364.0,38129,
,2025-12-30 20:00,,,4364.0,4370.60009765625,4338.10009765625,4350.89990234375,12874,
,2025-12-31 00:00,,,4351.2998046875,4384.89990234375,4344.7001953125,4360.39990234375,27374,
,2025-12-31 04:00,,,4360.7998046875,4363.5,4284.2998046875,4342.7001953125,37771,
,2025-12-31 08:00,,,4343.0,4349.0,4315.5,4323.7998046875,22301,
,2025-12-31 12:00,,,4323.89990234375,4367.7998046875,4315.0,4350.89990234375,34919,
,2025-12-31 16:00,,,4351.10009765625,4353.39990234375,4320.39990234375,4323.89990234375,24968,
,2025-12-31 20:00,,,4324.2001953125,4338.10009765625,4316.7998046875,4332.10009765625,7439,
,2026-01-02 04:00,,,4386.0,4395.5,4383.5,4394.7001953125,10767,
,2026-01-02 08:00,,,4394.60009765625,4411.7998046875,4392.60009765625,4405.5,18336,
,2026-01-02 12:00,,,4405.2001953125,4414.7998046875,4341.39990234375,4346.5,53339,
,2026-01-02 16:00,,,4346.7001953125,4348.60009765625,4319.7001953125,4328.10009765625,38723,
,2026-01-02 20:00,,,4328.2998046875,4342.7001953125,4327.39990234375,4329.60009765625,6246,
,2026-01-04 20:00,,,4368.7998046875,4385.39990234375,4363.2998046875,4381.39990234375,8207,
,2026-01-05 00:00,,,4381.89990234375,4430.7001953125,4379.2998046875,4408.7998046875,34191,
,2026-01-05 04:00,,,4408.60009765625,4436.10009765625,4406.10009765625,4431.2001953125,23564,
,2026-01-05 08:00,,,4431.39990234375,4451.7001953125,4422.2001953125,4430.7001953125,30116,
,2026-01-05 12:00,,,4430.5,4467.60009765625,4407.0,4459.0,64833,
,2026-01-05 16:00,,,4458.7998046875,4465.7998046875,4443.2001953125,4450.89990234375,33793,
,2026-01-05 20:00,,,4450.7001953125,4471.60009765625,4447.0,4450.7001953125,7513,
,2026-01-06 00:00,,,4450.60009765625,4478.89990234375,4437.89990234375,4478.2998046875,20137,
,2026-01-06 04:00,,,4478.2998046875,4485.2001953125,4460.2001953125,4469.2998046875,18035,
,2026-01-06 08:00,,,4468.5,4486.0,4452.5,4474.10009765625,26858,
,2026-01-06 12:00,,,4474.10009765625,4501.7998046875,4464.10009765625,4488.5,54459,
,2026-01-06 16:00,,,4488.39990234375,4503.7001953125,4481.7001953125,4492.2001953125,36022,
,2026-01-06 20:00,,,4492.10009765625,4512.39990234375,4491.60009765625,4504.60009765625,7318,
,2026-01-07 00:00,,,4504.7998046875,4506.89990234375,4471.2998046875,4485.7001953125,24129,
,2026-01-07 04:00,,,4485.60009765625,4487.0,4451.5,4470.7998046875,26857,
,2026-01-07 08:00,,,4470.7001953125,4485.0,4456.2001953125,4456.89990234375,17519,
,2026-01-07 12:00,,,4457.2998046875,4464.2001953125,4432.89990234375,4456.60009765625,73967,
,2026-01-07 16:00,,,4456.2998046875,4478.39990234375,4453.7998046875,4466.7998046875,43124,
,2026-01-07 20:00,,,4466.7998046875,4473.2001953125,4459.89990234375,4472.2001953125,7921,
,2026-01-08 00:00,,,4472.0,4475.2001953125,4441.7001953125,4448.2001953125,19267,
,2026-01-08 04:00,,,4448.2998046875,4448.7001953125,4423.60009765625,4438.60009765625,23047,
,2026-01-08 08:00,,,4438.5,4443.2998046875,4427.39990234375,4431.0,17479,
,2026-01-08 12:00,,,4430.89990234375,4465.7001953125,4415.0,4463.5,64371,
,2026-01-08 16:00,,,4463.60009765625,4475.7998046875,4453.7001953125,4460.89990234375,49382,
,2026-01-08 20:00,,,4460.7998046875,4493.7001953125,4460.2998046875,4485.2998046875,15905,
,2026-01-09 00:00,,,4485.60009765625,4486.89990234375,4461.7998046875,4472.7998046875,17728,
,2026-01-09 04:00,,,4473.10009765625,4486.0,4466.60009765625,4479.2998046875,13819,
,2026-01-09 08:00,,,4478.7998046875,4486.39990234375,4472.7998046875,4484.2998046875,15243,
,2026-01-09 12:00,,,4484.2001953125,4527.0,4467.0,4521.5,74850,
,2026-01-09 16:00,,,4521.7998046875,4523.7998046875,4491.39990234375,4508.2998046875,62612,
,2026-01-09 20:00,,,4508.0,4520.2998046875,4506.7998046875,4517.89990234375,9312,
,2026-01-11 20:00,,,4538.10009765625,4555.0,4531.39990234375,4550.10009765625,7488,
,2026-01-12 00:00,,,4550.0,4612.7001953125,4546.2998046875,4582.60009765625,55332,
,2026-01-12 04:00,,,4582.7998046875,4599.7998046875,4574.7998046875,4597.7998046875,21720,
,2026-01-12 08:00,,,4597.7001953125,4609.60009765625,4589.60009765625,4594.7998046875,25791,
,2026-01-12 12:00,,,4595.0,4638.2001953125,4587.60009765625,4630.89990234375,84943,
,2026-01-12 16:00,,,4630.89990234375,4640.5,4609.7998046875,4620.60009765625,70139,
,2026-01-12 20:00,,,4620.5,4621.2001953125,4586.39990234375,4607.60009765625,13078,
,2026-01-13 00:00,,,4607.5,4608.7001953125,4584.2998046875,4603.10009765625,18752,
,2026-01-13 04:00,,,4603.39990234375,4611.2001953125,4582.7998046875,4589.10009765625,19804,
,2026-01-13 08:00,,,4588.89990234375,4605.39990234375,4587.7998046875,4596.89990234375,22448,
,2026-01-13 12:00,,,4597.0,4644.0,4586.2001953125,4627.60009765625,88744,
,2026-01-13 16:00,,,4627.7001953125,4629.5,4589.5,4605.2998046875,74873,
,2026-01-13 20:00,,,4605.2998046875,4606.5,4576.7001953125,4603.89990234375,17543,
,2026-01-14 00:00,,,4604.39990234375,4638.89990234375,4604.39990234375,4636.5,25040,
,2026-01-14 04:00,,,4636.60009765625,4647.60009765625,4624.7001953125,4639.7001953125,31822,
,2026-01-14 08:00,,,4639.89990234375,4646.7001953125,4628.39990234375,4638.5,28365,
,2026-01-14 12:00,,,4638.60009765625,4650.10009765625,4605.89990234375,4624.7998046875,82450,
,2026-01-14 16:00,,,4624.89990234375,4650.5,4607.7001953125,4646.7001953125,92849,
,2026-01-14 20:00,,,4646.7001953125,4649.2001953125,4607.2001953125,4619.60009765625,26820,
,2026-01-15 00:00,,,4619.39990234375,4622.89990234375,4584.5,4596.10009765625,42866,
,2026-01-15 04:00,,,4595.7998046875,4618.0,4584.60009765625,4606.10009765625,24310,
,2026-01-15 08:00,,,4606.39990234375,4627.0,4602.2001953125,4623.39990234375,24884,
,2026-01-15 12:00,,,4623.2998046875,4624.89990234375,4584.0,4620.2001953125,63423,
,2026-01-15 16:00,,,4620.0,4630.10009765625,4605.7001953125,4620.0,47380,
,2026-01-15 20:00,,,4620.2001953125,4625.5,4604.2001953125,4614.60009765625,10862,
,2026-01-16 00:00,,,4614.2001953125,4615.10009765625,4594.60009765625,4599.39990234375,23248,
,2026-01-16 04:00,,,4599.39990234375,4620.2001953125,4597.10009765625,4611.5,23915,
,2026-01-16 08:00,,,4611.2001953125,4620.5,4602.2998046875,4616.5,19674,
,2026-01-16 12:00,,,4616.39990234375,4624.60009765625,4539.10009765625,4574.7998046875,112445,
,2026-01-16 16:00,,,4574.60009765625,4603.89990234375,4570.7998046875,4595.2001953125,48326,
,2026-01-16 20:00,,,4595.2998046875,4602.10009765625,4585.0,4595.39990234375,11715,
,2026-01-19 04:00,,,4595.39990234375,4672.2998046875,4595.39990234375,4671.2001953125,997,
,2026-01-20 04:00,,,4700.89990234375,4728.0,4700.0,4721.39990234375,35662,
,2026-01-20 08:00,,,4721.39990234375,4742.89990234375,4720.39990234375,4738.60009765625,35509,
,2026-01-20 12:00,,,4738.60009765625,4756.60009765625,4720.0,4742.0,90756,
,2026-01-20 16:00,,,4742.10009765625,4771.5,4733.39990234375,4765.89990234375,59283,
,2026-01-20 20:00,,,4765.7998046875,4784.89990234375,4752.60009765625,4779.7998046875,11878,
,2026-01-21 00:00,,,4779.60009765625,4852.60009765625,4774.5,4847.60009765625,57228,
,2026-01-21 04:00,,,4847.2998046875,4891.10009765625,4835.2001953125,4857.5,51569,
,2026-01-21 08:00,,,4856.89990234375,4879.39990234375,4853.7001953125,4869.10009765625,37813,
,2026-01-21 12:00,,,4869.2998046875,4884.5,4813.7998046875,4850.0,113779,
,2026-01-21 16:00,,,4850.0,4858.7001953125,4757.10009765625,4783.39990234375,96619,
,2026-01-21 20:00,,,4783.0,4842.7998046875,4774.5,4779.60009765625,27556,
,2026-01-22 00:00,,,4779.89990234375,4810.60009765625,4772.7001953125,4797.39990234375,27271,
,2026-01-22 04:00,,,4797.89990234375,4841.10009765625,4794.7001953125,4833.5,23444,
,2026-01-22 08:00,,,4833.39990234375,4839.5,4815.2998046875,4833.2001953125,31237,
,2026-01-22 12:00,,,4832.89990234375,4876.7998046875,4809.60009765625,4874.0,78057,
,2026-01-22 16:00,,,4874.2001953125,4927.60009765625,4870.10009765625,4915.2001953125,76894,
,2026-01-22 20:00,,,4915.5,4964.0,4914.7998046875,4960.7998046875,15290,
,2026-01-23 00:00,,,4961.2001953125,4970.0,4938.0,4953.0,33023,
,2026-01-23 04:00,,,4952.7001953125,4969.0,4944.2998046875,4945.5,24082,
,2026-01-23 08:00,,,4945.2001953125,4948.7001953125,4901.2001953125,4923.2998046875,44829,
,2026-01-23 12:00,,,4923.7001953125,4964.0,4918.7998046875,4961.89990234375,69814,
,2026-01-23 16:00,,,4961.89990234375,4991.39990234375,4959.5,4985.2001953125,76014,
,2026-01-23 20:00,,,4985.10009765625,4990.2001953125,4971.7001953125,4979.7001953125,14138,
,2026-01-25 20:00,,,5023.7998046875,5039.39990234375,5010.89990234375,5038.7001953125,11387,
,2026-01-26 00:00,,,5039.39990234375,5091.5,5028.0,5073.89990234375,50834,
,2026-01-26 04:00,,,5074.10009765625,5107.89990234375,5049.7001953125,5086.39990234375,45738,
,2026-01-26 08:00,,,5086.2998046875,5097.39990234375,5073.10009765625,5089.7998046875,42145,
,2026-01-26 12:00,,,5089.60009765625,5095.39990234375,5052.0,5088.39990234375,116340,
,2026-01-26 16:00,,,5088.39990234375,5103.0,5002.7001953125,5023.60009765625,113221,
,2026-01-26 20:00,,,5023.60009765625,5058.2998046875,4983.60009765625,5037.7001953125,33453,
,2026-01-27 00:00,,,5037.7001953125,5074.7998046875,5008.2998046875,5071.89990234375,30409,
,2026-01-27 04:00,,,5071.7001953125,5097.2998046875,5051.89990234375,5081.60009765625,29077,
,2026-01-27 08:00,,,5081.5,5096.2998046875,5062.2001953125,5073.10009765625,36593,
,2026-01-27 12:00,,,5072.89990234375,5089.39990234375,5042.0,5087.60009765625,99729,
,2026-01-27 16:00,,,5087.5,5100.2998046875,5074.0,5097.2998046875,65202,
,2026-01-27 20:00,,,5097.10009765625,5190.7998046875,5096.2001953125,5169.2001953125,49774,
,2026-01-28 00:00,,,5169.2998046875,5242.2001953125,5154.7998046875,5229.2001953125,15379,
,2026-01-28 04:00,,,5228.7998046875,5288.0,5227.39990234375,5286.2001953125,10084,
,2026-01-28 08:00,,,5285.39990234375,5345.0,5271.0,5294.2001953125,116754,
,2026-01-28 12:00,,,5294.39990234375,5331.0,5266.5,5311.2998046875,119946,
,2026-01-28 16:00,,,5311.60009765625,5365.89990234375,5301.0,5359.10009765625,101756,
,2026-01-28 20:00,,,5358.60009765625,5626.7998046875,5353.39990234375,5539.39990234375,35567,
,2026-01-29 00:00,,,5539.89990234375,5580.5,5472.39990234375,5576.89990234375,73666,
,2026-01-29 04:00,,,5570.7998046875,5625.89990234375,5544.5,5578.39990234375,53324,
,2026-01-29 08:00,,,5578.39990234375,5584.7998046875,5501.0,5553.5,61597,
,2026-01-29 12:00,,,5553.2001953125,5581.2998046875,5126.0,5212.89990234375,196592,
,2026-01-29 16:00,,,5210.7001953125,5404.2001953125,5201.5,5334.10009765625,103208,
,2026-01-29 20:00,,,5334.7998046875,5478.60009765625,5311.0,5467.60009765625,26350,
,2026-01-30 00:00,,,5467.5,5480.2001953125,5145.7998046875,5225.10009765625,80608,
,2026-01-30 04:00,,,5224.2001953125,5354.7998046875,5143.7001953125,5209.2001953125,33197,
,2026-01-30 08:00,,,5208.7998046875,5208.7998046875,4962.7001953125,5164.7001953125,79667,
,2026-01-30 12:00,,,5165.2998046875,5175.60009765625,5006.2998046875,5078.7998046875,98199,
,2026-01-30 16:00,,,5079.2998046875,5080.7001953125,4700.39990234375,4954.89990234375,167022,
,2026-01-30 20:00,,,4955.2998046875,4956.60009765625,4828.5,4907.5,25346,
,2026-02-01 20:00,,,4828.5,4834.0,4705.2998046875,4764.7001953125,15367,
,2026-02-02 00:00,,,4765.60009765625,4905.60009765625,4604.2998046875,4665.60009765625,72815,
,2026-02-02 04:00,,,4667.0,4734.5,4423.2001953125,4609.5,69558,
,2026-02-02 08:00,,,4609.5,4805.10009765625,4579.39990234375,4790.2998046875,48612,
,2026-02-02 12:00,,,4791.2001953125,4837.60009765625,4638.0,4641.7001953125,90538,
,2026-02-02 16:00,,,4642.89990234375,4737.7001953125,4617.60009765625,4707.39990234375,63358,
,2026-02-02 20:00,,,4707.39990234375,4799.89990234375,4667.0,4798.5,11069,
,2026-02-03 00:00,,,4798.7001953125,4882.0,4768.5,4831.60009765625,34850,
,2026-02-03 04:00,,,4831.0,4956.0,4822.60009765625,4940.0,26281,
,2026-02-03 08:00,,,4940.2001953125,4975.5,4905.2001953125,4938.89990234375,36219,
,2026-02-03 12:00,,,4939.60009765625,4977.7001953125,4915.0,4957.7001953125,67291,
,2026-02-03 16:00,,,4957.2001953125,5018.10009765625,4900.5,4949.2998046875,70424,
,2026-02-03 20:00,,,4949.89990234375,4997.7998046875,4924.5,4968.7001953125,10533,
,2026-02-04 00:00,,,4969.89990234375,5094.0,4966.89990234375,5090.2998046875,31766,
,2026-02-04 04:00,,,5090.7001953125,5113.5,5071.0,5106.7998046875,23611,
,2026-02-04 08:00,,,5106.2998046875,5113.89990234375,5036.0,5071.2998046875,27483,
,2026-02-04 12:00,,,5070.60009765625,5088.10009765625,4909.0,4943.10009765625,76596,
,2026-02-04 16:00,,,4943.10009765625,4979.39990234375,4867.7001953125,4963.5,68099,
,2026-02-04 20:00,,,4963.60009765625,5045.0,4936.0,5033.39990234375,7903,
,2026-02-05 00:00,,,5033.2001953125,5041.89990234375,4805.0,4898.5,51557,
,2026-02-05 04:00,,,4898.39990234375,4960.2001953125,4842.0,4934.2998046875,23697,
,2026-02-05 08:00,,,4934.10009765625,4962.0,4868.0,4889.10009765625,23983,
,2026-02-05 12:00,,,4889.2998046875,4899.89990234375,4820.7998046875,4838.60009765625,69947,
,2026-02-05 16:00,,,4837.7998046875,4930.0,4833.5,4852.5,37607,
,2026-02-05 20:00,,,4853.0,4866.2001953125,4721.2001953125,4722.0,17064,
,2026-02-06 00:00,,,4722.0,4863.5,4670.0,4841.10009765625,43111,
,2026-02-06 04:00,,,4842.0,4921.60009765625,4823.89990234375,4862.2998046875,20787,
,2026-02-06 08:00,,,4861.60009765625,4918.7001953125,4849.5,4909.10009765625,18836,
,2026-02-06 12:00,,,4910.10009765625,4988.7998046875,4892.0,4967.60009765625,45516,
,2026-02-06 16:00,,,4967.7998046875,4995.60009765625,4945.0,4980.7001953125,25434,
,2026-02-06 20:00,,,4980.39990234375,4992.10009765625,4960.39990234375,4979.7998046875,6885,
,2026-02-08 20:00,,,5000.0,5069.0,4991.2998046875,5057.39990234375,6457,
,2026-02-09 00:00,,,5057.5,5068.0,4989.2998046875,5037.10009765625,18618,
,2026-02-09 04:00,,,5036.5,5067.60009765625,5015.2001953125,5027.2001953125,12315,
,2026-02-09 08:00,,,5026.7998046875,5062.60009765625,5002.60009765625,5031.10009765625,15853,
,2026-02-09 12:00,,,5032.0,5084.39990234375,5016.89990234375,5082.2001953125,29437,
,2026-02-09 16:00,,,5082.60009765625,5106.7998046875,5064.39990234375,5098.39990234375,26828,
,2026-02-09 20:00,,,5098.2998046875,5111.10009765625,5011.0,5055.2998046875,6366,
,2026-02-10 00:00,,,5056.39990234375,5079.0,5031.0,5051.5,11728,
,2026-02-10 04:00,,,5052.39990234375,5068.39990234375,5032.7998046875,5055.2998046875,8048,
,2026-02-10 08:00,,,5054.5,5085.2998046875,5049.60009765625,5079.0,13885,
,2026-02-10 12:00,,,5079.7001953125,5102.7001953125,5021.2998046875,5041.60009765625,37628,
,2026-02-10 16:00,,,5042.7001953125,5064.0,5026.7001953125,5050.7998046875,20362,
,2026-02-10 20:00,,,5050.5,5077.39990234375,5042.89990234375,5064.10009765625,5084,
,2026-02-11 00:00,,,5064.7001953125,5085.0,5050.89990234375,5079.0,9058,
,2026-02-11 04:00,,,5078.60009765625,5093.2998046875,5067.60009765625,5078.7001953125,11801,
,2026-02-11 08:00,,,5078.89990234375,5141.7998046875,5068.7998046875,5136.7998046875,22025,
,2026-02-11 12:00,,,5137.39990234375,5144.5,5036.2998046875,5084.2001953125,49650,
,2026-02-11 16:00,,,5083.10009765625,5123.39990234375,5065.5,5106.5,27468,
,2026-02-11 20:00,,,5106.2001953125,5122.7998046875,5074.0,5083.5,3645,
,2026-02-12 00:00,,,5083.5,5096.0,5065.0,5078.2001953125,8993,
,2026-02-12 04:00,,,5077.7001953125,5099.2998046875,5068.89990234375,5085.2998046875,8998,
,2026-02-12 08:00,,,5085.7001953125,5102.5,5073.5,5085.60009765625,11879,
,2026-02-12 12:00,,,5086.5,5106.7001953125,5061.2998046875,5083.89990234375,32693,
,2026-02-12 16:00,,,5083.5,5091.60009765625,4900.0,4965.0,83112,
,2026-02-12 20:00,,,4965.2998046875,4968.39990234375,4907.10009765625,4939.7001953125,6945,
,2026-02-13 00:00,,,4938.5,5011.0,4932.10009765625,5001.60009765625,13121,
,2026-02-13 04:00,,,5000.0,5016.39990234375,4963.2001953125,4994.60009765625,12226,
,2026-02-13 08:00,,,4995.0,5009.5,4952.7998046875,4973.39990234375,16586,
,2026-02-13 12:00,,,4973.10009765625,5043.2998046875,4971.7998046875,4998.7001953125,39991,
,2026-02-13 16:00,,,4999.0,5069.10009765625,4997.39990234375,5046.39990234375,26996,
,2026-02-13 20:00,,,5046.2001953125,5067.39990234375,5043.2998046875,5046.2998046875,5899,
,2026-02-15 20:00,,,5046.2998046875,5051.60009765625,5031.60009765625,5038.5,917,
,2026-02-16 00:00,,,5038.39990234375,5051.39990234375,4986.0,5007.2001953125,7860,
,2026-02-16 04:00,,,5006.2001953125,5012.2001953125,4988.0,4994.7001953125,2082,
,2026-02-17 04:00,,,4970.7998046875,4972.2998046875,4875.2001953125,4935.7998046875,17027,
,2026-02-17 08:00,,,4936.0,4959.5,4926.2998046875,4948.7001953125,12765,
,2026-02-17 12:00,,,4948.39990234375,4964.0,4854.2001953125,4897.2001953125,46703,
,2026-02-17 16:00,,,4897.10009765625,4931.0,4868.0,4899.2998046875,26240,
,2026-02-17 20:00,,,4899.2001953125,4905.2001953125,4868.5,4876.89990234375,3169,
,2026-02-18 00:00,,,4876.0,4940.60009765625,4875.7998046875,4939.5,7372,
,2026-02-18 04:00,,,4939.10009765625,4962.2001953125,4937.0,4949.5,6348,
,2026-02-18 08:00,,,4950.2001953125,4953.2001953125,4925.89990234375,4933.39990234375,12678,
,2026-02-18 12:00,,,4932.7001953125,5029.60009765625,4931.89990234375,5018.7998046875,39446,
,2026-02-18 16:00,,,5018.89990234375,5031.89990234375,4993.7001953125,5000.7001953125,21459,
,2026-02-18 20:00,,,5000.7001953125,5008.39990234375,4971.5,4994.7998046875,3584,
,2026-02-19 00:00,,,4994.60009765625,5002.60009765625,4978.5,5000.39990234375,5545,
,2026-02-19 04:00,,,5000.0,5039.7998046875,4995.2998046875,5028.0,7528,
,2026-02-19 08:00,,,5028.0,5040.89990234375,4997.10009765625,5003.2998046875,14693,
,2026-02-19 12:00,,,5003.7998046875,5042.7998046875,4982.0,5033.39990234375,31141,
,2026-02-19 16:00,,,5033.89990234375,5034.2001953125,4994.0,5006.5,17909,
,2026-02-19 20:00,,,5006.89990234375,5026.5,5003.5,5005.60009765625,4123,
,2026-02-20 00:00,,,5006.39990234375,5033.39990234375,4999.2998046875,5006.0,6665,
,2026-02-20 04:00,,,5005.60009765625,5048.89990234375,5004.2001953125,5025.2998046875,8453,
,2026-02-20 08:00,,,5025.60009765625,5063.0,5023.7998046875,5036.7998046875,18133,
,2026-02-20 12:00,,,5037.0,5084.5,5005.5,5062.2998046875,51326,
,2026-02-20 16:00,,,5062.2998046875,5104.60009765625,5058.2001953125,5102.39990234375,32894,
,2026-02-20 20:00,,,5102.2998046875,5131.0,5080.89990234375,5080.89990234375,9003,
,2026-02-22 20:00,,,5157.0,5194.2001953125,5157.0,5187.2001953125,5616,
,2026-02-23 00:00,,,5187.0,5198.7998046875,5151.0,5188.39990234375,17531,
,2026-02-23 04:00,,,5188.2998046875,5190.2998046875,5145.10009765625,5157.60009765625,11934,
,2026-02-23 08:00,,,5157.5,5184.7998046875,5142.7998046875,5170.2998046875,17804,
,2026-02-23 12:00,,,5170.2998046875,5226.2001953125,5161.5,5216.60009765625,40286,
,2026-02-23 16:00,,,5216.2998046875,5240.89990234375,5196.0,5235.39990234375,29573,
,2026-02-23 20:00,,,5235.0,5269.39990234375,5234.60009765625,5254.5,7426,
,2026-02-24 00:00,,,5254.10009765625,5257.39990234375,5164.10009765625,5192.0,26951,
,2026-02-24 04:00,,,5191.5,5205.60009765625,5173.60009765625,5198.7001953125,13309,
,2026-02-24 08:00,,,5198.60009765625,5201.60009765625,5182.2998046875,5191.89990234375,13157,
,2026-02-24 12:00,,,5192.10009765625,5192.5,5109.5,5168.2001953125,55219,
,2026-02-24 16:00,,,5168.5,5188.5,5147.7998046875,5171.7998046875,23690,
,2026-02-24 20:00,,,5172.10009765625,5191.39990234375,5135.89990234375,5165.0,5967,
,2026-02-25 00:00,,,5165.10009765625,5212.0,5154.2998046875,5200.60009765625,12926,
,2026-02-25 04:00,,,5200.10009765625,5230.0,5189.2998046875,5203.7998046875,12343,
,2026-02-25 08:00,,,5203.7001953125,5216.60009765625,5173.2001953125,5199.5,16999,
,2026-02-25 12:00,,,5199.2998046875,5222.0,5177.0,5214.5,34022,
,2026-02-25 16:00,,,5214.10009765625,5237.2998046875,5209.10009765625,5224.39990234375,15816,
,2026-02-25 20:00,,,5224.10009765625,5225.0,5163.2998046875,5180.0,13025,
,2026-02-26 00:00,,,5179.10009765625,5213.39990234375,5170.10009765625,5208.10009765625,12229,
,2026-02-26 04:00,,,5208.10009765625,5221.89990234375,5196.39990234375,5202.60009765625,10983,
,2026-02-26 08:00,,,5202.7998046875,5207.89990234375,5176.39990234375,5180.7001953125,19982,
,2026-02-26 12:00,,,5180.89990234375,5210.10009765625,5144.7998046875,5202.5,44734,
,2026-02-26 16:00,,,5203.0,5211.2998046875,5176.2998046875,5204.2001953125,29584,
,2026-02-26 20:00,,,5203.89990234375,5218.2001953125,5191.5,5200.89990234375,6157,
,2026-02-27 00:00,,,5201.60009765625,5216.2001953125,5182.89990234375,5201.2001953125,12931,
,2026-02-27 04:00,,,5200.60009765625,5217.5,5192.60009765625,5193.10009765625,12180,
,2026-02-27 08:00,,,5193.2001953125,5202.2001953125,5183.2001953125,5202.0,13966,
,2026-02-27 12:00,,,5202.10009765625,5265.0,5199.60009765625,5257.7998046875,58534,
,2026-02-27 16:00,,,5258.0,5276.60009765625,5237.39990234375,5268.39990234375,36426,
,2026-02-27 20:00,,,5267.89990234375,5299.0,5247.89990234375,5247.89990234375,9506,
,2026-03-01 20:00,,,5364.2001953125,5409.7001953125,5354.2998046875,5400.39990234375,10881,
,2026-03-02 00:00,,,5401.2998046875,5402.0,5315.2998046875,5378.7001953125,28295,
,2026-03-02 04:00,,,5378.60009765625,5434.10009765625,5353.39990234375,5423.0,21947,
,2026-03-02 08:00,,,5422.7998046875,5432.0,5386.0,5399.60009765625,28791,
,2026-03-02 12:00,,,5399.89990234375,5432.2001953125,5318.60009765625,5329.60009765625,67861,
,2026-03-02 16:00,,,5328.7001953125,5348.5,5272.89990234375,5344.2001953125,42367,
,2026-03-02 20:00,,,5344.10009765625,5360.89990234375,5334.89990234375,5359.10009765625,7857,
,2026-03-03 00:00,,,5359.89990234375,5394.2001953125,5346.7001953125,5381.2001953125,16068,
,2026-03-03 04:00,,,5380.7998046875,5389.2001953125,5292.10009765625,5340.60009765625,22329,
,2026-03-03 08:00,,,5340.5,5349.0,5081.39990234375,5154.0,68199,
,2026-03-03 12:00,,,5154.5,5236.89990234375,5005.0,5105.2998046875,99036,
,2026-03-03 16:00,,,5105.39990234375,5161.5,5075.10009765625,5122.2998046875,44257,
,2026-03-03 20:00,,,5123.7001953125,5141.7001953125,5092.7998046875,5133.39990234375,7632,
,2026-03-04 00:00,,,5134.5,5200.7001953125,5114.2998046875,5183.10009765625,20884,
,2026-03-04 04:00,,,5183.2998046875,5189.60009765625,5130.0,5178.2001953125,16047,
,2026-03-04 08:00,,,5178.2998046875,5214.7001953125,5157.7998046875,5204.2001953125,23030,
,2026-03-04 12:00,,,5204.2998046875,5218.2998046875,5140.2001953125,5161.60009765625,42445,
,2026-03-04 16:00,,,5161.2001953125,5172.60009765625,5119.39990234375,5148.7001953125,26179,
,2026-03-04 20:00,,,5148.39990234375,5177.7998046875,5134.7998046875,5176.2001953125,4478,
,2026-03-05 00:00,,,5176.5,5204.2998046875,5170.39990234375,5189.5,12883,
,2026-03-05 04:00,,,5189.39990234375,5195.89990234375,5129.0,5171.39990234375,14326,
,2026-03-05 08:00,,,5171.10009765625,5192.5,5146.2001953125,5174.7998046875,18192,
,2026-03-05 12:00,,,5175.10009765625,5182.7001953125,5065.5,5111.2998046875,57635,
,2026-03-05 16:00,,,5111.7998046875,5113.5,5058.89990234375,5074.60009765625,32458,
,2026-03-05 20:00,,,5074.2998046875,5119.2001953125,5071.2001953125,5095.60009765625,8077,
,2026-03-06 00:00,,,5095.5,5151.2998046875,5074.0,5139.89990234375,15157,
,2026-03-06 04:00,,,5139.89990234375,5145.2001953125,5114.0,5128.2001953125,10236,
,2026-03-06 08:00,,,5128.0,5132.2998046875,5071.0,5086.10009765625,19169,
,2026-03-06 12:00,,,5086.2998046875,5182.0,5073.89990234375,5151.2001953125,59611,
,2026-03-06 16:00,,,5151.7001953125,5183.7998046875,5136.0,5168.5,34843,
,2026-03-06 20:00,,,5168.2001953125,5185.0,5157.5,5158.7001953125,4144,
,2026-03-08 20:00,,,5165.5,5180.0,5050.0,5083.39990234375,18944,
,2026-03-09 00:00,,,5083.10009765625,5109.10009765625,5021.2001953125,5098.0,28933,
,2026-03-09 04:00,,,5098.0,5147.60009765625,5087.10009765625,5106.7001953125,16391,
,2026-03-09 08:00,,,5106.7998046875,5140.5,5086.5,5095.7001953125,24175,
,2026-03-09 12:00,,,5096.2001953125,5124.7001953125,5066.89990234375,5108.5,46239,
,2026-03-09 16:00,,,5108.10009765625,5154.7001953125,5097.7001953125,5150.5,33570,
,2026-03-09 20:00,,,5150.89990234375,5165.60009765625,5127.10009765625,5149.7998046875,4734,
,2026-03-10 00:00,,,5149.2998046875,5195.7998046875,5134.0,5166.39990234375,18584,
,2026-03-10 04:00,,,5165.2998046875,5191.2998046875,5162.39990234375,5190.5,10937,
,2026-03-10 08:00,,,5190.60009765625,5204.0,5165.60009765625,5184.2001953125,24566,
,2026-03-10 12:00,,,5184.60009765625,5248.7001953125,5171.39990234375,5238.0,62648,
,2026-03-10 16:00,,,5238.10009765625,5245.10009765625,5169.0,5207.0,44399,
,2026-03-10 20:00,,,5206.7001953125,5207.7001953125,5191.2998046875,5204.89990234375,3109,
,2026-03-11 00:00,,,5205.0,5230.89990234375,5194.0,5211.10009765625,13307,
,2026-03-11 04:00,,,5211.5,5218.39990234375,5192.10009765625,5203.7001953125,12036,
,2026-03-11 08:00,,,5203.2998046875,5206.7001953125,5182.2998046875,5189.2001953125,19870,
,2026-03-11 12:00,,,5188.7001953125,5207.5,5155.89990234375,5173.39990234375,47576,
,2026-03-11 16:00,,,5173.39990234375,5191.2001953125,5158.39990234375,5191.0,32664,
,2026-03-11 20:00,,,5190.7998046875,5191.5,5135.0,5140.0,6352,
,2026-03-12 00:00,,,5139.39990234375,5180.60009765625,5130.0,5158.2001953125,15813,
,2026-03-12 04:00,,,5158.39990234375,5190.89990234375,5142.0,5188.39990234375,11464,
,2026-03-12 08:00,,,5188.2001953125,5197.7998046875,5178.60009765625,5184.7998046875,16067,
,2026-03-12 12:00,,,5185.0,5192.5,5114.60009765625,5138.0,47320,
,2026-03-12 16:00,,,5138.10009765625,5144.2998046875,5084.5,5091.7001953125,37989,
,2026-03-12 20:00,,,5092.0,5104.39990234375,5058.2001953125,5101.5,4991,
,2026-03-13 00:00,,,5101.0,5132.39990234375,5100.39990234375,5119.2001953125,16830,
,2026-03-13 04:00,,,5118.89990234375,5121.10009765625,5075.5,5089.5,17125,
,2026-03-13 08:00,,,5089.7998046875,5112.89990234375,5066.0,5112.89990234375,20105,
,2026-03-13 12:00,,,5113.0,5128.5,5032.2001953125,5039.10009765625,54756,
,2026-03-13 16:00,,,5038.7998046875,5068.10009765625,5014.10009765625,5022.0,37428,
,2026-03-13 20:00,,,5022.2998046875,5061.7001953125,5017.0,5061.7001953125,0,
,2026-03-15 20:00,,,5027.60009765625,5030.0,4970.10009765625,5000.60009765625,11366,
,2026-03-16 00:00,,,5001.10009765625,5035.39990234375,4986.0,5022.5,17306,
,2026-03-16 04:00,,,5023.2001953125,5039.7998046875,4992.89990234375,4998.89990234375,15830,
,2026-03-16 08:00,,,4998.7001953125,5028.2001953125,4973.5,5001.89990234375,34858,
,2026-03-16 12:00,,,5001.7001953125,5044.5,4988.5,4991.89990234375,56897,
,2026-03-16 16:00,,,4991.5,5026.5,4978.60009765625,5019.2998046875,27751,
,2026-03-16 20:00,,,5018.89990234375,5028.0,5003.89990234375,5018.0,3690,
,2026-03-17 00:00,,,5018.0,5037.5,4998.7001953125,5030.2998046875,9049,
,2026-03-17 04:00,,,5031.10009765625,5049.39990234375,5009.0,5025.0,16052,
,2026-03-17 08:00,,,5025.2001953125,5033.5,4994.7998046875,5007.2998046875,21570,
,2026-03-17 12:00,,,5007.0,5036.7001953125,4977.0,5002.60009765625,44179,
,2026-03-17 16:00,,,5002.5,5013.7001953125,4995.60009765625,5005.10009765625,20275,
,2026-03-17 20:00,,,5004.89990234375,5011.60009765625,4996.89990234375,5006.60009765625,2280,
,2026-03-18 00:00,,,5006.60009765625,5022.0,4988.5,4992.7001953125,12575,
,2026-03-18 04:00,,,4994.5,5020.5,4984.89990234375,4999.10009765625,14739,
,2026-03-18 08:00,,,4999.0,5001.7001953125,4928.0,4933.2998046875,44619,
,2026-03-18 12:00,,,4933.89990234375,4935.89990234375,4837.10009765625,4866.2998046875,83626,
,2026-03-18 16:00,,,4866.2001953125,4904.5,4841.39990234375,4846.7998046875,41093,
,2026-03-18 20:00,,,4846.5,4852.10009765625,4806.0,4839.2001953125,9852,
,2026-03-19 00:00,,,4838.39990234375,4868.7001953125,4833.7001953125,4852.7001953125,13087,
,2026-03-19 04:00,,,4852.39990234375,4855.7001953125,4727.2998046875,4729.60009765625,31136,
,2026-03-19 08:00,,,4729.2998046875,4742.2001953125,4652.39990234375,4654.39990234375,62223,
,2026-03-19 12:00,,,4654.89990234375,4657.0,4505.0,4598.2998046875,132484,
,2026-03-19 16:00,,,4598.0,4666.89990234375,4576.7001953125,4647.89990234375,48597,
,2026-03-19 20:00,,,4647.5,4679.5,4635.7998046875,4645.5,5576,
,2026-03-20 00:00,,,4645.5,4738.2001953125,4640.5,4725.2001953125,22535,
,2026-03-20 04:00,,,4726.2998046875,4728.0,4661.60009765625,4707.2001953125,22070,
,2026-03-20 08:00,,,4707.7001953125,4736.2998046875,4638.2001953125,4673.39990234375,35858,
,2026-03-20 12:00,,,4673.39990234375,4696.89990234375,4542.10009765625,4555.2998046875,74190,
,2026-03-20 16:00,,,4554.89990234375,4616.2998046875,4478.39990234375,4503.7998046875,56639,
,2026-03-20 20:00,,,4503.5,4574.89990234375,4488.5,4492.0,4003,
,2026-03-22 20:00,,,4511.7001953125,4537.10009765625,4453.2001953125,4465.89990234375,13077,
,2026-03-23 00:00,,,4466.2001953125,4474.7998046875,4322.0,4355.2998046875,61437,
,2026-03-23 04:00,,,4355.89990234375,4385.0,4100.0,4205.7001953125,84146,
,2026-03-23 08:00,,,4206.5,4466.2998046875,4203.60009765625,4379.2001953125,83743,
,2026-03-23 12:00,,,4380.10009765625,4516.5,4338.0,4365.60009765625,94316,
,2026-03-23 16:00,,,4364.10009765625,4469.5,4354.10009765625,4401.5,49293,
,2026-03-23 20:00,,,4400.7001953125,4450.5,4363.5,4442.7998046875,5681,
,2026-03-24 00:00,,,4442.7001953125,4448.39990234375,4306.2998046875,4346.7998046875,26602,
,2026-03-24 04:00,,,4347.39990234375,4437.60009765625,4319.89990234375,4420.2001953125,23398,
,2026-03-24 08:00,,,4420.10009765625,4443.2001953125,4372.39990234375,4408.0,37217,
,2026-03-24 12:00,,,4408.2001953125,4435.0,4350.39990234375,4412.7998046875,66632,
,2026-03-24 16:00,,,4412.39990234375,4428.89990234375,4372.2001953125,4400.89990234375,36822,
,2026-03-24 20:00,,,4400.7998046875,4555.0,4397.7001953125,4549.2001953125,18762,
,2026-03-25 00:00,,,4549.0,4601.0,4540.5,4567.7998046875,39991,
,2026-03-25 04:00,,,4568.5,4573.2001953125,4532.5,4539.0,26161,
,2026-03-25 08:00,,,4539.2001953125,4586.2001953125,4525.7001953125,4577.39990234375,35321,
,2026-03-25 12:00,,,4577.7998046875,4582.5,4519.5,4557.39990234375,69425,
,2026-03-25 16:00,,,4557.10009765625,4566.60009765625,4484.2998046875,4528.7001953125,49361,
,2026-03-25 20:00,,,4528.2998046875,4539.60009765625,4485.60009765625,4495.2998046875,7906,
,2026-03-26 00:00,,,4495.2998046875,4541.60009765625,4495.2001953125,4510.2001953125,14463,
,2026-03-26 04:00,,,4513.2998046875,4520.89990234375,4412.10009765625,4449.39990234375,29704,
,2026-03-26 08:00,,,4448.7001953125,4456.0,4409.2998046875,4419.7001953125,45221,
,2026-03-26 12:00,,,4420.10009765625,4476.60009765625,4412.7001953125,4434.0,74784,
,2026-03-26 16:00,,,4434.0,4438.89990234375,4356.39990234375,4361.2998046875,56379,
,2026-03-26 20:00,,,4361.10009765625,4416.7998046875,4348.2001953125,4400.2998046875,13508,
,2026-03-27 00:00,,,4399.39990234375,4440.2001953125,4370.5,4432.0,4092,
,2026-03-27 04:00,,,4431.7998046875,4483.2001953125,4426.2001953125,4475.2001953125,35997,
,2026-03-27 08:00,,,4475.2998046875,4478.2001953125,4432.2001953125,4447.5,31298,
,2026-03-27 12:00,,,4447.60009765625,4585.2998046875,4439.7998046875,4554.39990234375,78457,
,2026-03-27 16:00,,,4554.60009765625,4563.7998046875,4515.0,4543.10009765625,45097,
,2026-03-27 20:00,,,4543.5,4549.2998046875,4518.89990234375,4521.2998046875,4464,
,2026-03-29 20:00,,,4510.10009765625,4538.89990234375,4472.0,4476.89990234375,9844,
,2026-03-30 00:00,,,4477.0,4548.0,4444.7001953125,4528.10009765625,25619,
,2026-03-30 04:00,,,4526.5,4579.2001953125,4514.89990234375,4555.2001953125,17970,
,2026-03-30 08:00,,,4555.10009765625,4611.39990234375,4551.2998046875,4589.0,24952,
,2026-03-30 12:00,,,4589.5,4609.0,4542.0,4578.10009765625,46067,
,2026-03-30 16:00,,,4578.39990234375,4580.0,4522.7001953125,4543.2001953125,25678,
,2026-03-30 20:00,,,4543.7001953125,4552.5,4520.7998046875,4542.10009765625,4109,
,2026-03-31 00:00,,,4541.39990234375,4649.5,4510.0,4584.89990234375,30662,
,2026-03-31 04:00,,,4585.89990234375,4610.2001953125,4571.7998046875,4594.7001953125,16948,
,2026-03-31 08:00,,,4594.5,4623.89990234375,4558.89990234375,4612.7998046875,25600,
,2026-03-31 12:00,,,4613.2998046875,4662.0,4597.7998046875,4640.0,50286,
,2026-03-31 16:00,,,4640.10009765625,4716.2998046875,4637.5,4713.2998046875,39262,
,2026-03-31 20:00,,,4713.39990234375,4728.7998046875,4690.0,4723.60009765625,6804,
,2026-04-01 00:00,,,4723.60009765625,4751.89990234375,4704.5,4707.0,21782,
,2026-04-01 04:00,,,4707.60009765625,4774.2001953125,4693.0,4739.39990234375,28450,
,2026-04-01 08:00,,,4739.60009765625,4791.5,4737.0,4780.2001953125,23338,
,2026-04-01 12:00,,,4780.2001953125,4816.2001953125,4743.2998046875,4814.39990234375,48997,
,2026-04-01 16:00,,,4814.2998046875,4821.0,4768.2001953125,4791.7001953125,25776,
,2026-04-01 20:00,,,4791.7001953125,4825.89990234375,4776.60009765625,4808.89990234375,5079,
,2026-04-02 00:00,,,4809.2998046875,4823.89990234375,4675.7001953125,4707.10009765625,41662,
,2026-04-02 04:00,,,4703.60009765625,4708.60009765625,4580.39990234375,4668.2001953125,38859,
,2026-04-02 08:00,,,4668.10009765625,4674.5,4618.7998046875,4626.2001953125,23109,
,2026-04-02 12:00,,,4626.60009765625,4726.39990234375,4605.5,4687.5,53494,
,2026-04-02 16:00,,,4686.89990234375,4708.60009765625,4668.60009765625,4697.89990234375,21668,
,2026-04-02 20:00,,,4698.60009765625,4703.60009765625,4690.39990234375,4701.2998046875,1922,
,2026-04-05 20:00,,,4675.0,4699.2998046875,4631.0,4636.7998046875,11036,
,2026-04-06 00:00,,,4637.2001953125,4697.5,4626.2001953125,4666.2998046875,13247,
,2026-04-06 04:00,,,4665.2998046875,4714.2998046875,4665.10009765625,4710.5,10928,
,2026-04-06 08:00,,,4710.39990234375,4733.10009765625,4703.39990234375,4704.60009765625,11821,
,2026-04-06 12:00,,,4704.89990234375,4724.0,4677.39990234375,4693.39990234375,25387,
,2026-04-06 16:00,,,4693.5,4698.0,4671.39990234375,4682.2001953125,14052,
,2026-04-06 20:00,,,4682.60009765625,4694.89990234375,4674.60009765625,4685.89990234375,1779,
,2026-04-07 00:00,,,4685.89990234375,4692.0,4641.39990234375,4674.89990234375,17807,
,2026-04-07 04:00,,,4675.2001953125,4690.2998046875,4648.39990234375,4671.10009765625,15244,
,2026-04-07 08:00,,,4671.2001953125,4721.2001953125,4653.89990234375,4684.60009765625,32157,
,2026-04-07 12:00,,,4685.2001953125,4696.2998046875,4631.89990234375,4681.2998046875,41079,
,2026-04-07 16:00,,,4681.7998046875,4745.7001953125,4678.10009765625,4727.2998046875,30029,
,2026-04-07 20:00,,,4727.2998046875,4863.5,4723.0,4860.7001953125,15648,
,2026-04-08 00:00,,,4860.7001953125,4888.0,4817.2001953125,4828.2001953125,38734,
,2026-04-08 04:00,,,4826.7998046875,4872.2001953125,4819.7998046875,4839.7001953125,25997,
,2026-04-08 08:00,,,4839.89990234375,4846.0,4798.2001953125,4826.39990234375,26799,
,2026-04-08 12:00,,,4826.2998046875,4834.7998046875,4757.60009765625,4782.0,55895,
,2026-04-08 16:00,,,4782.2001953125,4791.10009765625,4720.60009765625,4755.2998046875,33835,
,2026-04-08 20:00,,,4755.2001953125,4757.7001953125,4728.5,4738.7998046875,4060,
,2026-04-09 00:00,,,4739.39990234375,4756.60009765625,4718.60009765625,4735.0,16653,
,2026-04-09 04:00,,,4734.60009765625,4755.2001953125,4727.2001953125,4748.39990234375,19315,
,2026-04-09 08:00,,,4748.2998046875,4782.7001953125,4744.10009765625,4781.2998046875,16056,
,2026-04-09 12:00,,,4781.7001953125,4823.89990234375,4759.60009765625,4817.39990234375,45513,
,2026-04-09 16:00,,,4817.7001953125,4826.0,4790.7001953125,4793.0,24832,
,2026-04-09 20:00,,,4793.0,4810.0,4779.7998046875,4787.0,3378,
,2026-04-10 00:00,,,4786.60009765625,4800.39990234375,4760.39990234375,4789.10009765625,18729,
,2026-04-10 04:00,,,4790.39990234375,4794.60009765625,4764.60009765625,4773.0,11867,
,2026-04-10 08:00,,,4773.2998046875,4792.89990234375,4752.7001953125,4792.0,16319,
,2026-04-10 12:00,,,4792.10009765625,4820.0,4779.2998046875,4785.7998046875,40813,
,2026-04-10 16:00,,,4785.89990234375,4797.7001953125,4768.39990234375,4783.60009765625,22390,
,2026-04-10 20:00,,,4783.5,4783.5,4764.0,4771.0,3254,
,2026-04-12 20:00,,,4688.7001953125,4707.39990234375,4664.60009765625,4693.60009765625,10751,
,2026-04-13 00:00,,,4693.7001953125,4749.5,4686.89990234375,4741.60009765625,15099,
,2026-04-13 04:00,,,4740.0,4762.5,4729.2001953125,4756.39990234375,12199,
,2026-04-13 08:00,,,4756.7001953125,4761.2001953125,4725.2001953125,4729.10009765625,13693,
,2026-04-13 12:00,,,4728.60009765625,4768.0,4722.5,4736.89990234375,33848,
,2026-04-13 16:00,,,4737.2001953125,4774.39990234375,4731.5,4765.5,31988,
,2026-04-13 20:00,,,4765.2998046875,4789.7001953125,4762.2001953125,4781.2998046875,3144,
,2026-04-14 00:00,,,4781.7001953125,4802.7998046875,4775.5,4792.2998046875,10656,
,2026-04-14 04:00,,,4790.0,4820.39990234375,4780.0,4800.2001953125,16245,
,2026-04-14 08:00,,,4799.60009765625,4813.7001953125,4773.2998046875,4797.10009765625,19931,
,2026-04-14 12:00,,,4797.10009765625,4842.0,4784.2001953125,4831.89990234375,44113,
,2026-04-14 16:00,,,4832.10009765625,4870.0,4829.0,4868.7001953125,29162,
,2026-04-14 20:00,,,4869.2001953125,4874.60009765625,4857.2001953125,4861.7001953125,4032,
,2026-04-15 00:00,,,4861.5,4895.39990234375,4841.0,4849.60009765625,18560,
,2026-04-15 04:00,,,4848.0,4854.2998046875,4827.39990234375,4834.10009765625,12868,
,2026-04-15 08:00,,,4833.7998046875,4845.39990234375,4808.39990234375,4835.7001953125,19075,
,2026-04-15 12:00,,,4835.0,4854.60009765625,4807.89990234375,4823.5,29053,
,2026-04-15 16:00,,,4824.0,4835.0,4812.2001953125,4818.2998046875,16958,
,2026-04-15 20:00,,,4818.7001953125,4848.60009765625,4810.5,4845.39990234375,3867,
,2026-04-16 00:00,,,4845.39990234375,4859.7001953125,4832.89990234375,4847.7001953125,12414,
,2026-04-16 04:00,,,4846.2998046875,4861.2998046875,4836.0,4843.0,20584,
,2026-04-16 08:00,,,4842.7998046875,4844.2998046875,4825.60009765625,4843.89990234375,12033,
,2026-04-16 12:00,,,4844.10009765625,4846.2001953125,4792.10009765625,4828.2001953125,38545,
,2026-04-16 16:00,,,4828.60009765625,4831.39990234375,4802.0,4814.5,15864,
,2026-04-16 20:00,,,4814.7998046875,4818.7998046875,4806.0,4812.5,1833,
,2026-04-17 00:00,,,4812.0,4822.2001953125,4785.89990234375,4814.10009765625,10974,
,2026-04-17 04:00,,,4813.89990234375,4827.2001953125,4800.0,4805.5,11985,
,2026-04-17 08:00,,,4806.10009765625,4834.0,4802.60009765625,4822.0,14261,
,2026-04-17 12:00,,,4821.7001953125,4917.7001953125,4819.7998046875,4889.7001953125,70800,
,2026-04-17 16:00,,,4889.5,4896.0,4873.60009765625,4875.5,14934,
,2026-04-17 20:00,,,4875.60009765625,4876.2998046875,4848.0,4849.39990234375,5343,
,2026-04-19 20:00,,,4813.39990234375,4815.0,4752.0,4775.0,11575,
,2026-04-20 00:00,,,4774.39990234375,4834.5,4764.2001953125,4813.2998046875,17137,
,2026-04-20 08:00,,,4879.60009765625,4879.60009765625,4804.60009765625,4830.89990234375,9060,
,2026-04-20 12:00,,,4830.7998046875,4847.89990234375,4811.89990234375,4819.89990234375,39006,
,2026-04-20 16:00,,,4819.7998046875,4832.39990234375,4812.5,4829.10009765625,8691,
